1,,77.4,4 UMa b,2006,2
2,,56.95,6 Lyn b,2008,2
3,,19.84,7 CMa b,2011,2
4,,110.62,11 Com b,2007,2
5,,119.47,11 UMi b,2009,2
6,,76.39,14 And b,2008,2
7,,18.15,14 Her b,2002,2
8,,21.41,16 Cyg B b,1996,2
9,,73.1,18 Del b,2008,2
10,,74.79,24 Sex b,2010,2
11,,74.79,24 Sex c,2010,2
12,,39.43,30 Ari B b,2009,2
13,,97.28,42 Dra b,2008,2
14,,14.08,47 UMa b,1996,2
15,,14.08,47 UMa c,2001,2
16,,14.08,47 UMa d,2009,2
17,,15.36,51 Peg b,1995,2
18,,12.53,55 Cnc b,1996,2
19,,12.53,55 Cnc c,2004,2
20,,12.53,55 Cnc d,2002,2
21,0.178,12.53,55 Cnc e,2011,2
22,,12.53,55 Cnc f,2007,2
23,,8.52,61 Vir b,2009,2
24,,8.52,61 Vir c,2009,2
25,,8.52,61 Vir d,2009,2
26,,18.11,70 Vir b,1996,2
27,,81.5,75 Cet b,2012,2
28,,97.18,81 Cet b,2008,2
29,,45.52,91 Aqr b,2013,2
30,,45.52,AB Pic b,2005,2
31,2.2,165,CT Cha b,2007,2
32,,140,DH Tau b,2004,2
33,,,DP Leo b,2009,2
34,,,FU Tau b,2008,2
35,3,139,GQ Lup b,2004,2
36,1.051,18.39,HN Peg b,2006,2
37,,500,NN Ser c,2010,2
38,,500,NN Ser d,2010,2
39,,,NY Vir b,2011,2
40,,,UZ For b,2011,2
41,,,UZ For c,2011,2
42,,,RR Cae b,2012,2
43,,20.21,alf Ari b,2010,2
44,,1.35,alf Cen B b,2012,2
45,,19.28,bet Pic b,2008,2
46,,3.22,eps Eri b,2000,2
47,,70.42,eps CrB b,2012,2
48,,47.53,eps Tau b,2006,2
49,,38.52,gam 1 Leo b,2009,2
50,,13.79,gam Cep b,2003,2
51,,31.12,kap CrB b,2007,2
52,,52.03,kap And b,2012,2
53,,62.66,xi Aql b,2007,2
54,,46.84,nu Oph b,2012,2
55,,46.84,nu Oph c,2012,2
56,,80.64,ome Ser b,2013,2
57,,84.03,omi CrB b,2012,2
58,,56.31,omi UMa b,2012,2
59,,17.43,rho CrB b,1997,2
60,,15.6,tau Boo b,1996,2
61,,92.51,tau Gem b,2013,2
62,,13.47,ups And b,1996,2
63,,13.47,ups And c,1999,2
64,,13.47,ups And d,1999,2
65,,13.47,ups And e,2010,2
66,1.2,7.69,Fomalhaut b,2008,2
67,1.664,145,1RXS J160929.1-210524 b,2008,2
68,,36,2MASS J01225093-2439505 b,2013,2
69,,140,2MASS J04414489+2301513 b,2010,2
70,,52.4,2MASS J12073346-3932539 b,2004,2
71,0.92,25,2MASS J21402931+1625183 A b,2009,2
72,,37.54,BD-17 63 b,2008,2
73,,,BD-13 2130 b,2007,2
74,,80,BD-10 3166 b,2000,2
75,,42.09,BD-08 2823 b,2009,2
76,,42.09,BD-08 2823 c,2009,2
77,,20.1,BD-06 1339 b,2013,2
78,,20.1,BD-06 1339 c,2013,2
79,,50.03,BD+14 4559 b,2009,2
80,,175.44,BD+15 2940 b,2013,2
81,,,BD+20 2457 b,2009,2
82,,,BD+20 2457 c,2009,2
83,,,BD+20 274 b,2012,2
84,,,BD+48 738 b,2011,2
85,,23.1,CFBDSIR J145829+101343 b,2011,2
86,,,CHXR 73 b,2006,2
87,1.49,,CoRoT-1 b,2008,2
88,1.466,200,CoRoT-2 b,2008,2
89,1.01,680,CoRoT-3 b,2008,2
90,1.19,,CoRoT-4 b,2008,2
91,1.388,,CoRoT-5 b,2009,2
92,1.166,,CoRoT-6 b,2009,2
93,0.15,150,CoRoT-7 b,2009,2
94,,150,CoRoT-7 c,2009,2
95,0.57,380,CoRoT-8 b,2010,2
96,1.05,460,CoRoT-9 b,2009,2
97,0.97,345,CoRoT-10 b,2010,2
98,1.43,560,CoRoT-11 b,2010,2
99,1.44,1150,CoRoT-12 b,2010,2
100,0.885,1060,CoRoT-13 b,2010,2
101,1.09,1340,CoRoT-14 b,2010,2
102,1.17,840,CoRoT-16 b,2011,2
103,1.02,920,CoRoT-17 b,2011,2
104,1.31,870,CoRoT-18 b,2011,2
105,1.29,770,CoRoT-19 b,2011,2
106,0.84,1230,CoRoT-20 b,2011,2
107,1.05,600,CoRoT-23 b,2011,2
108,1.007,,CoRoT-27 b,2014,2
109,,20.77,DENIS-P J082303.1-491201 b,2013,2
110,,10.91,GJ 86 b,1999,2
111,,14.97,GJ 163 b,2013,2
112,,14.97,GJ 163 c,2013,2
113,,14.97,GJ 163 d,2013,2
114,,12.12,GJ 179 b,2009,2
115,,15.1,GJ 317 b,2007,2
116,,20.03,GJ 328 b,2013,2
117,,9.04,GJ 433 b,2011,2
118,0.377,10.23,GJ 436 b,2004,2
119,,17.95,GJ 504 b,2013,2
120,,6.27,GJ 581 b,2005,2
121,,6.27,GJ 581 c,2005,2
122,,6.27,GJ 581 d,2005,2
123,,6.27,GJ 581 e,2005,2
124,,10.32,GJ 649 b,2009,2
125,,6.8,GJ 667 C b,2011,2
126,,6.8,GJ 667 C c,2011,2
127,,6.8,GJ 667 C d,2013,2
128,,6.8,GJ 667 C e,2013,2
129,,6.8,GJ 667 C f,2013,2
130,,6.8,GJ 667 C g,2013,2
131,,4.54,GJ 674 b,2007,2
132,,16.13,GJ 676 A b,2010,2
133,,16.13,GJ 676 A d,2012,2
134,,16.13,GJ 676 A e,2012,2
135,,4.94,GJ 832 b,2008,2
136,,8.77,GJ 849 b,2006,2
137,,4.7,GJ 876 b,1998,2
138,,4.7,GJ 876 c,2000,2
139,,4.7,GJ 876 d,2005,2
140,,4.7,GJ 876 e,2010,2
141,0.203,,GJ 1214 b,2009,2
142,,17.62,GJ 3021 b,2000,2
143,0.37,25.2,GJ 3470 b,2012,2
144,,19.8,GJ 3634 b,2010,2
145,,145,GSC 06214-00210 b,2010,2
146,1.225,139,HAT-P-1 b,2006,2
147,1.157,135.32,HAT-P-2 b,2007,2
148,0.827,138,HAT-P-3 b,2007,2
149,1.274,314,HAT-P-4 b,2007,2
150,1.26,342,HAT-P-5 b,2007,2
151,1.33,261,HAT-P-6 b,2007,2
152,1.5,230,HAT-P-8 b,2008,2
153,1.4,480,HAT-P-9 b,2008,2
154,0.959,142.5,HAT-P-12 b,2009,2
155,1.271,214,HAT-P-13 b,2009,2
156,,214,HAT-P-13 c,2009,2
157,1.15,205,HAT-P-14 b,2010,2
158,1.072,190,HAT-P-15 b,2010,2
159,1.289,235,HAT-P-16 b,2010,2
160,1.01,90,HAT-P-17 b,2010,2
161,,90,HAT-P-17 c,2010,2
162,0.995,166,HAT-P-18 b,2010,2
163,1.132,215,HAT-P-19 b,2010,2
164,0.867,70,HAT-P-20 b,2010,2
165,1.024,254,HAT-P-21 b,2010,2
166,1.08,82,HAT-P-22 b,2010,2
167,1.368,393,HAT-P-23 b,2010,2
168,1.242,396,HAT-P-24 b,2010,2
169,1.19,297,HAT-P-25 b,2010,2
170,0.565,134,HAT-P-26 b,2010,2
171,1.02,204,HAT-P-27 b,2011,2
172,1.212,395,HAT-P-28 b,2011,2
173,1.107,322,HAT-P-29 b,2011,2
174,1.34,193,HAT-P-30 b,2011,2
175,1.07,354,HAT-P-31 b,2011,2
176,1.789,283,HAT-P-32 b,2011,2
177,1.686,387,HAT-P-33 b,2011,2
178,1.197,257,HAT-P-34 b,2011,2
179,1.332,535,HAT-P-35 b,2011,2
180,1.264,317,HAT-P-36 b,2011,2
181,1.178,411,HAT-P-37 b,2011,2
182,0.825,249,HAT-P-38 b,2012,2
183,1.571,642,HAT-P-39 b,2012,2
184,1.73,501,HAT-P-40 b,2012,2
185,1.685,344,HAT-P-41 b,2012,2
186,1.28,447,HAT-P-42 b,2012,2
187,1.281,542,HAT-P-43 b,2012,2
188,1.413,322,HAT-P-49 b,2014,2
189,1.302,303,HATS-1 b,2012,2
190,1.168,360,HATS-2 b,2013,2
191,1.381,453,HATS-3 b,2013,2
192,,25.64,HD 142 b,2001,2
193,,25.64,HD 142 c,2012,2
194,,23.44,HD 1461 b,2009,2
195,,167.5,HD 1502 b,2011,2
196,,7.01,HD 1690 b,2010,2
197,,89.85,HD 2039 b,2002,2
198,,53.71,HD 2638 b,2005,2
199,,115.21,HD 2952 b,2013,2
200,,11.11,HD 3651 b,2003,2
201,,44.05,HD 4113 b,2007,2
202,,32.7,HD 4208 b,2001,2
203,,21.85,HD 4308 b,2005,2
204,,77.82,HD 4203 b,2001,2
205,,77.82,HD 4203 c,2014,2
206,,131.41,HD 4313 b,2009,2
207,,56.5,HD 4732 b,2012,2
208,,56.5,HD 4732 c,2012,2
209,,100,HD 5319 b,2007,2
210,,53.28,HD 5388 b,2009,2
211,,58.17,HD 5608 b,2012,2
212,,150.6,HD 5891 b,2011,2
213,,40.32,HD 6434 b,2003,2
214,,55.01,HD 6718 b,2009,2
215,,35.88,HD 7199 b,2011,2
216,,38.52,HD 7449 b,2011,2
217,,38.52,HD 7449 c,2011,2
218,,16.82,HD 7924 b,2008,2
219,,56.34,HD 8535 b,2010,2
220,,44.15,HD 8574 b,2002,2
221,,38.26,HD 8673 b,2009,2
222,,52.85,HD 9446 b,2009,2
223,,52.85,HD 9446 c,2009,2
224,,39.39,HD 10180 c,2010,2
225,,39.39,HD 10180 d,2010,2
226,,39.39,HD 10180 e,2010,2
227,,39.39,HD 10180 f,2010,2
228,,39.39,HD 10180 g,2010,2
229,,39.39,HD 10180 h,2010,2
230,,17.35,HD 10647 b,2006,2
231,,32.56,HD 10697 b,1999,2
232,,53.82,HD 11506 b,2007,2
233,,53.82,HD 11506 c,2008,2
234,,66.49,HD 11977 b,2005,2
235,,33.98,HD 11964 b,2005,2
236,,33.98,HD 11964 c,2008,2
237,,37.16,HD 12661 b,2000,2
238,,37.16,HD 12661 c,2002,2
239,,300.3,HD 13189 b,2005,2
240,,66.89,HD 13908 b,2013,2
241,,66.89,HD 13908 c,2013,2
242,,45.52,HD 13931 b,2009,2
243,,35.91,HD 16141 b,2000,2
244,,25.54,HD 16417 b,2008,2
245,,59.84,HD 16175 b,2009,2
246,,50.18,HD 16760 b,2009,2
247,,,HD 17092 b,2007,2
248,1.087,78.25,HD 17156 b,2007,2
249,,127.88,HD 18742 b,2011,2
250,,22.38,HD 19994 b,2003,2
251,,6.06,HD 20794 b,2011,2
252,,6.06,HD 20794 c,2011,2
253,,6.06,HD 20794 d,2011,2
254,,36.02,HD 20782 b,2006,2
255,,44.5,HD 20868 b,2008,2
256,,89.13,HD 23127 b,2006,2
257,,34.6,HD 23079 b,2001,2
258,,31.79,HD 22781 b,2011,2
259,,51.97,HD 23596 b,2003,2
260,,46.51,HD 24040 b,2006,2
261,,56.05,HD 25171 b,2010,2
262,,18.24,HD 27442 b,2000,2
263,,44.54,HD 27631 b,2012,2
264,,42.37,HD 27894 b,2005,2
265,,56.18,HD 28254 b,2010,2
266,,39.56,HD 28185 b,2001,2
267,,168.92,HD 28678 b,2011,2
268,,54.71,HD 30177 b,2002,2
269,,26.5,HD 30562 b,2009,2
270,,121.07,HD 30856 b,2011,2
271,,53.82,HD 31253 b,2010,2
272,,117.37,HD 32518 b,2009,2
273,,136.8,HD 33142 b,2011,2
274,,86.88,HD 33283 b,2006,2
275,,20.98,HD 33564 b,2005,2
276,,45.01,HD 34445 b,2009,2
277,,33.24,HD 37124 b,2002,2
278,,33.24,HD 37124 c,2002,2
279,,33.24,HD 37124 d,2005,2
280,,42.88,HD 37605 b,2004,2
281,,42.88,HD 37605 c,2012,2
282,,37.78,HD 38283 b,2010,2
283,,42.43,HD 38529 b,2000,2
284,,42.43,HD 38529 c,2000,2
285,,99.4,HD 38801 b,2009,2
286,,18.21,HD 39091 b,2001,2
287,,12.83,HD 40307 b,2008,2
288,,12.83,HD 40307 c,2008,2
289,,12.83,HD 40307 d,2008,2
290,,12.83,HD 40307 e,2012,2
291,,12.83,HD 40307 f,2012,2
292,,12.83,HD 40307 g,2012,2
293,,33.33,HD 40979 b,2002,2
294,,43.03,HD 41004 A b,2004,2
295,,43.03,HD 41004 B b,2003,2
296,,52.03,HD 41248 b,2013,2
297,,52.03,HD 41248 c,2013,2
298,,54.94,HD 43197 b,2010,2
299,,37.05,HD 43848 b,2008,2
300,,93.2,HD 43691 b,2007,2
301,,50.43,HD 44219 b,2010,2
302,,32.58,HD 45364 b,2008,2
303,,32.58,HD 45364 c,2008,2
304,,48.95,HD 45350 b,2004,2
305,,36.14,HD 45652 b,2008,2
306,,33.41,HD 46375 b,2000,2
307,,37.84,HD 47186 b,2008,2
308,,37.84,HD 47186 c,2008,2
309,,121.36,HD 47536 b,2002,2
310,,87.41,HD 48265 b,2008,2
311,,40.73,HD 49674 b,2002,2
312,,47.26,HD 50499 b,2005,2
313,,31.03,HD 50554 b,2002,2
314,,28.07,HD 52265 b,2000,2
315,,25.7,HD 60532 b,2008,2
316,,25.7,HD 60532 c,2008,2
317,,35.8,HD 63454 b,2005,2
318,,10.34,HD 62509 b,2006,2
319,,32.62,HD 63765 b,2009,2
320,,35.59,HD 65216 b,2003,2
321,,35.59,HD 65216 c,2011,2
322,,80.06,HD 66141 b,2012,2
323,,55.04,HD 66428 b,2005,2
324,,58.82,HD 68988 b,2001,2
325,,12.58,HD 69830 b,2006,2
326,,12.58,HD 69830 c,2006,2
327,,12.58,HD 69830 d,2006,2
328,,,HD 70573 b,2007,2
329,,28.76,HD 70642 b,2003,2
330,,51.36,HD 72659 b,2002,2
331,,53.05,HD 73267 b,2008,2
332,,36.52,HD 73256 b,2003,2
333,,94.61,HD 73526 b,2002,2
334,,94.61,HD 73526 c,2005,2
335,,96.99,HD 73534 b,2008,2
336,,64.56,HD 74156 b,2003,2
337,,64.56,HD 74156 c,2003,2
338,,28.94,HD 75289 b,1999,2
339,,80.58,HD 75898 b,2007,2
340,,59.7,HD 76700 b,2002,2
341,,41.27,HD 77338 b,2012,2
342,,48.64,HD 79498 b,2011,2
343,0.98,29.04,HD 80606 b,2001,2
344,,32.56,HD 81040 b,2005,2
345,,88.26,HD 81688 b,2007,2
346,,27.46,HD 82943 b,2003,2
347,,27.46,HD 82943 c,2003,2
348,,112.23,HD 82886 b,2011,2
349,,43.53,HD 83443 b,2002,2
350,,33.96,HD 85390 b,2009,2
351,,11.15,HD 85512 b,2011,2
352,,91.16,HD 86081 b,2006,2
353,,42.48,HD 86226 b,2009,2
354,,72.57,HD 86264 b,2009,2
355,,18.06,HD 87883 b,2009,2
356,,74.46,HD 88133 b,2004,2
357,,30.88,HD 89307 b,2009,2
358,,38.99,HD 89744 b,1999,2
359,,22.09,HD 90156 b,2009,2
360,,32.32,HD 92788 b,2000,2
361,,28.9,HD 93083 b,2005,2
362,,91.57,HD 95086 b,2013,2
363,,149.03,HD 95089 b,2009,2
364,,132.8,HD 96063 b,2011,2
365,,84.03,HD 96167 b,2009,2
366,,221.24,HD 96127 b,2011,2
367,0.2,21.3,HD 97658 b,2010,2
368,,150.38,HD 98219 b,2011,2
369,,42.77,HD 98649 b,2012,2
370,,60.46,HD 99109 b,2005,2
371,,17.99,HD 99492 b,2004,2
372,,17.99,HD 99492 c,2010,2
373,,130.89,HD 99706 b,2011,2
374,,140.85,HD 100655 b,2011,2
375,,52.8,HD 100777 b,2007,2
376,,30.5,HD 101930 b,2005,2
377,,42,HD 102117 b,2005,2
378,,28.98,HD 102195 b,2006,2
379,,164.2,HD 102272 b,2008,2
380,,9.24,HD 102365 b,2010,2
381,,138.5,HD 102329 b,2011,2
382,,121.07,HD 102956 b,2010,2
383,,49.33,HD 103197 b,2009,2
384,,53.08,HD 103774 b,2013,2
385,,20.82,HD 104067 b,2009,2
386,,102.04,HD 104985 b,2003,2
387,,37.44,HD 106252 b,2002,2
388,,87.87,HD 106270 b,2011,2
389,,36.36,HD 106515 A b,2012,2
390,,91.83,HD 106906 b,2013,2
391,,51.26,HD 107148 b,2005,2
392,,38.56,HD 108147 b,2002,2
393,,138.5,HD 108863 b,2011,2
394,,68.54,HD 108874 b,2002,2
395,,68.54,HD 108874 c,2005,2
396,,65.62,HD 109246 b,2010,2
397,,56.92,HD 109271 b,2013,2
398,,56.92,HD 109271 c,2013,2
399,,59.03,HD 109749 b,2005,2
400,,97.66,HD 110014 b,2009,2
401,,28.88,HD 111232 b,2003,2
402,,37.42,HD 113337 b,2013,2
403,,15.71,HD 113538 b,2010,2
404,,15.71,HD 113538 c,2010,2
405,,28.04,HD 114386 b,2003,2
406,,20.48,HD 114613 b,2014,2
407,,40.57,HD 114762 b,1989,2
408,,20.43,HD 114783 b,2001,2
409,,35,HD 114729 b,2002,2
410,,110.62,HD 116029 b,2011,2
411,,33.01,HD 117207 b,2004,2
412,,38.02,HD 117618 b,2004,2
413,,88.57,HD 118203 b,2005,2
414,,97.66,HD 120084 b,2013,2
415,,44.37,HD 121504 b,2003,2
416,,52.83,HD 125612 b,2007,2
417,,52.83,HD 125612 c,2009,2
418,,52.83,HD 125612 d,2009,2
419,,27.45,HD 125595 b,2009,2
420,,68.35,HD 126614 b,2009,2
421,,16.57,HD 128311 b,2002,2
422,,16.57,HD 128311 c,2005,2
423,,67.61,HD 129445 b,2009,2
424,,29.76,HD 130322 b,1999,2
425,,121.36,HD 131496 b,2011,2
426,,70.97,HD 132406 b,2007,2
427,,98.52,HD 132563 b,2011,2
428,,57.21,HD 131664 b,2008,2
429,,25.65,HD 134987 b,1999,2
430,,25.65,HD 134987 c,2009,2
431,,106.38,HD 136418 b,2009,2
432,,121.36,HD 139357 b,2008,2
433,,38.45,HD 137388 A b,2011,2
434,,33.46,HD 141937 b,2002,2
435,,106.38,HD 142245 b,2011,2
436,,34.57,HD 142415 b,2003,2
437,,59.35,HD 143361 b,2008,2
438,,126.1,HD 145457 b,2010,2
439,,35.87,HD 142022 A b,2005,2
440,,55.19,HD 145377 b,2008,2
441,,42.68,HD 147018 b,2009,2
442,,42.68,HD 147018 c,2009,2
443,,12.87,HD 147513 b,2003,2
444,,53.05,HD 148156 b,2009,2
445,,59.28,HD 148427 b,2009,2
446,0.813,78.86,HD 149026 b,2005,2
447,,63.49,HD 149143 b,2005,2
448,,85.18,HD 152079 b,2009,2
449,,182.82,HD 152581 b,2011,2
450,,51.87,HD 153950 b,2008,2
451,,18.06,HD 154345 b,2006,2
452,,65.79,HD 154672 b,2008,2
453,,68.54,HD 154857 b,2004,2
454,,68.54,HD 154857 c,2014,2
455,,43.4,HD 155358 b,2007,2
456,,43.4,HD 155358 c,2007,2
457,,35.37,HD 156279 b,2011,2
458,,55.1,HD 156411 b,2009,2
459,,24.05,HD 156668 b,2010,2
460,,49,HD 156846 b,2007,2
461,,114.15,HD 158038 b,2011,2
462,,68.59,HD 159243 b,2013,2
463,,68.59,HD 159243 c,2013,2
464,,52.72,HD 159868 b,2006,2
465,,52.72,HD 159868 c,2012,2
466,,15.28,HD 160691 b,2000,2
467,,15.28,HD 160691 c,2004,2
468,,15.28,HD 160691 d,2004,2
469,,15.28,HD 160691 e,2006,2
470,,31.26,HD 162020 b,2002,2
471,,69.44,HD 163607 b,2010,2
472,,69.44,HD 163607 c,2010,2
473,,51.81,HD 164509 b,2010,2
474,,21.92,HD 164922 b,2005,2
475,,37.98,HD 164604 b,2009,2
476,,42.99,HD 166724 b,2012,2
477,,50,HD 167042 b,2007,2
478,,37.88,HD 168443 b,1998,2
479,,37.88,HD 168443 c,2000,2
480,,43.12,HD 168746 b,2002,2
481,,36.32,HD 169830 b,2000,2
482,,36.32,HD 169830 c,2003,2
483,,64.98,HD 170469 b,2007,2
484,,,HD 171028 b,2007,2
485,,44.05,HD 171238 b,2009,2
486,,134.95,HD 173416 b,2008,2
487,,67.02,HD 175167 b,2009,2
488,,127.55,HD 175541 b,2007,2
489,,59.03,HD 177830 b,1999,2
490,,59.03,HD 177830 c,2010,2
491,,46.73,HD 178911 B b,2001,2
492,,63.69,HD 179079 b,2008,2
493,,27.05,HD 179949 b,2000,2
494,,131.75,HD 180314 b,2010,2
495,,114.55,HD 180902 b,2009,2
496,,115.47,HD 181342 b,2009,2
497,,55.93,HD 181720 b,2009,2
498,,26.15,HD 181433 b,2008,2
499,,26.15,HD 181433 c,2008,2
500,,26.15,HD 181433 d,2008,2
501,,52.83,HD 183263 b,2004,2
502,,52.83,HD 183263 c,2008,2
503,,47.37,HD 185269 b,2006,2
504,,47.92,HD 187123 b,1998,2
505,,47.92,HD 187123 c,1999,2
506,,44.98,HD 187085 b,2006,2
507,,52.63,HD 188015 b,2004,2
508,1.151,19.25,HD 189733 b,2005,2
509,,62.11,HD 190228 b,2002,2
510,,15.89,HD 190360 b,2003,2
511,,15.89,HD 190360 c,2005,2
512,,54.23,HD 190647 b,2007,2
513,,189.39,HD 190984 b,2009,2
514,,19.89,HD 192263 b,1999,2
515,,8.82,HD 192310 b,2011,2
516,,8.82,HD 192310 c,2011,2
517,,67.39,HD 192699 b,2007,2
518,,37.35,HD 195019 b,1999,2
519,,46.93,HD 196050 b,2002,2
520,,43.57,HD 196067 b,2012,2
521,,32.99,HD 196885 b,2007,2
522,,32.83,HD 197037 b,2011,2
523,,68.35,HD 200964 b,2010,2
524,,68.35,HD 200964 c,2010,2
525,,46.34,HD 202206 b,2002,2
526,,46.34,HD 202206 c,2004,2
527,,40.85,HD 203030 b,2006,2
528,,47.3,HD 204313 b,2009,2
529,,47.3,HD 204313 d,2012,2
530,,26.95,HD 204941 b,2011,2
531,,90.33,HD 205739 b,2008,2
532,,170.07,HD 206610 b,2009,2
533,,55.31,HD 207832 b,2012,2
534,,55.31,HD 207832 c,2012,2
535,,352.11,HD 208527 b,2012,2
536,,43.99,HD 208487 b,2004,2
537,1.38,47.08,HD 209458 b,1999,2
538,,21.29,HD 210277 b,1998,2
539,,55.93,HD 210702 b,2007,2
540,,121.8,HD 212771 b,2009,2
541,,52.72,HD 212301 b,2005,2
542,,40.75,HD 213240 b,2001,2
543,,43.53,HD 215497 b,2009,2
544,,43.53,HD 215497 c,2009,2
545,,33.29,HD 216435 b,2002,2
546,,26.52,HD 216437 b,2002,2
547,,37.89,HD 216770 b,2003,2
548,,19.72,HD 217107 b,1998,2
549,,19.72,HD 217107 c,2005,2
550,,54.92,HD 217786 b,2010,2
551,,29.94,HD 218566 b,2010,2
552,,29.2,HD 219077 b,2012,2
553,,,HD 219415 b,2012,2
554,,81.1,HD 219828 b,2007,2
555,,289.02,HD 220074 b,2012,2
556,,45.23,HD 220689 b,2012,2
557,,48.43,HD 220773 b,2011,2
558,,52.88,HD 221287 b,2007,2
559,,50.45,HD 222155 b,2011,2
560,,41.95,HD 222582 b,1999,2
561,,94.07,HD 224693 b,2006,2
562,,108.46,HD 231701 b,2007,2
563,,,HD 233604 b,2013,2
564,,,HD 240210 b,2009,2
565,,307.69,HD 240237 b,2011,2
566,,54.92,HD 290327 b,2009,2
567,,9.42,HD 285968 b,2008,2
568,,50.2,HD 330075 b,2004,2
569,,44.8,HIP 5158 b,2009,2
570,,44.8,HIP 5158 c,2011,2
571,,23.8,HIP 12961 b,2010,2
572,,52.88,HIP 14810 b,2005,2
573,,52.88,HIP 14810 c,2006,2
574,,52.88,HIP 14810 d,2009,2
575,,11.03,HIP 57050 b,2010,2
576,,25.87,HIP 57274 b,2011,2
577,,25.87,HIP 57274 c,2011,2
578,,25.87,HIP 57274 d,2011,2
579,1.22,11.43,HIP 63510 c,2010,2
580,,149.25,HIP 63242 b,2013,2
581,,23.98,HIP 70849 b,2009,2
582,,31.33,HIP 75458 b,2002,2
583,,131.93,HIP 78530 b,2010,2
584,,14.9,HIP 79431 b,2009,2
585,,44.46,HIP 91258 b,2013,2
586,,17.24,HR 810 b,1999,2
587,1.2,39.94,HR 8799 b,2008,2
588,1.2,39.94,HR 8799 c,2008,2
589,1.2,39.94,HR 8799 d,2008,2
590,,39.94,HR 8799 e,2010,2
591,1.11,262,KELT-1 b,2012,2
592,1.286,124.22,KELT-2 A b,2012,2
593,1.345,178,KELT-3 b,2013,2
594,1.193,222,KELT-6 b,2014,2
595,1.272,213,TrES-2 b,2006,2
596,1.342,320,HAT-P-7 b,2008,2
597,0.422,38,HAT-P-11 b,2008,2
598,0.357,550,Kepler-4 b,2009,1
599,1.431,,Kepler-5 b,2009,1
600,1.323,,Kepler-6 b,2009,1
601,1.478,,Kepler-7 b,2009,1
602,1.419,1330,Kepler-8 b,2010,1
603,0.842,650,Kepler-9 b,2010,1
604,0.823,650,Kepler-9 c,2010,1
605,0.146,650,Kepler-9 d,2010,1
606,0.126,173,Kepler-10 b,2011,1
607,0.199,173,Kepler-10 c,2011,1
608,0.161,613,Kepler-11 b,2010,1
609,0.256,613,Kepler-11 c,2010,1
610,0.278,613,Kepler-11 d,2010,1
611,0.374,613,Kepler-11 e,2010,1
612,0.222,613,Kepler-11 f,2010,1
613,0.297,613,Kepler-11 g,2010,1
614,1.695,600,Kepler-12 b,2011,1
615,1.83,,KOI-13 b,2011,1
616,1.136,980,Kepler-14 b,2011,1
617,0.96,,Kepler-15 b,2011,1
618,0.754,61,Kepler-16 b,2011,1
619,1.31,800,Kepler-17 b,2011,1
620,0.178,,Kepler-18 b,2011,1
621,0.49,,Kepler-18 c,2011,1
622,0.623,,Kepler-18 d,2011,1
623,0.197,2119,Kepler-19 b,2011,1
624,,2119,Kepler-19 c,2011,1
625,0.17,290,Kepler-20 b,2011,1
626,0.274,290,Kepler-20 c,2011,1
627,0.245,290,Kepler-20 d,2011,1
628,0.077,290,Kepler-20 e,2011,1
629,0.092,290,Kepler-20 f,2011,1
630,0.146,108,Kepler-21 b,2011,1
631,0.212,190,Kepler-22 b,2011,1
632,0.17,800,Kepler-23 b,2011,1
633,0.285,800,Kepler-23 c,2011,1
634,0.196,800,Kepler-23 d,2014,1
635,0.214,1200,Kepler-24 b,2011,1
636,0.25,1200,Kepler-24 c,2011,1
637,0.149,1200,Kepler-24 d,2014,1
638,0.248,1200,Kepler-24 e,2014,1
639,0.232,,Kepler-25 b,2011,1
640,0.401,,Kepler-25 c,2011,1
641,,,Kepler-25 d,2014,1
642,0.321,,Kepler-26 b,2011,1
643,0.321,,Kepler-26 c,2011,1
644,0.095,,Kepler-26 d,2014,1
645,0.215,,Kepler-26 e,2014,1
646,0.357,,Kepler-27 b,2011,1
647,0.437,,Kepler-27 c,2011,1
648,0.321,,Kepler-28 b,2011,1
649,0.303,,Kepler-28 c,2011,1
650,0.321,1400,Kepler-29 b,2011,1
651,0.259,1400,Kepler-29 c,2011,1
652,0.348,1400,Kepler-30 b,2012,1
653,1.097,1400,Kepler-30 c,2012,1
654,0.785,1400,Kepler-30 d,2012,1
655,0.491,2100,Kepler-31 b,2011,1
656,0.473,2100,Kepler-31 c,2011,1
657,0.407,2100,Kepler-31 d,2014,1
658,0.196,303,Kepler-32 b,2011,1
659,0.178,303,Kepler-32 c,2011,1
660,0.241,303,Kepler-32 d,2012,1
661,0.134,303,Kepler-32 e,2012,1
662,0.072,303,Kepler-32 f,2012,1
663,0.155,,Kepler-33 b,2011,1
664,0.285,,Kepler-33 c,2011,1
665,0.477,,Kepler-33 d,2011,1
666,0.359,,Kepler-33 e,2011,1
667,0.398,,Kepler-33 f,2011,1
668,0.764,1499,Kepler-34 b,2011,1
669,0.728,1645,Kepler-35 b,2011,1
670,0.133,470,Kepler-36 b,2012,1
671,0.328,470,Kepler-36 c,2012,1
672,0.027,66,Kepler-37 b,2013,1
673,0.066,66,Kepler-37 c,2013,1
674,0.178,66,Kepler-37 d,2013,1
675,0.384,600,Kepler-38 b,2012,1
676,1.22,1200,Kepler-39 b,2011,1
677,1.17,2700,Kepler-40 b,2010,1
678,0.89,770,Kepler-41 b,2011,1
679,0.07,38.7,Kepler-42 b,2011,1
680,0.065,38.7,Kepler-42 c,2011,1
681,0.051,38.7,Kepler-42 d,2011,1
682,1.2,1950,Kepler-43 b,2011,1
683,1.24,2250,Kepler-44 b,2011,1
684,0.96,333,Kepler-45 b,2011,1
685,0.808,855,Kepler-46 b,2012,1
686,,855,Kepler-46 c,2012,1
687,0.146,855,Kepler-46 d,2014,1
688,0.27,1500,Kepler-47 b,2012,1
689,0.411,1500,Kepler-47 c,2012,1
690,0.191,,Kepler-48 b,2012,1
691,0.28,,Kepler-48 c,2012,1
692,0.182,,Kepler-48 d,2014,1
693,,,Kepler-48 e,2014,1
694,0.243,,Kepler-49 b,2012,1
695,0.227,,Kepler-49 c,2012,1
696,0.143,,Kepler-49 d,2014,1
697,0.139,,Kepler-49 e,2014,1
698,0.153,,Kepler-50 b,2012,1
699,0.194,,Kepler-50 c,2012,1
700,0.633,,Kepler-51 b,2012,1
701,0.803,,Kepler-51 c,2012,1
702,0.865,,KOI-620.02,2014,1
703,0.187,,Kepler-52 b,2012,1
704,0.164,,Kepler-52 c,2012,1
705,0.174,,Kepler-52 d,2014,1
706,0.258,,Kepler-53 b,2012,1
707,0.283,,Kepler-53 c,2012,1
708,0.189,,Kepler-53 d,2014,1
709,0.187,,Kepler-54 b,2012,1
710,0.11,,Kepler-54 c,2012,1
711,0.136,,Kepler-54 d,2014,1
712,0.217,,Kepler-55 b,2012,1
713,0.197,,Kepler-55 c,2012,1
714,0.142,,Kepler-55 d,2014,1
715,0.138,,Kepler-55 e,2014,1
716,0.142,,Kepler-55 f,2014,1
717,0.581,,Kepler-56 b,2012,1
718,0.874,,Kepler-56 c,2012,1
719,0.195,,Kepler-57 b,2012,1
720,0.138,,Kepler-57 c,2012,1
721,0.248,,Kepler-58 b,2012,1
722,0.255,,Kepler-58 c,2012,1
723,0.262,,Kepler-58 d,2014,1
724,0.098,,Kepler-59 b,2012,1
725,0.177,,Kepler-59 c,2012,1
726,0.203,,Kepler-60 b,2012,1
727,0.22,,Kepler-60 c,2012,1
728,0.227,,Kepler-60 d,2012,1
729,0.192,,Kepler-61 b,2013,1
730,0.117,368,Kepler-62 b,2013,1
731,0.048,368,Kepler-62 c,2013,1
732,0.174,368,Kepler-62 d,2013,1
733,0.144,368,Kepler-62 e,2013,1
734,0.126,368,Kepler-62 f,2013,1
735,0.545,200,Kepler-63 b,2013,1
736,0.551,1000,PH1 b,2012,2
737,0.127,,Kepler-65 b,2012,1
738,0.23,,Kepler-65 c,2012,1
739,0.136,,Kepler-65 d,2012,1
740,0.25,1107,Kepler-66 b,2013,1
741,0.262,1107,Kepler-67 b,2013,1
742,0.206,135,Kepler-68 b,2012,1
743,0.085,135,Kepler-68 c,2012,1
744,,135,Kepler-68 d,2012,1
745,0.2,,Kepler-69 b,2013,1
746,0.153,,Kepler-69 c,2013,1
747,0.068,1180,KOI-55 b,2011,1
748,0.077,1180,KOI-55 c,2011,1
749,1.11,800,KOI-217 b,2010,1
750,1.32,1330,Kepler-74 b,2013,1
751,1.03,1140,Kepler-75 b,2013,1
752,1.25,,Kepler-76 b,2013,1
753,0.96,570,Kepler-77 b,2013,1
754,0.105,,Kepler-78 b,2013,1
755,0.231,,Kepler-79 b,2012,1
756,0.247,,Kepler-79 c,2012,1
757,0.677,,Kepler-79 d,2014,1
758,0.3,,Kepler-79 e,2014,1
759,0.236,,Kepler-80 b,2012,1
760,0.249,,Kepler-80 c,2012,1
761,0.155,,Kepler-80 d,2014,1
762,0.146,,Kepler-80 e,2014,1
763,0.216,,Kepler-81 b,2012,1
764,0.211,,Kepler-81 c,2012,1
765,0.108,,Kepler-81 d,2014,1
766,0.357,,Kepler-82 b,2012,1
767,0.477,,Kepler-82 c,2012,1
768,0.158,,Kepler-82 d,2014,1
769,0.22,,Kepler-82 e,2014,1
770,0.252,,Kepler-83 b,2012,1
771,0.211,,Kepler-83 c,2012,1
772,0.173,,Kepler-83 d,2014,1
773,0.199,,Kepler-84 b,2012,1
774,0.211,,Kepler-84 c,2012,1
775,0.123,,Kepler-84 d,2014,1
776,0.232,,Kepler-84 e,2014,1
777,0.196,,Kepler-84 f,2014,1
778,0.176,,Kepler-85 b,2012,1
779,0.194,,Kepler-85 c,2012,1
780,0.107,,Kepler-85 d,2014,1
781,0.113,,Kepler-85 e,2014,1
782,0.903,,PH2 b,2013,2
783,1.204,,Kepler-87 b,2013,1
784,0.548,,Kepler-87 c,2013,1
785,0.337,339,KOI-142 b,2013,1
786,,339,KOI-142 c,2013,1
787,0.153,,KOI-94 b,2013,1
788,0.385,,KOI-94 c,2013,1
789,1.005,,KOI-94 d,2013,1
790,0.585,,KOI-94 e,2013,1
791,0.117,780,KOI-351 b,2013,1
792,0.106,780,KOI-351 c,2013,1
793,0.256,780,KOI-351 d,2013,1
794,0.237,780,KOI-351 e,2013,1
795,0.257,780,KOI-351 f,2013,1
796,0.723,780,KOI-351 g,2013,1
797,1.008,780,KOI-351 h,2013,1
798,1.384,1030,Kepler-91 b,2013,1
799,0.313,,Kepler-92 b,2013,1
800,0.232,,Kepler-92 c,2013,1
801,0.134,,Kepler-93 b,2014,1
802,,,Kepler-93 c,2014,1
803,0.313,,Kepler-94 b,2014,1
804,,,Kepler-94 c,2014,1
805,0.305,,Kepler-95 b,2014,1
806,0.238,,Kepler-96 b,2014,1
807,0.132,,Kepler-97 b,2014,1
808,,,Kepler-97 c,2014,1
809,0.178,,Kepler-98 b,2014,1
810,0.132,,Kepler-99 b,2014,1
811,0.118,,Kepler-100 b,2014,1
812,0.196,,Kepler-100 c,2014,1
813,0.144,,Kepler-100 d,2014,1
814,0.524,,Kepler-101 b,2014,1
815,0.119,,Kepler-101 c,2014,1
816,0.042,,Kepler-102 b,2014,1
817,0.052,,Kepler-102 c,2014,1
818,0.105,,Kepler-102 d,2014,1
819,0.198,,Kepler-102 e,2013,1
820,0.079,,Kepler-102 f,2014,1
821,0.301,,Kepler-103 b,2014,1
822,0.459,,Kepler-103 c,2014,1
823,0.277,,Kepler-104 b,2014,1
824,0.279,,Kepler-104 c,2014,1
825,0.319,,Kepler-104 d,2014,1
826,0.429,,Kepler-105 b,2013,1
827,0.144,,Kepler-105 c,2014,1
828,0.073,,Kepler-106 b,2014,1
829,0.223,,Kepler-106 c,2014,1
830,0.085,,Kepler-106 d,2014,1
831,0.228,,Kepler-106 e,2014,1
832,0.139,,Kepler-107 b,2014,1
833,0.161,,Kepler-107 c,2014,1
834,0.095,,Kepler-107 d,2014,1
835,0.308,,Kepler-107 e,2014,1
836,0.772,,Kepler-108 b,2014,1
837,0.73,,Kepler-108 c,2014,1
838,0.211,,Kepler-109 b,2014,1
839,0.225,,Kepler-109 c,2014,1
840,0.163,,Kepler-110 b,2014,1
841,0.197,,Kepler-110 c,2014,1
842,0.141,,Kepler-111 b,2014,1
843,0.651,,Kepler-111 c,2014,1
844,0.211,,Kepler-112 b,2014,1
845,0.214,,Kepler-112 c,2014,1
846,0.162,,Kepler-113 b,2014,1
847,0.194,,Kepler-113 c,2014,1
848,0.112,,Kepler-114 b,2014,1
849,0.143,,Kepler-114 c,2013,1
850,0.226,,Kepler-114 d,2013,1
851,0.097,,Kepler-115 b,2014,1
852,0.232,,Kepler-115 c,2014,1
853,0.305,,Kepler-116 b,2014,1
854,0.205,,Kepler-116 c,2014,1
855,0.697,,Kepler-117 b,2014,1
856,1.008,,Kepler-117 c,2014,1
857,0.175,,Kepler-118 b,2014,1
858,0.685,,Kepler-118 c,2014,1
859,0.321,,Kepler-119 b,2014,1
860,0.082,,Kepler-119 c,2014,1
861,0.192,,Kepler-120 b,2014,1
862,0.136,,Kepler-120 c,2014,1
863,0.209,,Kepler-121 b,2014,1
864,0.203,,Kepler-121 c,2014,1
865,0.209,,Kepler-122 b,2014,1
866,0.524,,Kepler-122 c,2014,1
867,0.196,,Kepler-122 d,2014,1
868,0.232,,Kepler-122 e,2014,1
869,0.262,,Kepler-123 b,2014,1
870,0.132,,Kepler-123 c,2014,1
871,0.065,,Kepler-124 b,2014,1
872,0.156,,Kepler-124 c,2014,1
873,0.099,,Kepler-124 d,2014,1
874,0.211,,Kepler-125 b,2014,1
875,0.066,,Kepler-125 c,2014,1
876,0.136,,Kepler-126 b,2014,1
877,0.141,,Kepler-126 c,2014,1
878,0.223,,Kepler-126 d,2014,1
879,0.125,,Kepler-127 b,2014,1
880,0.237,,Kepler-127 c,2014,1
881,0.236,,Kepler-127 d,2014,1
882,0.101,,Kepler-128 b,2013,1
883,0.101,,Kepler-128 c,2013,1
884,0.211,,Kepler-129 b,2014,1
885,0.227,,Kepler-129 c,2014,1
886,0.091,,Kepler-130 b,2014,1
887,0.259,,Kepler-130 c,2013,1
888,0.146,,Kepler-130 d,2014,1
889,0.215,,Kepler-131 b,2014,1
890,0.075,,Kepler-131 c,2014,1
891,0.108,,Kepler-132 b,2014,1
892,0.114,,Kepler-132 c,2014,1
893,0.138,,Kepler-132 d,2014,1
894,0.157,,Kepler-133 b,2014,1
895,0.253,,Kepler-133 c,2014,1
896,0.178,,Kepler-134 b,2014,1
897,0.112,,Kepler-134 c,2014,1
898,0.161,,Kepler-135 b,2014,1
899,0.103,,Kepler-135 c,2014,1
900,0.183,,Kepler-136 b,2014,1
901,0.178,,Kepler-136 c,2014,1
902,0.131,,Kepler-137 b,2014,1
903,0.168,,Kepler-137 c,2014,1
904,0.054,,Kepler-138 b,2014,1
905,0.144,,Kepler-138 c,2014,1
906,0.144,,Kepler-138 d,2014,1
907,0.262,,Kepler-139 b,2014,1
908,0.302,,Kepler-139 c,2014,1
909,0.144,,Kepler-140 b,2014,1
910,0.161,,Kepler-140 c,2014,1
911,0.062,,Kepler-141 b,2014,1
912,0.126,,Kepler-141 c,2014,1
913,0.178,,Kepler-142 b,2014,1
914,0.255,,Kepler-142 c,2014,1
915,0.193,,Kepler-142 d,2014,1
916,0.215,,Kepler-143 b,2014,1
917,0.301,,Kepler-143 c,2014,1
918,0.119,,Kepler-144 b,2014,1
919,0.12,,Kepler-144 c,2014,1
920,0.236,,Kepler-145 b,2013,1
921,0.385,,Kepler-145 c,2013,1
922,0.331,,Kepler-146 b,2014,1
923,0.279,,Kepler-146 c,2014,1
924,0.136,,Kepler-147 b,2014,1
925,0.217,,Kepler-147 c,2014,1
926,0.161,,Kepler-148 b,2014,1
927,0.321,,Kepler-148 c,2014,1
928,0.376,,Kepler-149 b,2014,1
929,0.144,,Kepler-149 c,2014,1
930,0.353,,Kepler-149 d,2014,1
931,0.112,,Kepler-150 b,2014,1
932,0.329,,Kepler-150 c,2014,1
933,0.249,,Kepler-150 d,2014,1
934,0.278,,Kepler-150 e,2014,1
935,0.273,,Kepler-151 b,2014,1
936,0.186,,Kepler-151 c,2014,1
937,0.249,,Kepler-152 b,2014,1
938,0.213,,Kepler-152 c,2014,1
939,0.261,,Kepler-153 b,2014,1
940,0.226,,Kepler-153 c,2014,1
941,0.202,,Kepler-154 b,2014,1
942,0.263,,Kepler-154 c,2014,1
943,0.186,,Kepler-155 b,2014,1
944,0.2,,Kepler-155 c,2014,1
945,0.205,,Kepler-156 b,2014,1
946,0.227,,Kepler-156 c,2014,1
947,0.118,,Kepler-157 b,2014,1
948,0.2,,Kepler-157 c,2014,1
949,0.189,,Kepler-158 b,2014,1
950,0.17,,Kepler-158 c,2014,1
951,0.212,,Kepler-159 b,2014,1
952,0.304,,Kepler-159 c,2014,1
953,0.137,,Kepler-160 b,2014,1
954,0.322,,Kepler-160 c,2014,1
955,0.189,,Kepler-161 b,2014,1
956,0.183,,Kepler-161 c,2014,1
957,0.112,,Kepler-162 b,2014,1
958,0.27,,Kepler-162 c,2014,1
959,0.094,,Kepler-163 b,2014,1
960,0.202,,Kepler-163 c,2014,1
961,0.126,,Kepler-164 b,2014,1
962,0.244,,Kepler-164 c,2014,1
963,0.219,,Kepler-164 d,2014,1
964,0.207,,Kepler-165 b,2014,1
965,0.199,,Kepler-165 c,2014,1
966,0.203,,Kepler-166 b,2014,1
967,0.212,,Kepler-166 c,2014,1
968,0.129,,Kepler-167 b,2014,1
969,0.122,,Kepler-167 c,2014,1
970,0.13,,Kepler-168 b,2014,1
971,0.24,,Kepler-168 c,2014,1
972,0.101,,Kepler-169 b,2014,1
973,0.108,,Kepler-169 c,2014,1
974,0.112,,Kepler-169 d,2014,1
975,0.196,,Kepler-169 e,2014,1
976,0.23,,Kepler-169 f,2014,1
977,0.285,,Kepler-170 b,2014,1
978,0.255,,Kepler-170 c,2014,1
979,0.209,,Kepler-171 b,2014,1
980,0.228,,Kepler-171 c,2014,1
981,0.169,,Kepler-171 d,2014,1
982,0.21,,Kepler-172 b,2014,1
983,0.255,,Kepler-172 c,2014,1
984,0.201,,Kepler-172 d,2014,1
985,0.246,,Kepler-172 e,2014,1
986,0.115,,Kepler-173 b,2014,1
987,0.217,,Kepler-173 c,2014,1
988,0.175,,Kepler-174 b,2014,1
989,0.133,,Kepler-174 c,2014,1
990,0.195,,Kepler-174 d,2014,1
991,0.228,,Kepler-175 b,2014,1
992,0.277,,Kepler-175 c,2014,1
993,0.128,,Kepler-176 b,2014,1
994,0.232,,Kepler-176 c,2014,1
995,0.224,,Kepler-176 d,2014,1
996,0.259,,Kepler-177 b,2013,1
997,0.633,,Kepler-177 c,2013,1
998,0.259,,Kepler-178 b,2014,1
999,0.257,,Kepler-178 c,2014,1
1000,0.352,,Kepler-178 d,2014,1
1001,0.146,,Kepler-179 b,2014,1
1002,0.178,,Kepler-179 c,2014,1
1003,0.134,,Kepler-180 b,2014,1
1004,0.269,,Kepler-180 c,2014,1
1005,0.113,,Kepler-181 b,2014,1
1006,0.178,,Kepler-181 c,2014,1
1007,0.23,,Kepler-182 b,2014,1
1008,0.306,,Kepler-182 c,2014,1
1009,0.184,,Kepler-183 b,2014,1
1010,0.203,,Kepler-183 c,2014,1
1011,0.211,,Kepler-184 b,2014,1
1012,0.176,,Kepler-184 c,2014,1
1013,0.222,,Kepler-184 d,2014,1
1014,0.104,,Kepler-185 b,2014,1
1015,0.18,,Kepler-185 c,2014,1
1016,0.102,,Kepler-186 b,2014,1
1017,0.12,,Kepler-186 c,2014,1
1018,0.139,,Kepler-186 d,2014,1
1019,0.119,,Kepler-186 e,2014,1
1020,0.126,,Kepler-187 b,2014,1
1021,0.238,,Kepler-187 c,2014,1
1022,0.15,,Kepler-188 b,2014,1
1023,0.285,,Kepler-188 c,2014,1
1024,0.108,,Kepler-189 b,2014,1
1025,0.212,,Kepler-189 c,2014,1
1026,0.139,,Kepler-190 b,2014,1
1027,0.13,,Kepler-190 c,2014,1
1028,0.12,,Kepler-191 b,2014,1
1029,0.166,,Kepler-191 c,2014,1
1030,0.244,,Kepler-192 b,2014,1
1031,0.249,,Kepler-192 c,2014,1
1032,0.213,,Kepler-193 b,2014,1
1033,0.245,,Kepler-193 c,2014,1
1034,0.135,,Kepler-194 b,2014,1
1035,0.231,,Kepler-194 c,2014,1
1036,0.214,,Kepler-194 d,2014,1
1037,0.181,,Kepler-195 b,2014,1
1038,0.138,,Kepler-195 c,2014,1
1039,0.17,,Kepler-196 b,2014,1
1040,0.2,,Kepler-196 c,2014,1
1041,0.091,,Kepler-197 b,2014,1
1042,0.11,,Kepler-197 c,2014,1
1043,0.109,,Kepler-197 d,2014,1
1044,0.081,,Kepler-197 e,2014,1
1045,0.252,,Kepler-198 b,2014,1
1046,0.22,,Kepler-198 c,2014,1
1047,0.277,,Kepler-199 b,2014,1
1048,0.29,,Kepler-199 c,2014,1
1049,0.19,,Kepler-200 b,2014,1
1050,0.142,,Kepler-200 c,2014,1
1051,0.219,,Kepler-201 b,2014,1
1052,0.254,,Kepler-201 c,2014,1
1053,0.145,,Kepler-202 b,2014,1
1054,0.165,,Kepler-202 c,2014,1
1055,0.229,,Kepler-203 b,2014,1
1056,0.22,,Kepler-203 c,2014,1
1057,0.128,,Kepler-203 d,2014,1
1058,0.226,,Kepler-204 b,2014,1
1059,0.16,,Kepler-204 c,2014,1
1060,0.135,,Kepler-205 b,2014,1
1061,0.146,,Kepler-205 c,2014,1
1062,0.107,,Kepler-206 b,2014,1
1063,0.158,,Kepler-206 c,2014,1
1064,0.106,,Kepler-206 d,2014,1
1065,0.14,,Kepler-207 b,2014,1
1066,0.134,,Kepler-207 c,2014,1
1067,0.295,,Kepler-207 d,2014,1
1068,0.145,,Kepler-208 b,2014,1
1069,0.124,,Kepler-208 c,2014,1
1070,0.107,,Kepler-208 d,2014,1
1071,0.132,,Kepler-208 e,2014,1
1072,0.202,,Kepler-209 b,2014,1
1073,0.277,,Kepler-209 c,2014,1
1074,0.262,,Kepler-210 b,2014,1
1075,0.323,,Kepler-210 c,2014,1
1076,0.112,,Kepler-211 b,2014,1
1077,0.115,,Kepler-211 c,2014,1
1078,0.097,,Kepler-212 b,2014,1
1079,0.244,,Kepler-212 c,2014,1
1080,0.145,,Kepler-213 b,2014,1
1081,0.209,,Kepler-213 c,2014,1
1082,0.233,,Kepler-214 b,2014,1
1083,0.19,,Kepler-214 c,2014,1
1084,0.145,,Kepler-215 b,2014,1
1085,0.158,,Kepler-215 c,2014,1
1086,0.213,,Kepler-215 d,2014,1
1087,0.156,,Kepler-215 e,2014,1
1088,0.21,,Kepler-216 b,2014,1
1089,0.271,,Kepler-216 c,2014,1
1090,0.199,,Kepler-217 b,2014,1
1091,0.165,,Kepler-217 c,2014,1
1092,0.132,,Kepler-218 b,2014,1
1093,0.28,,Kepler-218 c,2014,1
1094,0.263,,Kepler-219 b,2014,1
1095,0.319,,Kepler-219 c,2014,1
1096,0.251,,Kepler-219 d,2014,1
1097,0.072,,Kepler-220 b,2014,1
1098,0.14,,Kepler-220 c,2014,1
1099,0.087,,Kepler-220 d,2014,1
1100,0.119,,Kepler-220 e,2014,1
1101,0.153,,Kepler-221 b,2014,1
1102,0.261,,Kepler-221 c,2014,1
1103,0.244,,Kepler-221 d,2014,1
1104,0.235,,Kepler-221 e,2014,1
1105,0.282,,Kepler-222 b,2014,1
1106,0.414,,Kepler-222 c,2014,1
1107,0.329,,Kepler-222 d,2014,1
1108,0.151,,Kepler-223 b,2014,1
1109,0.178,,Kepler-223 c,2014,1
1110,0.266,,Kepler-223 d,2014,1
1111,0.214,,Kepler-223 e,2014,1
1112,0.124,,Kepler-224 b,2014,1
1113,0.278,,Kepler-224 c,2014,1
1114,0.205,,Kepler-224 d,2014,1
1115,0.176,,Kepler-224 e,2014,1
1116,0.107,,Kepler-225 b,2014,1
1117,0.164,,Kepler-225 c,2014,1
1118,0.138,,Kepler-226 b,2014,1
1119,0.203,,Kepler-226 c,2014,1
1120,0.109,,Kepler-226 d,2014,1
1121,0.277,,Kepler-227 b,2014,1
1122,0.271,,Kepler-227 c,2014,1
1123,0.136,,Kepler-228 b,2014,1
1124,0.241,,Kepler-228 c,2014,1
1125,0.36,,Kepler-228 d,2014,1
1126,0.196,,Kepler-229 b,2014,1
1127,0.439,,Kepler-229 c,2014,1
1128,0.343,,Kepler-229 d,2014,1
1129,0.38,,Kepler-230 b,2014,1
1130,0.182,,Kepler-230 c,2014,1
1131,0.154,,Kepler-231 b,2014,1
1132,0.172,,Kepler-231 c,2014,1
1133,0.275,,Kepler-232 b,2014,1
1134,0.342,,Kepler-232 c,2014,1
1135,0.217,,Kepler-233 b,2014,1
1136,0.242,,Kepler-233 c,2014,1
1137,0.33,,Kepler-234 b,2014,1
1138,0.313,,Kepler-234 c,2014,1
1139,0.199,,Kepler-235 b,2014,1
1140,0.114,,Kepler-235 c,2014,1
1141,0.183,,Kepler-235 d,2014,1
1142,0.198,,Kepler-235 e,2014,1
1143,0.14,,Kepler-236 b,2014,1
1144,0.178,,Kepler-236 c,2014,1
1145,0.126,,Kepler-237 b,2014,1
1146,0.186,,Kepler-237 c,2014,1
1147,0.154,,Kepler-238 b,2014,1
1148,0.213,,Kepler-238 c,2014,1
1149,0.274,,Kepler-238 d,2014,1
1150,0.5,,Kepler-238 e,2013,1
1151,0.178,,Kepler-238 f,2013,1
1152,0.208,,Kepler-239 b,2014,1
1153,0.224,,Kepler-239 c,2014,1
1154,0.122,,Kepler-240 b,2014,1
1155,0.196,,Kepler-240 c,2014,1
1156,0.208,,Kepler-241 b,2014,1
1157,0.229,,Kepler-241 c,2014,1
1158,0.233,,Kepler-242 b,2014,1
1159,0.178,,Kepler-242 c,2014,1
1160,0.219,,Kepler-243 b,2014,1
1161,0.178,,Kepler-243 c,2014,1
1162,0.246,,Kepler-244 b,2014,1
1163,0.183,,Kepler-244 c,2014,1
1164,0.206,,Kepler-244 d,2014,1
1165,0.229,,Kepler-245 b,2014,1
1166,0.194,,Kepler-245 c,2014,1
1167,0.27,,Kepler-245 d,2014,1
1168,0.209,,Kepler-246 b,2014,1
1169,0.134,,Kepler-246 c,2014,1
1170,0.146,,Kepler-247 b,2014,1
1171,0.365,,Kepler-247 c,2014,1
1172,0.352,,Kepler-247 d,2014,1
1173,0.269,,Kepler-248 b,2014,1
1174,0.363,,Kepler-248 c,2014,1
1175,0.097,,Kepler-249 b,2014,1
1176,0.135,,Kepler-249 c,2014,1
1177,0.14,,Kepler-249 d,2014,1
1178,0.101,,Kepler-250 b,2014,1
1179,0.203,,Kepler-250 c,2014,1
1180,0.194,,Kepler-250 d,2014,1
1181,0.119,,Kepler-251 b,2014,1
1182,0.247,,Kepler-251 c,2014,1
1183,0.247,,Kepler-251 d,2014,1
1184,0.247,,Kepler-251 e,2014,1
1185,0.11,,Kepler-252 b,2014,1
1186,0.192,,Kepler-252 c,2014,1
1187,0.145,,Kepler-253 b,2014,1
1188,0.236,,Kepler-253 c,2014,1
1189,0.283,,Kepler-253 d,2014,1
1190,0.345,,Kepler-254 b,2014,1
1191,0.192,,Kepler-254 c,2014,1
1192,0.223,,Kepler-254 d,2014,1
1193,0.138,,Kepler-255 b,2014,1
1194,0.267,,Kepler-255 c,2014,1
1195,0.142,,Kepler-256 b,2014,1
1196,0.192,,Kepler-256 c,2014,1
1197,0.221,,Kepler-256 d,2014,1
1198,0.21,,Kepler-256 e,2014,1
1199,0.233,,Kepler-257 b,2014,1
1200,0.483,,Kepler-257 c,2014,1
1201,0.442,,Kepler-257 d,2014,1
1202,0.362,,Kepler-258 b,2014,1
1203,0.322,,Kepler-258 c,2014,1
1204,0.25,,Kepler-259 b,2014,1
1205,0.241,,Kepler-259 c,2014,1
1206,0.179,,Kepler-260 b,2014,1
1207,0.155,,Kepler-260 c,2014,1
1208,0.194,,Kepler-261 b,2014,1
1209,0.178,,Kepler-261 c,2014,1
1210,0.121,,Kepler-262 b,2014,1
1211,0.146,,Kepler-262 c,2014,1
1212,0.238,,Kepler-263 b,2014,1
1213,0.22,,Kepler-263 c,2014,1
1214,0.297,,Kepler-264 b,2014,1
1215,0.252,,Kepler-264 c,2014,1
1216,0.166,,Kepler-265 b,2014,1
1217,0.235,,Kepler-265 c,2014,1
1218,0.222,,Kepler-265 d,2014,1
1219,0.231,,Kepler-265 e,2014,1
1220,0.221,,Kepler-266 b,2014,1
1221,0.347,,Kepler-266 c,2014,1
1222,0.177,,Kepler-267 b,2014,1
1223,0.19,,Kepler-267 c,2014,1
1224,0.203,,Kepler-267 d,2014,1
1225,0.227,,Kepler-268 b,2014,1
1226,0.302,,Kepler-268 c,2014,1
1227,0.22,,Kepler-269 b,2014,1
1228,0.151,,Kepler-269 c,2014,1
1229,0.179,,Kepler-270 b,2014,1
1230,0.158,,Kepler-270 c,2014,1
1231,0.079,,Kepler-271 b,2014,1
1232,0.089,,Kepler-271 c,2014,1
1233,0.128,,Kepler-272 b,2014,1
1234,0.16,,Kepler-272 c,2014,1
1235,0.201,,Kepler-272 d,2014,1
1236,0.134,,Kepler-273 b,2014,1
1237,0.177,,Kepler-273 c,2014,1
1238,0.137,,Kepler-274 b,2014,1
1239,0.164,,Kepler-274 c,2014,1
1240,0.209,,Kepler-275 b,2014,1
1241,0.302,,Kepler-275 c,2014,1
1242,0.297,,Kepler-275 d,2014,1
1243,0.256,,Kepler-276 b,2014,1
1244,0.259,,Kepler-276 c,2013,1
1245,0.25,,Kepler-276 d,2013,1
1246,0.261,,Kepler-277 b,2013,1
1247,0.3,,Kepler-277 c,2013,1
1248,0.363,,Kepler-278 b,2014,1
1249,0.32,,Kepler-278 c,2014,1
1250,0.323,,Kepler-279 b,2014,1
1251,0.384,,Kepler-279 c,2013,1
1252,0.277,,Kepler-279 d,2013,1
1253,0.129,,Kepler-280 b,2014,1
1254,0.179,,Kepler-280 c,2014,1
1255,0.252,,Kepler-281 b,2014,1
1256,0.474,,Kepler-281 c,2014,1
1257,0.09,,Kepler-282 b,2014,1
1258,0.107,,Kepler-282 c,2014,1
1259,0.219,,Kepler-282 d,2013,1
1260,0.277,,Kepler-282 e,2013,1
1261,0.19,,Kepler-283 b,2014,1
1262,0.162,,Kepler-283 c,2014,1
1263,0.2,,Kepler-284 b,2014,1
1264,0.233,,Kepler-284 c,2014,1
1265,0.12,,Kepler-285 b,2014,1
1266,0.1,,Kepler-285 c,2014,1
1267,0.111,,Kepler-286 b,2014,1
1268,0.122,,Kepler-286 c,2014,1
1269,0.119,,Kepler-286 d,2014,1
1270,0.158,,Kepler-286 e,2014,1
1271,0.208,,Kepler-287 b,2014,1
1272,0.291,,Kepler-287 c,2014,1
1273,0.149,,Kepler-288 b,2014,1
1274,0.254,,Kepler-288 c,2014,1
1275,0.238,,Kepler-288 d,2014,1
1276,0.217,,Kepler-289 b,2014,1
1277,1.163,,Kepler-289 c,2014,1
1278,0.201,,Kepler-290 b,2014,1
1279,0.241,,Kepler-290 c,2014,1
1280,0.193,,Kepler-291 b,2014,1
1281,0.168,,Kepler-291 c,2014,1
1282,0.118,,Kepler-292 b,2014,1
1283,0.131,,Kepler-292 c,2014,1
1284,0.199,,Kepler-292 d,2014,1
1285,0.238,,Kepler-292 e,2014,1
1286,0.21,,Kepler-292 f,2014,1
1287,0.274,,Kepler-293 b,2014,1
1288,0.342,,Kepler-293 c,2014,1
1289,0.158,,Kepler-294 b,2014,1
1290,0.242,,Kepler-294 c,2014,1
1291,0.109,,Kepler-295 b,2014,1
1292,0.104,,Kepler-295 c,2014,1
1293,0.121,,Kepler-295 d,2014,1
1294,0.084,,Kepler-296 b,2014,1
1295,0.192,,Kepler-296 c,2014,1
1296,0.203,,Kepler-296 d,2014,1
1297,0.156,,Kepler-296 e,2014,1
1298,0.16,,Kepler-296 f,2014,1
1299,0.256,,Kepler-297 b,2014,1
1300,0.583,,Kepler-297 c,2014,1
1301,0.175,,Kepler-298 b,2014,1
1302,0.172,,Kepler-298 c,2014,1
1303,0.223,,Kepler-298 d,2014,1
1304,0.118,,Kepler-299 b,2014,1
1305,0.236,,Kepler-299 c,2014,1
1306,0.166,,Kepler-299 d,2014,1
1307,0.167,,Kepler-299 e,2014,1
1308,0.149,,Kepler-300 b,2014,1
1309,0.201,,Kepler-300 c,2014,1
1310,0.12,,Kepler-301 b,2014,1
1311,0.12,,Kepler-301 c,2014,1
1312,0.156,,Kepler-301 d,2014,1
1313,0.362,,Kepler-302 b,2014,1
1314,1.111,,Kepler-302 c,2014,1
1315,0.079,,Kepler-303 b,2014,1
1316,0.102,,Kepler-303 c,2014,1
1317,0.255,,Kepler-304 b,2014,1
1318,0.194,,Kepler-304 c,2014,1
1319,0.245,,Kepler-304 d,2014,1
1320,0.321,,Kepler-305 b,2013,1
1321,0.294,,Kepler-305 c,2013,1
1322,0.242,,Kepler-305 d,2014,1
1323,0.136,,Kepler-306 b,2014,1
1324,0.21,,Kepler-306 c,2014,1
1325,0.22,,Kepler-306 d,2014,1
1326,0.203,,Kepler-306 e,2014,1
1327,0.285,,Kepler-307 b,2013,1
1328,0.25,,Kepler-307 c,2013,1
1329,0.189,,Kepler-308 b,2014,1
1330,0.193,,Kepler-308 c,2014,1
1331,0.139,,Kepler-309 b,2014,1
1332,0.224,,Kepler-309 c,2014,1
1333,0.106,,Kepler-310 b,2014,1
1334,0.302,,Kepler-310 c,2014,1
1335,0.22,,Kepler-310 d,2014,1
1336,0.152,,Kepler-311 b,2014,1
1337,0.128,,Kepler-311 c,2014,1
1338,0.115,,Kepler-312 b,2014,1
1339,0.281,,Kepler-312 c,2014,1
1340,0.226,,Kepler-313 b,2014,1
1341,0.229,,Kepler-313 c,2014,1
1342,0.074,,Kepler-314 b,2014,1
1343,0.259,,Kepler-314 c,2014,1
1344,0.336,,Kepler-315 b,2014,1
1345,0.37,,Kepler-315 c,2014,1
1346,0.095,,Kepler-316 b,2014,1
1347,0.103,,Kepler-316 c,2014,1
1348,0.186,,Kepler-317 b,2014,1
1349,0.153,,Kepler-317 c,2014,1
1350,0.42,,Kepler-318 b,2014,1
1351,0.328,,Kepler-318 c,2014,1
1352,0.145,,Kepler-319 b,2014,1
1353,0.235,,Kepler-319 c,2014,1
1354,0.204,,Kepler-319 d,2014,1
1355,0.102,,Kepler-320 b,2014,1
1356,0.122,,Kepler-320 c,2014,1
1357,0.158,,Kepler-321 b,2014,1
1358,0.207,,Kepler-321 c,2014,1
1359,0.09,,Kepler-322 b,2014,1
1360,0.149,,Kepler-322 c,2014,1
1361,0.128,,Kepler-323 b,2014,1
1362,0.145,,Kepler-323 c,2014,1
1363,0.102,,Kepler-324 b,2014,1
1364,0.281,,Kepler-324 c,2014,1
1365,0.26,,Kepler-325 b,2014,1
1366,0.227,,Kepler-325 c,2014,1
1367,0.249,,Kepler-325 d,2014,1
1368,0.136,,Kepler-326 b,2014,1
1369,0.125,,Kepler-326 c,2014,1
1370,0.108,,Kepler-326 d,2014,1
1371,0.099,,Kepler-327 b,2014,1
1372,0.092,,Kepler-327 c,2014,1
1373,0.154,,Kepler-327 d,2014,1
1374,0.205,,Kepler-328 b,2013,1
1375,0.482,,Kepler-328 c,2013,1
1376,0.125,,Kepler-329 b,2014,1
1377,0.172,,Kepler-329 c,2014,1
1378,0.12,,Kepler-330 b,2014,1
1379,0.174,,Kepler-330 c,2014,1
1380,0.162,,Kepler-331 b,2014,1
1381,0.164,,Kepler-331 c,2014,1
1382,0.146,,Kepler-331 d,2014,1
1383,0.104,,Kepler-332 b,2014,1
1384,0.097,,Kepler-332 c,2014,1
1385,0.105,,Kepler-332 d,2014,1
1386,0.118,,Kepler-333 b,2014,1
1387,0.099,,Kepler-333 c,2014,1
1388,0.1,,Kepler-334 b,2014,1
1389,0.128,,Kepler-334 c,2014,1
1390,0.126,,Kepler-334 d,2014,1
1391,0.302,,Kepler-335 b,2014,1
1392,0.274,,Kepler-335 c,2014,1
1393,0.091,,Kepler-336 b,2014,1
1394,0.187,,Kepler-336 c,2014,1
1395,0.211,,Kepler-336 d,2014,1
1396,0.137,,Kepler-337 b,2014,1
1397,0.183,,Kepler-337 c,2014,1
1398,0.218,,Kepler-338 b,2014,1
1399,0.209,,Kepler-338 c,2014,1
1400,0.268,,Kepler-338 d,2014,1
1401,0.127,,Kepler-339 b,2014,1
1402,0.103,,Kepler-339 c,2014,1
1403,0.104,,Kepler-339 d,2014,1
1404,0.226,,Kepler-340 b,2014,1
1405,0.301,,Kepler-340 c,2014,1
1406,0.105,,Kepler-341 b,2014,1
1407,0.152,,Kepler-341 c,2014,1
1408,0.165,,Kepler-341 d,2014,1
1409,0.178,,Kepler-341 e,2014,1
1410,0.201,,Kepler-342 b,2014,1
1411,0.175,,Kepler-342 c,2014,1
1412,0.222,,Kepler-342 d,2014,1
1413,0.215,,Kepler-343 b,2014,1
1414,0.18,,Kepler-343 c,2014,1
1415,0.233,,Kepler-344 b,2014,1
1416,0.263,,Kepler-344 c,2014,1
1417,0.066,,Kepler-345 b,2014,1
1418,0.107,,Kepler-345 c,2014,1
1419,0.237,,Kepler-346 b,2014,1
1420,0.274,,Kepler-346 c,2014,1
1421,0.176,,Kepler-347 b,2014,1
1422,0.156,,Kepler-347 c,2014,1
1423,0.136,,Kepler-348 b,2014,1
1424,0.119,,Kepler-348 c,2014,1
1425,0.17,,Kepler-349 b,2014,1
1426,0.175,,Kepler-349 c,2014,1
1427,0.165,,Kepler-350 b,2014,1
1428,0.277,,Kepler-350 c,2013,1
1429,0.25,,Kepler-350 d,2013,1
1430,0.273,,Kepler-351 b,2014,1
1431,0.285,,Kepler-351 c,2014,1
1432,0.077,,Kepler-352 b,2014,1
1433,0.111,,Kepler-352 c,2014,1
1434,0.079,,Kepler-353 b,2014,1
1435,0.123,,Kepler-353 c,2014,1
1436,0.164,,Kepler-354 b,2014,1
1437,0.117,,Kepler-354 c,2014,1
1438,0.111,,Kepler-354 d,2014,1
1439,0.13,,Kepler-355 b,2014,1
1440,0.242,,Kepler-355 c,2014,1
1441,0.14,,Kepler-356 b,2014,1
1442,0.161,,Kepler-356 c,2014,1
1443,0.164,,Kepler-357 b,2014,1
1444,0.238,,Kepler-357 c,2014,1
1445,0.306,,Kepler-357 d,2014,1
1446,0.243,,Kepler-358 b,2014,1
1447,0.254,,Kepler-358 c,2014,1
1448,0.315,,Kepler-359 b,2014,1
1449,0.384,,Kepler-359 c,2014,1
1450,0.358,,Kepler-359 d,2014,1
1451,0.147,,Kepler-360 b,2014,1
1452,0.187,,Kepler-360 c,2014,1
1453,0.129,,Kepler-361 b,2014,1
1454,0.225,,Kepler-361 c,2014,1
1455,0.079,,Kepler-362 b,2014,1
1456,0.129,,Kepler-362 c,2014,1
1457,0.103,,Kepler-363 b,2014,1
1458,0.151,,Kepler-363 c,2014,1
1459,0.183,,Kepler-363 d,2014,1
1460,0.138,,Kepler-364 b,2014,1
1461,0.192,,Kepler-364 c,2014,1
1462,0.182,,Kepler-365 b,2014,1
1463,0.146,,Kepler-365 c,2014,1
1464,0.13,,Kepler-366 b,2014,1
1465,0.16,,Kepler-366 c,2014,1
1466,0.116,,Kepler-367 b,2014,1
1467,0.107,,Kepler-367 c,2014,1
1468,0.291,,Kepler-368 b,2014,1
1469,0.346,,Kepler-368 c,2014,1
1470,0.101,,Kepler-369 b,2014,1
1471,0.126,,Kepler-369 c,2014,1
1472,0.142,,Kepler-370 b,2014,1
1473,0.17,,Kepler-370 c,2014,1
1474,0.169,,Kepler-371 b,2014,1
1475,0.159,,Kepler-371 c,2014,1
1476,0.121,,Kepler-372 b,2014,1
1477,0.186,,Kepler-372 c,2014,1
1478,0.151,,Kepler-372 d,2014,1
1479,0.121,,Kepler-373 b,2014,1
1480,0.111,,Kepler-373 c,2014,1
1481,0.092,,Kepler-374 b,2014,1
1482,0.098,,Kepler-374 c,2014,1
1483,0.117,,Kepler-374 d,2014,1
1484,0.129,,Kepler-375 b,2014,1
1485,0.236,,Kepler-375 c,2014,1
1486,0.095,,Kepler-376 b,2014,1
1487,0.16,,Kepler-376 c,2014,1
1488,0.124,,Kepler-377 b,2014,1
1489,0.184,,Kepler-377 c,2014,1
1490,0.067,,Kepler-378 b,2014,1
1491,0.062,,Kepler-378 c,2014,1
1492,0.148,,Kepler-379 b,2014,1
1493,0.204,,Kepler-379 c,2014,1
1494,0.106,,Kepler-380 b,2014,1
1495,0.113,,Kepler-380 c,2014,1
1496,0.088,,Kepler-381 b,2014,1
1497,0.1,,Kepler-381 c,2014,1
1498,0.118,,Kepler-382 b,2014,1
1499,0.142,,Kepler-382 c,2014,1
1500,0.118,,Kepler-383 b,2014,1
1501,0.111,,Kepler-383 c,2014,1
1502,0.1,,Kepler-384 b,2014,1
1503,0.101,,Kepler-384 c,2014,1
1504,0.244,,Kepler-385 b,2014,1
1505,0.271,,Kepler-385 c,2014,1
1506,0.124,,Kepler-386 b,2014,1
1507,0.141,,Kepler-386 c,2014,1
1508,0.092,,Kepler-387 b,2014,1
1509,0.079,,Kepler-387 c,2014,1
1510,0.072,,Kepler-388 b,2014,1
1511,0.077,,Kepler-388 c,2014,1
1512,0.135,,Kepler-389 b,2014,1
1513,0.13,,Kepler-389 c,2014,1
1514,0.073,,Kepler-390 b,2014,1
1515,0.07,,Kepler-390 c,2014,1
1516,0.285,,Kepler-391 b,2014,1
1517,0.316,,Kepler-391 c,2014,1
1518,0.089,,Kepler-392 b,2014,1
1519,0.098,,Kepler-392 c,2014,1
1520,0.115,,Kepler-393 b,2014,1
1521,0.119,,Kepler-393 c,2014,1
1522,0.143,,Kepler-394 b,2014,1
1523,0.148,,Kepler-394 c,2014,1
1524,0.092,,Kepler-395 b,2014,1
1525,0.118,,Kepler-395 c,2014,1
1526,0.312,,Kepler-396 b,2013,1
1527,0.473,,Kepler-396 c,2013,1
1528,0.219,,Kepler-397 b,2014,1
1529,0.551,,Kepler-397 c,2014,1
1530,0.083,,Kepler-398 b,2014,1
1531,0.09,,Kepler-398 c,2014,1
1532,0.086,,Kepler-399 b,2014,1
1533,0.128,,Kepler-399 c,2014,1
1534,0.169,,Kepler-399 d,2014,1
1535,0.147,,Kepler-400 b,2014,1
1536,0.133,,Kepler-400 c,2014,1
1537,0.153,,Kepler-401 b,2014,1
1538,0.192,,Kepler-401 c,2014,1
1539,0.109,,Kepler-402 b,2014,1
1540,0.139,,Kepler-402 c,2014,1
1541,0.123,,Kepler-402 d,2014,1
1542,0.13,,Kepler-402 e,2014,1
1543,0.112,,Kepler-403 b,2014,1
1544,0.156,,Kepler-403 c,2014,1
1545,0.113,,Kepler-404 b,2014,1
1546,0.153,,Kepler-404 c,2014,1
1547,0.186,,Kepler-405 b,2014,1
1548,0.416,,Kepler-405 c,2014,1
1549,0.128,,Kepler-406 b,2014,1
1550,0.076,,Kepler-406 c,2014,1
1551,0.095,,Kepler-407 b,2014,1
1552,,,Kepler-407 c,2014,1
1553,0.073,,Kepler-408 b,2014,1
1554,0.106,,Kepler-409 b,2014,1
1555,0.253,132,Kepler-410 A b,2013,1
1556,0.168,,Kepler-411 b,2013,1
1557,1.325,1056,Kepler-412 b,2014,1
1558,0.388,,Kepler-413 b,2014,1
1559,0.89,2000,Lupus-TR-3 b,2007,2
1560,,,MOA 2007-BLG-192L b,2008,2
1561,,,MOA 2007-BLG-400L b,2008,2
1562,,,MOA 2008-BLG-310L b,2009,2
1563,,3600,MOA 2008-BLG-379L b,2013,2
1564,,,MOA 2009-BLG-266L b,2011,2
1565,,,MOA 2009-BLG-319L b,2010,2
1566,,,MOA 2009-BLG-387L b,2010,2
1567,,2300,MOA 2010-BLG-477L b,2012,2
1568,,2800,MOA 2010-BLG-073L b,2012,2
1569,,7720,MOA 2011-BLG-293L b,2012,2
1570,,7560,MOA 2011-BLG-322L b,2013,2
1571,,,NGC 2682 YBP 1194 b,2014,2
1572,,,NGC 2682 YBP 1514 b,2014,2
1573,,,NGC 2682 Sand 364 b,2014,2
1574,,,NGC 4349 127 b,2007,2
1575,,,OGLE 2003-BLG-235L b,2004,2
1576,,,OGLE 2005-BLG-71L b,2005,2
1577,,,OGLE 2005-BLG-169L b,2006,2
1578,,,OGLE 2005-BLG-390L b,2005,2
1579,,,OGLE 2006-BLG-109L b,2008,2
1580,,,OGLE 2006-BLG-109L c,2008,2
1581,,,OGLE 2007-BLG-368L b,2009,2
1582,,2570,OGLE 2011-BLG-251L b,2012,2
1583,,4080,OGLE 2012-BLG-026L b,2012,2
1584,,4080,OGLE 2012-BLG-026L c,2012,2
1585,,1760,OGLE 2012-BLG-358L b,2013,2
1586,,4970,OGLE 2012-BLG-406L b,2013,2
1587,1.61,,OGLE2-TR-L9 b,2008,2
1588,1.25,,OGLE-TR-10 b,2004,2
1589,1.363,,OGLE-TR-056 b,2002,2
1590,1.051,,OGLE-TR-111 b,2004,2
1591,1.093,600,OGLE-TR-113 b,2004,2
1592,1.2,2500,OGLE-TR-132 b,2004,2
1593,1.13,,OGLE-TR-182 b,2007,2
1594,1.36,,OGLE-TR-211 b,2007,2
1595,,,Oph 11 b,2006,2
1596,0.941,1200,POTS-1 b,2013,2
1597,,,Pr0201 b,2012,2
1598,,,Pr0211 b,2012,2
1599,,,PSR B1257+12 b,1992,2
1600,,,PSR B1257+12 c,1992,2
1601,,,PSR B1257+12 d,1994,2
1602,,,PSR B1620-26 b,2003,2
1603,,1200,PSR J1719-1438 b,2011,2
1604,1.164,,Qatar-1 b,2010,2
1605,1.144,,Qatar-2 b,2011,2
1606,,135,ROXs 42 B b,2013,2
1607,,120,ROXs 12 b,2013,2
1608,,,SR 12 AB c,2010,2
1609,0.81,8500,SWEEPS-4 b,2006,2
1610,1.13,8500,SWEEPS-11 b,2006,2
1611,1.067,152.3,TrES-1 b,2004,2
1612,1.336,228,TrES-3 b,2007,2
1613,1.799,492,TrES-4 b,2007,2
1614,1.209,360,TrES-5 b,2011,2
1615,,,USco CTIO 108 b,2008,2
1616,,,V0391 Peg b,2007,2
1617,1.483,408,WASP-1 b,2007,2
1618,1.117,147,WASP-2 b,2007,2
1619,1.29,220,WASP-3 b,2007,2
1620,1.413,300,WASP-4 b,2007,2
1621,1.167,300,WASP-5 b,2008,2
1622,1.224,,WASP-6 b,2009,2
1623,1.33,140,WASP-7 b,2008,2
1624,1.038,87,WASP-8 b,2010,2
1625,,87,WASP-8 c,2014,2
1626,1.08,90,WASP-10 b,2008,2
1627,1.005,121.7,WASP-11 b,2008,2
1628,1.79,,WASP-12 b,2008,2
1629,1.389,155,WASP-13 b,2009,2
1630,1.281,160,WASP-14 b,2008,2
1631,1.428,,WASP-15 b,2009,2
1632,1.008,,WASP-16 b,2009,2
1633,1.74,400,WASP-17 b,2009,2
1634,1.165,105.49,WASP-18 b,2009,2
1635,1.386,250,WASP-19 b,2009,2
1636,1.07,242,WASP-21 b,2010,2
1637,1.158,300,WASP-22 b,2010,2
1638,0.962,,WASP-23 b,2010,2
1639,1.3,,WASP-24 b,2010,2
1640,1.22,,WASP-25 b,2010,2
1641,1.281,250,WASP-26 b,2010,2
1642,0.792,70,WASP-29 b,2010,2
1643,1.549,360,WASP-31 b,2010,2
1644,1.18,,WASP-32 b,2010,2
1645,1.497,116.14,WASP-33 b,2010,2
1646,1.22,120,WASP-34 b,2010,2
1647,1.32,,WASP-35 b,2011,2
1648,1.281,450,WASP-36 b,2011,2
1649,1.16,343,WASP-37 b,2010,2
1650,1.094,110,WASP-38 b,2010,2
1651,1.27,230,WASP-39 b,2011,2
1652,1.2,180,WASP-41 b,2010,2
1653,1.08,160,WASP-42 b,2012,2
1654,0.93,80,WASP-43 b,2011,2
1655,1.14,,WASP-44 b,2011,2
1656,1.16,,WASP-45 b,2011,2
1657,1.31,,WASP-46 b,2011,2
1658,1.15,200,WASP-47 b,2012,2
1659,1.67,,WASP-48 b,2011,2
1660,1.115,170,WASP-49 b,2012,2
1661,1.153,230,WASP-50 b,2011,2
1662,1.27,140,WASP-52 b,2012,2
1663,1.653,200,WASP-54 b,2012,2
1664,1.3,330,WASP-55 b,2012,2
1665,1.092,255,WASP-56 b,2012,2
1666,0.916,455,WASP-57 b,2012,2
1667,1.37,300,WASP-58 b,2012,2
1668,0.775,125,WASP-59 b,2012,2
1669,0.86,400,WASP-60 b,2012,2
1670,1.24,480,WASP-61 b,2012,2
1671,1.39,160,WASP-62 b,2012,2
1672,1.43,330,WASP-63 b,2012,2
1673,1.271,350,WASP-64 b,2012,2
1674,1.112,310,WASP-65 b,2013,2
1675,1.39,380,WASP-66 b,2012,2
1676,1.4,225,WASP-67 b,2012,2
1677,1.46,345,WASP-71 b,2012,2
1678,1.27,340,WASP-72 b,2012,2
1679,1.27,260,WASP-75 b,2013,2
1680,1.21,93,WASP-77 A b,2012,2
1681,1.7,550,WASP-78 b,2012,2
1682,2.09,240,WASP-79 b,2012,2
1683,0.952,60,WASP-80 b,2012,2
1684,1.528,470,WASP-103 b,2014,2
1685,,19.2,WD 0806-661 b,2011,2
1686,1.49,3200,WTS-1 b,2012,2
1687,1.363,1000,WTS-2 b,2014,2
1688,0.934,10.1,WISEP J121756.91+162640.2 A b,2012,2
1689,1.21,172,XO-1 b,2006,2
1690,0.996,148,XO-2 b,2007,2
1691,1.217,174,XO-3 b,2007,2
1692,1.33,293,XO-4 b,2008,2
1693,1.109,260,XO-5 b,2008,2
