# This file was produced by the NASA Exoplanet Archive  http://exoplanetarchive.ipac.caltech.edu,,,,,,,,,,
# Mon Apr  7 18:24:44 2014,,,,,,,,,,
#,,,,,,,,,,
# COLUMN pl_radj:        Planet Radius (val),,,,,,,,,,
# COLUMN pl_radjerr1:    Planet Radius (upper unc),,,,,,,,,,
# COLUMN pl_radjerr2:    Planet Radius (lower unc),,,,,,,,,,
# COLUMN pl_radjlim:     Planet Radius (limit flag),,,,,,,,,,
# COLUMN st_dist:        Distance (val),,,,,,,,,,
# COLUMN st_disterr1:    Distance (upper unc),,,,,,,,,,
# COLUMN st_disterr2:    Distance (lower unc),,,,,,,,,,
# COLUMN st_distlim:     Distance (limit flag),,,,,,,,,,
# COLUMN pl_name:        Planet Name,,,,,,,,,,
# COLUMN pl_disc:        Year of Discovery,,,,,,,,,,
#,,,,,,,,,,
rowid,pl_radj,pl_radjerr1,pl_radjerr2,pl_radjlim,st_dist,st_disterr1,st_disterr2,st_distlim,pl_name,pl_disc
1,,,,,77.4,4.03,-4.5,0,4 UMa b,2006
2,,,,,56.95,2.36,-2.58,0,6 Lyn b,2008
3,,,,,19.84,0.27,-0.28,0,7 CMa b,2011
4,,,,,110.62,9.61,-11.63,0,11 Com b,2007
5,,,,,119.47,6.22,-6.95,0,11 UMi b,2009
6,,,,,76.39,3.93,-4.38,0,14 And b,2008
7,,,,,18.15,0.19,-0.2,0,14 Her b,2002
8,,,,,21.41,0.24,-0.24,0,16 Cyg B b,1996
9,,,,,73.1,3.56,-3.94,0,18 Del b,2008
10,,,,,74.79,4.57,-5.21,0,24 Sex b,2010
11,,,,,74.79,4.57,-5.21,0,24 Sex c,2010
12,,,,,39.43,1.64,-1.79,0,30 Ari B b,2009
13,,,,,97.28,4.34,-4.76,0,42 Dra b,2008
14,,,,,14.08,0.13,-0.13,0,47 UMa b,1996
15,,,,,14.08,0.13,-0.13,0,47 UMa c,2001
16,,,,,14.08,0.13,-0.13,0,47 UMa d,2009
17,,,,,15.36,0.18,-0.18,0,51 Peg b,1995
18,,,,,12.53,0.13,-0.13,0,55 Cnc b,1996
19,,,,,12.53,0.13,-0.13,0,55 Cnc c,2004
20,,,,,12.53,0.13,-0.13,0,55 Cnc d,2002
21,0.178,0.012,-0.012,0,12.53,0.13,-0.13,0,55 Cnc e,2011
22,,,,,12.53,0.13,-0.13,0,55 Cnc f,2007
23,,,,,8.52,0.05,-0.05,0,61 Vir b,2009
24,,,,,8.52,0.05,-0.05,0,61 Vir c,2009
25,,,,,8.52,0.05,-0.05,0,61 Vir d,2009
26,,,,,18.11,0.24,-0.24,0,70 Vir b,1996
27,,,,,81.5,6.87,-8.27,0,75 Cet b,2012
28,,,,,97.18,8.37,-10.11,0,81 Cet b,2008
29,,,,,45.52,1.77,-1.92,0,91 Aqr b,2013
30,,,,,45.52,1.64,-1.76,0,AB Pic b,2005
31,2.2,0.81,-0.6,0,165,30,-30,0,CT Cha b,2007
32,,,,,140,15,-15,0,DH Tau b,2004
33,,,,,,,,,DP Leo b,2009
34,,,,,,,,,FU Tau b,2008
35,3,0.5,-0.5,0,139,45,-45,0,GQ Lup b,2004
36,1.051,0.136,-0.058,0,18.39,0.28,-0.29,0,HN Peg b,2006
37,,,,,500,,,0,NN Ser c,2010
38,,,,,500,,,0,NN Ser d,2010
39,,,,,,,,,NY Vir b,2011
40,,,,,,,,,UZ For b,2011
41,,,,,,,,,UZ For c,2011
42,,,,,,,,,RR Cae b,2012
43,,,,,20.21,0.4,-0.41,0,alf Ari b,2010
44,,,,,1.35,0,0,0,alf Cen B b,2012
45,,,,,19.28,0.19,-0.19,0,bet Pic b,2008
46,,,,,3.22,0.01,-0.01,0,eps Eri b,2000
47,,,,,70.42,3.31,-3.65,0,eps CrB b,2012
48,,,,,47.53,1.78,-1.93,0,eps Tau b,2006
49,,,,,38.52,1.19,-1.27,0,gam 1 Leo b,2009
50,,,,,13.79,0.1,-0.1,0,gam Cep b,2003
51,,,,,31.12,0.58,-0.6,0,kap CrB b,2007
52,,,,,52.03,1.7,-1.82,0,kap And b,2012
53,,,,,62.66,3.73,-4.23,0,xi Aql b,2007
54,,,,,46.84,1.67,-1.8,0,nu Oph b,2012
55,,,,,46.84,1.67,-1.8,0,nu Oph c,2012
56,,,,,80.64,4.48,-5.05,0,ome Ser b,2013
57,,,,,84.03,4.92,-5.57,0,omi CrB b,2012
58,,,,,56.31,1.99,-2.14,0,omi UMa b,2012
59,,,,,17.43,0.21,-0.22,0,rho CrB b,1997
60,,,,,15.6,0.17,-0.17,0,tau Boo b,1996
61,,,,,92.51,7.62,-9.12,0,tau Gem b,2013
62,,,,,13.47,0.13,-0.13,0,ups And b,1996
63,,,,,13.47,0.13,-0.13,0,ups And c,1999
64,,,,,13.47,0.13,-0.13,0,ups And d,1999
65,,,,,13.47,0.13,-0.13,0,ups And e,2010
66,1.2,,,0,7.69,0.05,-0.05,0,Fomalhaut b,2008
67,1.664,,,0,145,20,-20,0,1RXS J160929.1-210524 b,2008
68,,,,,36,4,-4,0,2MASS J01225093-2439505 b,2013
69,,,,,140,,,0,2MASS J04414489+2301513 b,2010
70,,,,,52.4,1.1,-1.1,0,2MASS J12073346-3932539 b,2004
71,0.92,0.39,-0.36,0,25,10,-10,0,2MASS J21402931+1625183 A b,2009
72,,,,,37.54,1.87,-2.08,0,BD-17 63 b,2008
73,,,,,,,,,BD-13 2130 b,2007
74,,,,,80,10,-10,0,BD-10 3166 b,2000
75,,,,,42.09,2.67,-3.06,0,BD-08 2823 b,2009
76,,,,,42.09,2.67,-3.06,0,BD-08 2823 c,2009
77,,,,,20.1,0.65,-0.69,0,BD-06 1339 b,2013
78,,,,,20.1,0.65,-0.69,0,BD-06 1339 c,2013
79,,,,,50.03,3.73,-4.38,0,BD+14 4559 b,2009
80,,,,,175.44,,,-1,BD+15 2940 b,2013
81,,,,,,,,,BD+20 2457 b,2009
82,,,,,,,,,BD+20 2457 c,2009
83,,,,,,,,,BD+20 274 b,2012
84,,,,,,,,,BD+48 738 b,2011
85,,,,,23.1,2.4,-2.4,0,CFBDSIR J145829+101343 b,2011
86,,,,,,,,,CHXR 73 b,2006
87,1.49,0.08,-0.08,0,,,,,CoRoT-1 b,2008
88,1.466,0.042,-0.044,0,200,,,0,CoRoT-2 b,2008
89,1.01,0.07,-0.07,0,680,160,-160,0,CoRoT-3 b,2008
90,1.19,0.06,-0.05,0,,,,,CoRoT-4 b,2008
91,1.388,0.046,-0.047,0,,,,,CoRoT-5 b,2009
92,1.166,0.035,-0.035,0,,,,,CoRoT-6 b,2009
93,0.15,0.008,-0.008,0,150,20,-20,0,CoRoT-7 b,2009
94,,,,,150,20,-20,0,CoRoT-7 c,2009
95,0.57,0.02,-0.02,0,380,30,-30,0,CoRoT-8 b,2010
96,1.05,0.04,-0.04,0,460,,,0,CoRoT-9 b,2009
97,0.97,0.07,-0.07,0,345,70,-70,0,CoRoT-10 b,2010
98,1.43,0.03,-0.03,0,560,30,-30,0,CoRoT-11 b,2010
99,1.44,0.13,-0.13,0,1150,85,-85,0,CoRoT-12 b,2010
100,0.885,0.014,-0.014,0,1060,100,-100,0,CoRoT-13 b,2010
101,1.09,0.07,-0.07,0,1340,110,-110,0,CoRoT-14 b,2010
102,1.17,0.16,-0.14,0,840,90,-90,0,CoRoT-16 b,2011
103,1.02,0.07,-0.07,0,920,50,-50,0,CoRoT-17 b,2011
104,1.31,0.18,-0.18,0,870,90,-90,0,CoRoT-18 b,2011
105,1.29,0.03,-0.03,0,770,160,-160,0,CoRoT-19 b,2011
106,0.84,0.04,-0.04,0,1230,120,-120,0,CoRoT-20 b,2011
107,1.05,0.13,-0.13,0,600,50,-50,0,CoRoT-23 b,2011
108,1.007,0.044,-0.044,0,,,,,CoRoT-27 b,2014
109,,,,,20.77,0.08,-0.08,0,DENIS-P J082303.1-491201 b,2013
110,,,,,10.91,0.07,-0.07,0,GJ 86 b,1999
111,,,,,14.97,0.44,-0.46,0,GJ 163 b,2013
112,,,,,14.97,0.44,-0.46,0,GJ 163 c,2013
113,,,,,14.97,0.44,-0.46,0,GJ 163 d,2013
114,,,,,12.12,0.56,-0.62,0,GJ 179 b,2009
115,,,,,15.1,0.22,-0.22,0,GJ 317 b,2007
116,,,,,20.03,0.85,-0.92,0,GJ 328 b,2013
117,,,,,9.04,0.14,-0.15,0,GJ 433 b,2011
118,0.377,0.008,-0.009,0,10.23,0.23,-0.24,0,GJ 436 b,2004
119,,,,,17.95,0.27,-0.28,0,GJ 504 b,2013
120,,,,,6.27,0.09,-0.09,0,GJ 581 b,2005
121,,,,,6.27,0.09,-0.09,0,GJ 581 c,2005
122,,,,,6.27,0.09,-0.09,0,GJ 581 d,2005
123,,,,,6.27,0.09,-0.09,0,GJ 581 e,2005
124,,,,,10.32,0.16,-0.16,0,GJ 649 b,2009
125,,,,,6.8,,,0,GJ 667 C b,2011
126,,,,,6.8,,,0,GJ 667 C c,2011
127,,,,,6.8,,,0,GJ 667 C d,2013
128,,,,,6.8,,,0,GJ 667 C e,2013
129,,,,,6.8,,,0,GJ 667 C f,2013
130,,,,,6.8,,,0,GJ 667 C g,2013
131,,,,,4.54,0.03,-0.03,0,GJ 674 b,2007
132,,,,,16.13,0.46,-0.49,0,GJ 676 A b,2010
133,,,,,16.13,0.46,-0.49,0,GJ 676 A d,2012
134,,,,,16.13,0.46,-0.49,0,GJ 676 A e,2012
135,,,,,4.94,0.03,-0.03,0,GJ 832 b,2008
136,,,,,8.77,0.16,-0.17,0,GJ 849 b,2006
137,,,,,4.7,0.05,-0.05,0,GJ 876 b,1998
138,,,,,4.7,0.05,-0.05,0,GJ 876 c,2000
139,,,,,4.7,0.05,-0.05,0,GJ 876 d,2005
140,,,,,4.7,0.05,-0.05,0,GJ 876 e,2010
141,0.203,0.007,-0.007,0,,,,,GJ 1214 b,2009
142,,,,,17.62,0.16,-0.17,0,GJ 3021 b,2000
143,0.37,0.05,-0.05,0,25.2,2.9,-2.9,0,GJ 3470 b,2012
144,,,,,19.8,0.6,-0.6,0,GJ 3634 b,2010
145,,,,,145,14,-14,0,GSC 06214-00210 b,2010
146,1.225,0.059,-0.059,0,139,22,-19,0,HAT-P-1 b,2006
147,1.157,0.073,-0.062,0,135.32,14.4,-18.29,0,HAT-P-2 b,2007
148,0.827,0.055,-0.055,0,138,10,-10,0,HAT-P-3 b,2007
149,1.274,0.049,-0.06,0,314,24,-24,0,HAT-P-4 b,2007
150,1.26,0.05,-0.05,0,342,30,-30,0,HAT-P-5 b,2007
151,1.33,0.061,-0.061,0,261,20,-20,0,HAT-P-6 b,2007
152,1.5,0.08,-0.06,0,230,15,-15,0,HAT-P-8 b,2008
153,1.4,0.06,-0.06,0,480,60,-60,0,HAT-P-9 b,2008
154,0.959,0.029,-0.021,0,142.5,4.2,-3.3,0,HAT-P-12 b,2009
155,1.271,0.079,-0.079,0,214,12,-12,0,HAT-P-13 b,2009
156,,,,,214,12,-12,0,HAT-P-13 c,2009
157,1.15,0.052,-0.052,0,205,11,-11,0,HAT-P-14 b,2010
158,1.072,0.043,-0.043,0,190,8,-8,0,HAT-P-15 b,2010
159,1.289,0.066,-0.066,0,235,10,-10,0,HAT-P-16 b,2010
160,1.01,0.029,-0.029,0,90,3,-3,0,HAT-P-17 b,2010
161,,,,,90,3,-3,0,HAT-P-17 c,2010
162,0.995,0.052,-0.052,0,166,9,-9,0,HAT-P-18 b,2010
163,1.132,0.072,-0.072,0,215,15,-15,0,HAT-P-19 b,2010
164,0.867,0.033,-0.033,0,70,3,-3,0,HAT-P-20 b,2010
165,1.024,0.092,-0.092,0,254,19,-19,0,HAT-P-21 b,2010
166,1.08,0.058,-0.058,0,82,3,-3,0,HAT-P-22 b,2010
167,1.368,0.09,-0.09,0,393,25,-25,0,HAT-P-23 b,2010
168,1.242,0.067,-0.067,0,396,20,-20,0,HAT-P-24 b,2010
169,1.19,0.081,-0.056,0,297,17,-13,0,HAT-P-25 b,2010
170,0.565,0.072,-0.032,0,134,18,-8,0,HAT-P-26 b,2010
171,1.02,0.07,-0.06,0,204,14,-14,0,HAT-P-27 b,2011
172,1.212,0.113,-0.082,0,395,34,-26,0,HAT-P-28 b,2011
173,1.107,0.136,-0.082,0,322,35,-21,0,HAT-P-29 b,2011
174,1.34,0.065,-0.065,0,193,8,-8,0,HAT-P-30 b,2011
175,1.07,0.24,-0.16,0,354,74,-51,0,HAT-P-31 b,2011
176,1.789,0.025,-0.025,0,283,5,-5,0,HAT-P-32 b,2011
177,1.686,0.045,-0.045,0,387,9,-9,0,HAT-P-33 b,2011
178,1.197,0.128,-0.092,0,257,22,-17,0,HAT-P-34 b,2011
179,1.332,0.098,-0.098,0,535,32,-32,0,HAT-P-35 b,2011
180,1.264,0.071,-0.071,0,317,17,-17,0,HAT-P-36 b,2011
181,1.178,0.077,-0.077,0,411,26,-26,0,HAT-P-37 b,2011
182,0.825,0.092,-0.063,0,249,26,-19,0,HAT-P-38 b,2012
183,1.571,0.108,-0.081,0,642,29,-29,0,HAT-P-39 b,2012
184,1.73,0.062,-0.062,0,501,16,-16,0,HAT-P-40 b,2012
185,1.685,0.076,-0.051,0,344,12,-8,0,HAT-P-41 b,2012
186,1.28,0.153,-0.153,0,447,41,-41,0,HAT-P-42 b,2012
187,1.281,0.062,-0.033,0,542,22,-16,0,HAT-P-43 b,2012
188,1.413,0.128,-0.077,0,322,24,-13,0,HAT-P-49 b,2014
189,1.302,0.162,-0.098,0,303,38,-23,0,HATS-1 b,2012
190,1.168,0.03,-0.03,0,360,11,-11,0,HATS-2 b,2013
191,1.381,0.035,-0.035,0,453,11,-11,0,HATS-3 b,2013
192,,,,,25.64,0.41,-0.43,0,HD 142 b,2001
193,,,,,25.64,0.41,-0.43,0,HD 142 c,2012
194,,,,,23.44,0.46,-0.48,0,HD 1461 b,2009
195,,,,,167.5,25.26,-36.16,0,HD 1502 b,2011
196,,,,,7.01,,,-1,HD 1690 b,2010
197,,,,,89.85,8.28,-10.15,0,HD 2039 b,2002
198,,,,,53.71,3.63,-4.2,0,HD 2638 b,2005
199,,,,,115.21,8.71,-10.26,0,HD 2952 b,2013
200,,,,,11.11,0.09,-0.09,0,HD 3651 b,2003
201,,,,,44.05,1.84,-2.01,0,HD 4113 b,2007
202,,,,,32.7,1.12,-1.2,0,HD 4208 b,2001
203,,,,,21.85,0.26,-0.27,0,HD 4308 b,2005
204,,,,,77.82,7,-8.53,0,HD 4203 b,2001
205,,,,,77.82,7,-8.53,0,HD 4203 c,2014
206,,,,,131.41,14.45,-18.52,0,HD 4313 b,2009
207,,,,,56.5,2.99,-3.35,0,HD 4732 b,2012
208,,,,,56.5,2.99,-3.35,0,HD 4732 c,2012
209,,,,,100,9.17,-11.23,0,HD 5319 b,2007
210,,,,,53.28,2.59,-2.87,0,HD 5388 b,2009
211,,,,,58.17,2.68,-2.95,0,HD 5608 b,2012
212,,,,,150.6,23.21,-33.56,0,HD 5891 b,2011
213,,,,,40.32,1.4,-1.5,0,HD 6434 b,2003
214,,,,,55.01,2.76,-3.07,0,HD 6718 b,2009
215,,,,,35.88,0.87,-0.91,0,HD 7199 b,2011
216,,,,,38.52,1.11,-1.18,0,HD 7449 b,2011
217,,,,,38.52,1.11,-1.18,0,HD 7449 c,2011
218,,,,,16.82,0.17,-0.17,0,HD 7924 b,2008
219,,,,,56.34,2.55,-2.8,0,HD 8535 b,2010
220,,,,,44.15,1.54,-1.66,0,HD 8574 b,2002
221,,,,,38.26,1.12,-1.19,0,HD 8673 b,2009
222,,,,,52.85,2.8,-3.14,0,HD 9446 b,2009
223,,,,,52.85,2.8,-3.14,0,HD 9446 c,2009
224,,,,,39.39,0.94,-0.99,0,HD 10180 c,2010
225,,,,,39.39,0.94,-0.99,0,HD 10180 d,2010
226,,,,,39.39,0.94,-0.99,0,HD 10180 e,2010
227,,,,,39.39,0.94,-0.99,0,HD 10180 f,2010
228,,,,,39.39,0.94,-0.99,0,HD 10180 g,2010
229,,,,,39.39,0.94,-0.99,0,HD 10180 h,2010
230,,,,,17.35,0.19,-0.19,0,HD 10647 b,2006
231,,,,,32.56,0.84,-0.88,0,HD 10697 b,1999
232,,,,,53.82,2.67,-2.96,0,HD 11506 b,2007
233,,,,,53.82,2.67,-2.96,0,HD 11506 c,2008
234,,,,,66.49,2.02,-2.14,0,HD 11977 b,2005
235,,,,,33.98,1.02,-1.08,0,HD 11964 b,2005
236,,,,,33.98,1.02,-1.08,0,HD 11964 c,2008
237,,,,,37.16,1.11,-1.18,0,HD 12661 b,2000
238,,,,,37.16,1.11,-1.18,0,HD 12661 c,2002
239,,,,,300.3,,,-1,HD 13189 b,2005
240,,,,,66.89,3.6,-4.03,0,HD 13908 b,2013
241,,,,,66.89,3.6,-4.03,0,HD 13908 c,2013
242,,,,,45.52,1.91,-2.08,0,HD 13931 b,2009
243,,,,,35.91,1.71,-1.89,0,HD 16141 b,2000
244,,,,,25.54,0.41,-0.42,0,HD 16417 b,2008
245,,,,,59.84,3.28,-3.69,0,HD 16175 b,2009
246,,,,,50.18,6.2,-8.24,0,HD 16760 b,2009
247,,,,,,,,,HD 17092 b,2007
248,1.087,0.007,-0.007,0,78.25,5.15,-5.93,0,HD 17156 b,2007
249,,,,,127.88,15.27,-20.05,0,HD 18742 b,2011
250,,,,,22.38,0.37,-0.38,0,HD 19994 b,2003
251,,,,,6.06,0.02,-0.02,0,HD 20794 b,2011
252,,,,,6.06,0.02,-0.02,0,HD 20794 c,2011
253,,,,,6.06,0.02,-0.02,0,HD 20794 d,2011
254,,,,,36.02,1.11,-1.18,0,HD 20782 b,2006
255,,,,,44.5,2.68,-3.05,0,HD 20868 b,2008
256,,,,,89.13,5.65,-6.48,0,HD 23127 b,2006
257,,,,,34.6,0.66,-0.68,0,HD 23079 b,2001
258,,,,,31.79,1.33,-1.45,0,HD 22781 b,2011
259,,,,,51.97,2.2,-2.4,0,HD 23596 b,2003
260,,,,,46.51,2.13,-2.34,0,HD 24040 b,2006
261,,,,,56.05,1.82,-1.95,0,HD 25171 b,2010
262,,,,,18.24,0.17,-0.17,0,HD 27442 b,2000
263,,,,,44.54,1.5,-1.6,0,HD 27631 b,2012
264,,,,,42.37,1.57,-1.7,0,HD 27894 b,2005
265,,,,,56.18,1.95,-2.1,0,HD 28254 b,2010
266,,,,,39.56,1.62,-1.76,0,HD 28185 b,2001
267,,,,,168.92,30.03,-46.6,0,HD 28678 b,2011
268,,,,,54.71,2.21,-2.41,0,HD 30177 b,2002
269,,,,,26.5,0.61,-0.64,0,HD 30562 b,2009
270,,,,,121.07,11.78,-14.62,0,HD 30856 b,2011
271,,,,,53.82,3.06,-3.45,0,HD 31253 b,2010
272,,,,,117.37,9.84,-11.83,0,HD 32518 b,2009
273,,,,,136.8,15.73,-20.43,0,HD 33142 b,2011
274,,,,,86.88,6.3,-7.37,0,HD 33283 b,2006
275,,,,,20.98,0.23,-0.23,0,HD 33564 b,2005
276,,,,,45.01,2.03,-2.23,0,HD 34445 b,2009
277,,,,,33.24,1.22,-1.32,0,HD 37124 b,2002
278,,,,,33.24,1.22,-1.32,0,HD 37124 c,2002
279,,,,,33.24,1.22,-1.32,0,HD 37124 d,2005
280,,,,,42.88,2.28,-2.55,0,HD 37605 b,2004
281,,,,,42.88,2.28,-2.55,0,HD 37605 c,2012
282,,,,,37.78,0.78,-0.82,0,HD 38283 b,2010
283,,,,,42.43,1.59,-1.72,0,HD 38529 b,2000
284,,,,,42.43,1.59,-1.72,0,HD 38529 c,2000
285,,,,,99.4,14.66,-20.79,0,HD 38801 b,2009
286,,,,,18.21,0.15,-0.15,0,HD 39091 b,2001
287,,,,,12.83,0.09,-0.09,0,HD 40307 b,2008
288,,,,,12.83,0.09,-0.09,0,HD 40307 c,2008
289,,,,,12.83,0.09,-0.09,0,HD 40307 d,2008
290,,,,,12.83,0.09,-0.09,0,HD 40307 e,2012
291,,,,,12.83,0.09,-0.09,0,HD 40307 f,2012
292,,,,,12.83,0.09,-0.09,0,HD 40307 g,2012
293,,,,,33.33,0.89,-0.94,0,HD 40979 b,2002
294,,,,,43.03,1.81,-1.98,0,HD 41004 A b,2004
295,,,,,43.03,1.81,-1.98,0,HD 41004 B b,2003
296,,,,,52.03,2.05,-2.23,0,HD 41248 b,2013
297,,,,,52.03,2.05,-2.23,0,HD 41248 c,2013
298,,,,,54.94,5.88,-7.48,0,HD 43197 b,2010
299,,,,,37.05,1.11,-1.18,0,HD 43848 b,2008
300,,,,,93.2,9.09,-11.3,0,HD 43691 b,2007
301,,,,,50.43,2.47,-2.73,0,HD 44219 b,2010
302,,,,,32.58,0.84,-0.88,0,HD 45364 b,2008
303,,,,,32.58,0.84,-0.88,0,HD 45364 c,2008
304,,,,,48.95,2.24,-2.47,0,HD 45350 b,2004
305,,,,,36.14,1.61,-1.77,0,HD 45652 b,2008
306,,,,,33.41,1.15,-1.24,0,HD 46375 b,2000
307,,,,,37.84,1.21,-1.29,0,HD 47186 b,2008
308,,,,,37.84,1.21,-1.29,0,HD 47186 c,2008
309,,,,,121.36,7.72,-8.85,0,HD 47536 b,2002
310,,,,,87.41,5.18,-5.87,0,HD 48265 b,2008
311,,,,,40.73,1.81,-1.98,0,HD 49674 b,2002
312,,,,,47.26,1.47,-1.57,0,HD 50499 b,2005
313,,,,,31.03,0.94,-1,0,HD 50554 b,2002
314,,,,,28.07,0.65,-0.68,0,HD 52265 b,2000
315,,,,,25.7,0.43,-0.44,0,HD 60532 b,2008
316,,,,,25.7,0.43,-0.44,0,HD 60532 c,2008
317,,,,,35.8,1.07,-1.14,0,HD 63454 b,2005
318,,,,,10.34,0.09,-0.09,0,HD 62509 b,2006
319,,,,,32.62,0.72,-0.75,0,HD 63765 b,2009
320,,,,,35.59,0.85,-0.9,0,HD 65216 b,2003
321,,,,,35.59,0.85,-0.9,0,HD 65216 c,2011
322,,,,,80.06,5.82,-6.82,0,HD 66141 b,2012
323,,,,,55.04,3.52,-4.03,0,HD 66428 b,2005
324,,,,,58.82,3.14,-3.52,0,HD 68988 b,2001
325,,,,,12.58,0.12,-0.12,0,HD 69830 b,2006
326,,,,,12.58,0.12,-0.12,0,HD 69830 c,2006
327,,,,,12.58,0.12,-0.12,0,HD 69830 d,2006
328,,,,,,,,,HD 70573 b,2007
329,,,,,28.76,0.49,-0.5,0,HD 70642 b,2003
330,,,,,51.36,2.58,-2.87,0,HD 72659 b,2002
331,,,,,53.05,2.7,-3,0,HD 73267 b,2008
332,,,,,36.52,1,-1.06,0,HD 73256 b,2003
333,,,,,94.61,8.25,-9.99,0,HD 73526 b,2002
334,,,,,94.61,8.25,-9.99,0,HD 73526 c,2005
335,,,,,96.99,9.43,-11.7,0,HD 73534 b,2008
336,,,,,64.56,4.28,-4.93,0,HD 74156 b,2003
337,,,,,64.56,4.28,-4.93,0,HD 74156 c,2003
338,,,,,28.94,0.46,-0.48,0,HD 75289 b,1999
339,,,,,80.58,6.45,-7.68,0,HD 75898 b,2007
340,,,,,59.7,2.26,-2.45,0,HD 76700 b,2002
341,,,,,41.27,1.92,-2.11,0,HD 77338 b,2012
342,,,,,48.64,2.21,-2.43,0,HD 79498 b,2011
343,0.98,0.03,-0.03,0,29.04,,,-1,HD 80606 b,2001
344,,,,,32.56,1.26,-1.37,0,HD 81040 b,2005
345,,,,,88.26,6.09,-7.07,0,HD 81688 b,2007
346,,,,,27.46,0.62,-0.65,0,HD 82943 b,2003
347,,,,,27.46,0.62,-0.65,0,HD 82943 c,2003
348,,,,,112.23,10.5,-12.92,0,HD 82886 b,2011
349,,,,,43.53,1.64,-1.77,0,HD 83443 b,2002
350,,,,,33.96,0.94,-1,0,HD 85390 b,2009
351,,,,,11.15,0.1,-0.1,0,HD 85512 b,2011
352,,,,,91.16,9.06,-11.3,0,HD 86081 b,2006
353,,,,,42.48,1.48,-1.59,0,HD 86226 b,2009
354,,,,,72.57,4.08,-4.59,0,HD 86264 b,2009
355,,,,,18.06,0.3,-0.31,0,HD 87883 b,2009
356,,,,,74.46,5.92,-7.04,0,HD 88133 b,2004
357,,,,,30.88,0.92,-0.97,0,HD 89307 b,2009
358,,,,,38.99,1.04,-1.09,0,HD 89744 b,1999
359,,,,,22.09,0.36,-0.37,0,HD 90156 b,2009
360,,,,,32.32,1,-1.07,0,HD 92788 b,2000
361,,,,,28.9,0.81,-0.86,0,HD 93083 b,2005
362,,,,,91.57,4.62,-5.14,0,HD 95086 b,2013
363,,,,,149.03,19.67,-26.72,0,HD 95089 b,2009
364,,,,,132.8,16.39,-21.76,0,HD 96063 b,2011
365,,,,,84.03,8.22,-10.22,0,HD 96167 b,2009
366,,,,,221.24,,,-1,HD 96127 b,2011
367,0.2,0.009,-0.008,0,21.3,0.43,-0.45,0,HD 97658 b,2010
368,,,,,150.38,18.62,-24.75,0,HD 98219 b,2011
369,,,,,42.77,1.75,-1.91,0,HD 98649 b,2012
370,,,,,60.46,4.44,-5.2,0,HD 99109 b,2005
371,,,,,17.99,1.01,-1.14,0,HD 99492 b,2004
372,,,,,17.99,1.01,-1.14,0,HD 99492 c,2010
373,,,,,130.89,13.24,-16.6,0,HD 99706 b,2011
374,,,,,140.85,15.06,-19.16,0,HD 100655 b,2011
375,,,,,52.8,3,-3.38,0,HD 100777 b,2007
376,,,,,30.5,0.87,-0.92,0,HD 101930 b,2005
377,,,,,42,1.41,-1.52,0,HD 102117 b,2005
378,,,,,28.98,0.94,-1.01,0,HD 102195 b,2006
379,,,,,164.2,,,-1,HD 102272 b,2008
380,,,,,9.24,0.06,-0.06,0,HD 102365 b,2010
381,,,,,138.5,17.44,-23.31,0,HD 102329 b,2011
382,,,,,121.07,12.37,-15.55,0,HD 102956 b,2010
383,,,,,49.33,3.34,-3.86,0,HD 103197 b,2009
384,,,,,53.08,2.27,-2.48,0,HD 103774 b,2013
385,,,,,20.82,0.44,-0.46,0,HD 104067 b,2009
386,,,,,102.04,5.14,-5.72,0,HD 104985 b,2003
387,,,,,37.44,1.23,-1.32,0,HD 106252 b,2002
388,,,,,87.87,7.23,-8.65,0,HD 106270 b,2011
389,,,,,36.36,1.93,-2.16,0,HD 106515 A b,2012
390,,,,,91.83,7.01,-8.27,0,HD 106906 b,2013
391,,,,,51.26,2.5,-2.77,0,HD 107148 b,2005
392,,,,,38.56,1,-1.05,0,HD 108147 b,2002
393,,,,,138.5,18.02,-24.36,0,HD 108863 b,2011
394,,,,,68.54,5.37,-6.37,0,HD 108874 b,2002
395,,,,,68.54,5.37,-6.37,0,HD 108874 c,2005
396,,,,,65.62,3.16,-3.49,0,HD 109246 b,2010
397,,,,,56.92,2.89,-3.22,0,HD 109271 b,2013
398,,,,,56.92,2.89,-3.22,0,HD 109271 c,2013
399,,,,,59.03,5.98,-7.5,0,HD 109749 b,2005
400,,,,,97.66,7.73,-9.18,0,HD 110014 b,2009
401,,,,,28.88,0.65,-0.68,0,HD 111232 b,2003
402,,,,,37.42,0.73,-0.76,0,HD 113337 b,2013
403,,,,,15.71,0.32,-0.34,0,HD 113538 b,2010
404,,,,,15.71,0.32,-0.34,0,HD 113538 c,2010
405,,,,,28.04,1,-1.08,0,HD 114386 b,2003
406,,,,,20.48,0.33,-0.34,0,HD 114613 b,2014
407,,,,,40.57,2.24,-2.52,0,HD 114762 b,1989
408,,,,,20.43,0.43,-0.45,0,HD 114783 b,2001
409,,,,,35,1.15,-1.23,0,HD 114729 b,2002
410,,,,,110.62,10.82,-13.45,0,HD 116029 b,2011
411,,,,,33.01,0.97,-1.03,0,HD 117207 b,2004
412,,,,,38.02,1.3,-1.39,0,HD 117618 b,2004
413,,,,,88.57,6,-6.94,0,HD 118203 b,2005
414,,,,,97.66,4.46,-4.91,0,HD 120084 b,2013
415,,,,,44.37,1.72,-1.87,0,HD 121504 b,2003
416,,,,,52.83,3.64,-4.22,0,HD 125612 b,2007
417,,,,,52.83,3.64,-4.22,0,HD 125612 c,2009
418,,,,,52.83,3.64,-4.22,0,HD 125612 d,2009
419,,,,,27.45,0.88,-0.94,0,HD 125595 b,2009
420,,,,,68.35,4.98,-5.83,0,HD 126614 b,2009
421,,,,,16.57,0.27,-0.28,0,HD 128311 b,2002
422,,,,,16.57,0.27,-0.28,0,HD 128311 c,2005
423,,,,,67.61,4.8,-5.59,0,HD 129445 b,2009
424,,,,,29.76,1.28,-1.4,0,HD 130322 b,1999
425,,,,,121.36,12.9,-16.38,0,HD 131496 b,2011
426,,,,,70.97,3.68,-4.1,0,HD 132406 b,2007
427,,,,,98.52,16.28,-24.33,0,HD 132563 b,2011
428,,,,,57.21,2.8,-3.11,0,HD 131664 b,2008
429,,,,,25.65,0.63,-0.66,0,HD 134987 b,1999
430,,,,,25.65,0.63,-0.66,0,HD 134987 c,2009
431,,,,,106.38,7.57,-8.82,0,HD 136418 b,2009
432,,,,,121.36,7.46,-8.51,0,HD 139357 b,2008
433,,,,,38.45,2.59,-2.99,0,HD 137388 A b,2011
434,,,,,33.46,1.17,-1.25,0,HD 141937 b,2002
435,,,,,106.38,9.67,-11.82,0,HD 142245 b,2011
436,,,,,34.57,0.98,-1.03,0,HD 142415 b,2003
437,,,,,59.35,4.19,-4.88,0,HD 143361 b,2008
438,,,,,126.1,10.63,-12.78,0,HD 145457 b,2010
439,,,,,35.87,0.85,-0.9,0,HD 142022 A b,2005
440,,,,,55.19,3.16,-3.57,0,HD 145377 b,2008
441,,,,,42.68,1.66,-1.8,0,HD 147018 b,2009
442,,,,,42.68,1.66,-1.8,0,HD 147018 c,2009
443,,,,,12.87,0.14,-0.14,0,HD 147513 b,2003
444,,,,,53.05,2.75,-3.07,0,HD 148156 b,2009
445,,,,,59.28,3.19,-3.58,0,HD 148427 b,2009
446,0.813,0.027,-0.025,0,78.86,4.62,-5.24,0,HD 149026 b,2005
447,,,,,63.49,4.04,-4.63,0,HD 149143 b,2005
448,,,,,85.18,9.19,-11.72,0,HD 152079 b,2009
449,,,,,182.82,31.76,-48.67,0,HD 152581 b,2011
450,,,,,51.87,3.18,-3.63,0,HD 153950 b,2008
451,,,,,18.06,0.18,-0.18,0,HD 154345 b,2006
452,,,,,65.79,4.48,-5.18,0,HD 154672 b,2008
453,,,,,68.54,4.02,-4.56,0,HD 154857 b,2004
454,,,,,68.54,4.02,-4.56,0,HD 154857 c,2014
455,,,,,43.4,1.26,-1.34,0,HD 155358 b,2007
456,,,,,43.4,1.26,-1.34,0,HD 155358 c,2007
457,,,,,35.37,0.76,-0.79,0,HD 156279 b,2011
458,,,,,55.1,2.41,-2.64,0,HD 156411 b,2009
459,,,,,24.05,0.59,-0.62,0,HD 156668 b,2010
460,,,,,49,2.13,-2.34,0,HD 156846 b,2007
461,,,,,114.15,10.2,-12.43,0,HD 158038 b,2011
462,,,,,68.59,5.42,-6.43,0,HD 159243 b,2013
463,,,,,68.59,5.42,-6.43,0,HD 159243 c,2013
464,,,,,52.72,2.82,-3.15,0,HD 159868 b,2006
465,,,,,52.72,2.82,-3.15,0,HD 159868 c,2012
466,,,,,15.28,0.18,-0.19,0,HD 160691 b,2000
467,,,,,15.28,0.18,-0.19,0,HD 160691 c,2004
468,,,,,15.28,0.18,-0.19,0,HD 160691 d,2004
469,,,,,15.28,0.18,-0.19,0,HD 160691 e,2006
470,,,,,31.26,1.38,-1.52,0,HD 162020 b,2002
471,,,,,69.44,2.95,-3.23,0,HD 163607 b,2010
472,,,,,69.44,2.95,-3.23,0,HD 163607 c,2010
473,,,,,51.81,2.72,-3.04,0,HD 164509 b,2010
474,,,,,21.92,0.34,-0.35,0,HD 164922 b,2005
475,,,,,37.98,2.48,-2.85,0,HD 164604 b,2009
476,,,,,42.99,2.54,-2.88,0,HD 166724 b,2012
477,,,,,50,1.24,-1.31,0,HD 167042 b,2007
478,,,,,37.88,1.18,-1.26,0,HD 168443 b,1998
479,,,,,37.88,1.18,-1.26,0,HD 168443 c,2000
480,,,,,43.12,1.71,-1.86,0,HD 168746 b,2002
481,,,,,36.32,1.16,-1.24,0,HD 169830 b,2000
482,,,,,36.32,1.16,-1.24,0,HD 169830 c,2003
483,,,,,64.98,4.37,-5.05,0,HD 170469 b,2007
484,,,,,,,,,HD 171028 b,2007
485,,,,,44.05,2.33,-2.61,0,HD 171238 b,2009
486,,,,,134.95,9.01,-10.4,0,HD 173416 b,2008
487,,,,,67.02,3.85,-4.35,0,HD 175167 b,2009
488,,,,,127.55,16.07,-21.48,0,HD 175541 b,2007
489,,,,,59.03,2.54,-2.77,0,HD 177830 b,1999
490,,,,,59.03,2.54,-2.77,0,HD 177830 c,2010
491,,,,,46.73,8.78,-14.06,0,HD 178911 B b,2001
492,,,,,63.69,3.6,-4.06,0,HD 179079 b,2008
493,,,,,27.05,0.57,-0.6,0,HD 179949 b,2000
494,,,,,131.75,10.25,-12.13,0,HD 180314 b,2010
495,,,,,114.55,11.77,-14.82,0,HD 180902 b,2009
496,,,,,115.47,11.09,-13.73,0,HD 181342 b,2009
497,,,,,55.93,3.82,-4.42,0,HD 181720 b,2009
498,,,,,26.15,0.76,-0.81,0,HD 181433 b,2008
499,,,,,26.15,0.76,-0.81,0,HD 181433 c,2008
500,,,,,26.15,0.76,-0.81,0,HD 181433 d,2008
501,,,,,52.83,2.8,-3.13,0,HD 183263 b,2004
502,,,,,52.83,2.8,-3.13,0,HD 183263 c,2008
503,,,,,47.37,1.6,-1.72,0,HD 185269 b,2006
504,,,,,47.92,1.58,-1.69,0,HD 187123 b,1998
505,,,,,47.92,1.58,-1.69,0,HD 187123 c,1999
506,,,,,44.98,2.19,-2.43,0,HD 187085 b,2006
507,,,,,52.63,2.51,-2.77,0,HD 188015 b,2004
508,1.151,0.038,-0.038,0,19.25,0.32,-0.33,0,HD 189733 b,2005
509,,,,,62.11,2.97,-3.29,0,HD 190228 b,2002
510,,,,,15.89,0.16,-0.16,0,HD 190360 b,2003
511,,,,,15.89,0.16,-0.16,0,HD 190360 c,2005
512,,,,,54.23,3.05,-3.44,0,HD 190647 b,2007
513,,,,,189.39,36.26,-58.74,0,HD 190984 b,2009
514,,,,,19.89,0.44,-0.46,0,HD 192263 b,1999
515,,,,,8.82,0.07,-0.07,0,HD 192310 b,2011
516,,,,,8.82,0.07,-0.07,0,HD 192310 c,2011
517,,,,,67.39,3.89,-4.4,0,HD 192699 b,2007
518,,,,,37.35,1.2,-1.28,0,HD 195019 b,1999
519,,,,,46.93,1.92,-2.09,0,HD 196050 b,2002
520,,,,,43.57,3.65,-4.39,0,HD 196067 b,2012
521,,,,,32.99,0.86,-0.91,0,HD 196885 b,2007
522,,,,,32.83,0.63,-0.66,0,HD 197037 b,2011
523,,,,,68.35,4.5,-5.18,0,HD 200964 b,2010
524,,,,,68.35,4.5,-5.18,0,HD 200964 c,2010
525,,,,,46.34,2.33,-2.58,0,HD 202206 b,2002
526,,,,,46.34,2.33,-2.58,0,HD 202206 c,2004
527,,,,,40.85,1.68,-1.83,0,HD 203030 b,2006
528,,,,,47.3,2.26,-2.5,0,HD 204313 b,2009
529,,,,,47.3,2.26,-2.5,0,HD 204313 d,2012
530,,,,,26.95,0.88,-0.95,0,HD 204941 b,2011
531,,,,,90.33,8.3,-10.17,0,HD 205739 b,2008
532,,,,,170.07,27.01,-39.58,0,HD 206610 b,2009
533,,,,,55.31,3.42,-3.9,0,HD 207832 b,2012
534,,,,,55.31,3.42,-3.9,0,HD 207832 c,2012
535,,,,,352.11,75.1,-130.98,0,HD 208527 b,2012
536,,,,,43.99,1.87,-2.05,0,HD 208487 b,2004
537,1.38,0.017,-0.017,0,47.08,2.12,-2.33,0,HD 209458 b,1999
538,,,,,21.29,0.35,-0.36,0,HD 210277 b,1998
539,,,,,55.93,2.22,-2.41,0,HD 210702 b,2007
540,,,,,121.8,13.93,-18.06,0,HD 212771 b,2009
541,,,,,52.72,1.95,-2.11,0,HD 212301 b,2005
542,,,,,40.75,1.3,-1.39,0,HD 213240 b,2001
543,,,,,43.53,2.25,-2.51,0,HD 215497 b,2009
544,,,,,43.53,2.25,-2.51,0,HD 215497 c,2009
545,,,,,33.29,0.79,-0.83,0,HD 216435 b,2002
546,,,,,26.52,0.4,-0.41,0,HD 216437 b,2002
547,,,,,37.89,1.46,-1.59,0,HD 216770 b,2003
548,,,,,19.72,0.29,-0.3,0,HD 217107 b,1998
549,,,,,19.72,0.29,-0.3,0,HD 217107 c,2005
550,,,,,54.92,2.78,-3.09,0,HD 217786 b,2010
551,,,,,29.94,1.03,-1.11,0,HD 218566 b,2010
552,,,,,29.2,0.51,-0.53,0,HD 219077 b,2012
553,,,,,,,,,HD 219415 b,2012
554,,,,,81.1,6.14,-7.24,0,HD 219828 b,2007
555,,,,,289.02,42.71,-60.63,0,HD 220074 b,2012
556,,,,,45.23,1.81,-1.96,0,HD 220689 b,2012
557,,,,,48.43,2.32,-2.57,0,HD 220773 b,2011
558,,,,,52.88,2.2,-2.4,0,HD 221287 b,2007
559,,,,,50.45,2,-2.18,0,HD 222155 b,2011
560,,,,,41.95,1.87,-2.05,0,HD 222582 b,1999
561,,,,,94.07,9.33,-11.64,0,HD 224693 b,2006
562,,,,,108.46,11.94,-15.3,0,HD 231701 b,2007
563,,,,,,,,,HD 233604 b,2013
564,,,,,,,,,HD 240210 b,2009
565,,,,,307.69,,,-1,HD 240237 b,2011
566,,,,,54.92,4.02,-4.72,0,HD 290327 b,2009
567,,,,,9.42,0.22,-0.23,0,HD 285968 b,2008
568,,,,,50.2,3.49,-4.06,0,HD 330075 b,2004
569,,,,,44.8,3.89,-4.7,0,HIP 5158 b,2009
570,,,,,44.8,3.89,-4.7,0,HIP 5158 c,2011
571,,,,,23.8,0.86,-0.93,0,HIP 12961 b,2010
572,,,,,52.88,3.77,-4.39,0,HIP 14810 b,2005
573,,,,,52.88,3.77,-4.39,0,HIP 14810 c,2006
574,,,,,52.88,3.77,-4.39,0,HIP 14810 d,2009
575,,,,,11.03,0.36,-0.38,0,HIP 57050 b,2010
576,,,,,25.87,0.71,-0.75,0,HIP 57274 b,2011
577,,,,,25.87,0.71,-0.75,0,HIP 57274 c,2011
578,,,,,25.87,0.71,-0.75,0,HIP 57274 d,2011
579,1.22,,,0,11.43,0.19,-0.2,0,HIP 63510 c,2010
580,,,,,149.25,13.94,-17.14,0,HIP 63242 b,2013
581,,,,,23.98,1.11,-1.22,0,HIP 70849 b,2009
582,,,,,31.33,0.49,-0.51,0,HIP 75458 b,2002
583,,,,,131.93,14.28,-18.22,0,HIP 78530 b,2010
584,,,,,14.9,0.75,-0.83,0,HIP 79431 b,2009
585,,,,,44.46,1.38,-1.47,0,HIP 91258 b,2013
586,,,,,17.24,0.16,-0.17,0,HR 810 b,1999
587,1.2,0.1,-0.1,0,39.94,1.31,-1.4,0,HR 8799 b,2008
588,1.2,0.1,0,0,39.94,1.31,-1.4,0,HR 8799 c,2008
589,1.2,0.1,0,0,39.94,1.31,-1.4,0,HR 8799 d,2008
590,,,,,39.94,1.31,-1.4,0,HR 8799 e,2010
591,1.11,0.032,-0.022,0,262,14,-14,0,KELT-1 b,2012
592,1.286,0.065,-0.047,0,124.22,16.58,-22.62,0,KELT-2 A b,2012
593,1.345,0.072,-0.072,0,178,16,-16,0,KELT-3 b,2013
594,1.193,0.13,-0.077,0,222,8,-8,0,KELT-6 b,2014
595,1.272,0.041,-0.041,0,213,11,-11,0,TrES-2 b,2006
596,1.342,0.068,-0.068,0,320,50,-40,0,HAT-P-7 b,2008
597,0.422,0.014,-0.014,0,38,1.3,-1.3,0,HAT-P-11 b,2008
598,0.357,0.019,-0.019,0,550,80,-80,0,Kepler-4 b,2009
599,1.431,0.041,-0.052,0,,,,,Kepler-5 b,2009
600,1.323,0.026,-0.029,0,,,,,Kepler-6 b,2009
601,1.478,0.05,-0.051,0,,,,,Kepler-7 b,2009
602,1.419,0.056,-0.058,0,1330,180,-180,0,Kepler-8 b,2010
603,0.842,0.069,-0.069,0,650,,,0,Kepler-9 b,2010
604,0.823,0.067,-0.067,0,650,,,0,Kepler-9 c,2010
605,0.146,0.017,-0.012,0,650,,,0,Kepler-9 d,2010
606,0.126,0.003,-0.003,0,173,27,-27,0,Kepler-10 b,2011
607,0.199,0.005,-0.005,0,173,27,-27,0,Kepler-10 c,2011
608,0.161,0.003,-0.004,0,613,,,0,Kepler-11 b,2010
609,0.256,0.004,-0.005,0,613,,,0,Kepler-11 c,2010
610,0.278,0.005,-0.006,0,613,,,0,Kepler-11 d,2010
611,0.374,0.006,-0.008,0,613,,,0,Kepler-11 e,2010
612,0.222,0.004,-0.006,0,613,,,0,Kepler-11 f,2010
613,0.297,0.005,-0.007,0,613,,,0,Kepler-11 g,2010
614,1.695,0.028,-0.032,0,600,,,0,Kepler-12 b,2011
615,1.83,,,0,,,,,KOI-13 b,2011
616,1.136,0.073,-0.054,0,980,,,0,Kepler-14 b,2011
617,0.96,0.06,-0.07,0,,,,,Kepler-15 b,2011
618,0.754,0.003,-0.003,0,61,,,0,Kepler-16 b,2011
619,1.31,0.02,-0.02,0,800,100,-100,0,Kepler-17 b,2011
620,0.178,0.009,-0.009,0,,,,,Kepler-18 b,2011
621,0.49,0.023,-0.023,0,,,,,Kepler-18 c,2011
622,0.623,0.029,-0.029,0,,,,,Kepler-18 d,2011
623,0.197,0.004,-0.004,0,2119,,,0,Kepler-19 b,2011
624,,,,,2119,,,0,Kepler-19 c,2011
625,0.17,0.011,-0.019,0,290,30,-30,0,Kepler-20 b,2011
626,0.274,0.018,-0.028,0,290,30,-30,0,Kepler-20 c,2011
627,0.245,0.015,-0.027,0,290,30,-30,0,Kepler-20 d,2011
628,0.077,0.007,-0.009,0,290,30,-30,0,Kepler-20 e,2011
629,0.092,0.009,-0.012,0,290,30,-30,0,Kepler-20 f,2011
630,0.146,0.003,-0.004,0,108,10,-10,0,Kepler-21 b,2011
631,0.212,0.012,-0.012,0,190,,,0,Kepler-22 b,2011
632,0.17,,,0,800,,,,Kepler-23 b,2011
633,0.285,,,0,800,,,,Kepler-23 c,2011
634,0.196,0.008,-0.008,0,800,,,,Kepler-23 d,2014
635,0.214,,,0,1200,,,0,Kepler-24 b,2011
636,0.25,,,0,1200,,,0,Kepler-24 c,2011
637,0.149,0.035,-0.035,0,1200,,,0,Kepler-24 d,2014
638,0.248,0.057,-0.057,0,1200,,,0,Kepler-24 e,2014
639,0.232,,,0,,,,,Kepler-25 b,2011
640,0.401,,,0,,,,,Kepler-25 c,2011
641,,,,,,,,,Kepler-25 d,2014
642,0.321,,,0,,,,,Kepler-26 b,2011
643,0.321,,,0,,,,,Kepler-26 c,2011
644,0.095,0.005,-0.005,0,,,,,Kepler-26 d,2014
645,0.215,0.013,-0.013,0,,,,,Kepler-26 e,2014
646,0.357,,,0,,,,,Kepler-27 b,2011
647,0.437,,,0,,,,,Kepler-27 c,2011
648,0.321,,,0,,,,,Kepler-28 b,2011
649,0.303,,,0,,,,,Kepler-28 c,2011
650,0.321,0.045,-0.045,0,1400,,,0,Kepler-29 b,2011
651,0.259,0.036,-0.036,0,1400,,,0,Kepler-29 c,2011
652,0.348,0.018,-0.018,0,1400,,,0,Kepler-30 b,2012
653,1.097,0.036,-0.036,0,1400,,,0,Kepler-30 c,2012
654,0.785,0.045,-0.045,0,1400,,,0,Kepler-30 d,2012
655,0.491,0.098,-0.098,0,2100,,,0,Kepler-31 b,2011
656,0.473,0.098,-0.098,0,2100,,,0,Kepler-31 c,2011
657,0.407,0.099,-0.099,0,2100,,,0,Kepler-31 d,2014
658,0.196,0.018,-0.018,0,303,14,-14,0,Kepler-32 b,2011
659,0.178,0.018,-0.018,0,303,14,-14,0,Kepler-32 c,2011
660,0.241,0.009,-0.009,0,303,14,-14,0,Kepler-32 d,2012
661,0.134,0.009,-0.009,0,303,14,-14,0,Kepler-32 e,2012
662,0.072,0.004,-0.004,0,303,14,-14,0,Kepler-32 f,2012
663,0.155,0.016,-0.016,0,,,,,Kepler-33 b,2011
664,0.285,0.027,-0.027,0,,,,,Kepler-33 c,2011
665,0.477,0.044,-0.044,0,,,,,Kepler-33 d,2011
666,0.359,0.034,-0.034,0,,,,,Kepler-33 e,2011
667,0.398,0.037,-0.037,0,,,,,Kepler-33 f,2011
668,0.764,0.012,-0.014,0,1499,33,-33,0,Kepler-34 b,2011
669,0.728,0.014,-0.014,0,1645,43,-43,0,Kepler-35 b,2011
670,0.133,0.003,-0.003,0,470,,,0,Kepler-36 b,2012
671,0.328,0.005,-0.005,0,470,,,0,Kepler-36 c,2012
672,0.027,0.005,-0.007,0,66,,,0,Kepler-37 b,2013
673,0.066,0.006,-0.007,0,66,,,0,Kepler-37 c,2013
674,0.178,0.01,-0.012,0,66,,,0,Kepler-37 d,2013
675,0.384,0.01,-0.01,0,600,,,0,Kepler-38 b,2012
676,1.22,0.12,-0.1,0,1200,250,-250,0,Kepler-39 b,2011
677,1.17,0.04,-0.04,0,2700,200,-200,0,Kepler-40 b,2010
678,0.89,0.05,-0.05,0,770,100,-100,0,Kepler-41 b,2011
679,0.07,0.02,-0.02,0,38.7,6.3,-6.3,0,Kepler-42 b,2011
680,0.065,0.018,-0.018,0,38.7,6.3,-6.3,0,Kepler-42 c,2011
681,0.051,0.016,-0.016,0,38.7,6.3,-6.3,0,Kepler-42 d,2011
682,1.2,0.06,-0.06,0,1950,250,-250,0,Kepler-43 b,2011
683,1.24,0.07,-0.07,0,2250,300,-300,0,Kepler-44 b,2011
684,0.96,0.11,-0.11,0,333,33,-33,0,Kepler-45 b,2011
685,0.808,0.042,-0.043,0,855,68,-65,0,Kepler-46 b,2012
686,,,,,855,68,-65,0,Kepler-46 c,2012
687,0.146,0.082,-0.082,0,855,68,-65,0,Kepler-46 d,2014
688,0.27,0.011,-0.011,0,1500,,,0,Kepler-47 b,2012
689,0.411,0.018,-0.018,0,1500,,,0,Kepler-47 c,2012
690,0.191,,,0,,,,,Kepler-48 b,2012
691,0.28,,,0,,,,,Kepler-48 c,2012
692,0.182,0.01,-0.01,0,,,,,Kepler-48 d,2014
693,,,,,,,,,Kepler-48 e,2014
694,0.243,,,0,,,,,Kepler-49 b,2012
695,0.227,,,0,,,,,Kepler-49 c,2012
696,0.143,0.006,-0.006,0,,,,,Kepler-49 d,2014
697,0.139,0.007,-0.007,0,,,,,Kepler-49 e,2014
698,0.153,0.004,-0.009,0,,,,,Kepler-50 b,2012
699,0.194,0.006,-0.007,0,,,,,Kepler-50 c,2012
700,0.633,0.027,-0.027,0,,,,,Kepler-51 b,2012
701,0.803,0.25,-0.152,0,,,,,Kepler-51 c,2012
702,0.865,0.045,-0.045,0,,,,,KOI-620.02,2014
703,0.187,,,0,,,,,Kepler-52 b,2012
704,0.164,,,0,,,,,Kepler-52 c,2012
705,0.174,0.019,-0.019,0,,,,,Kepler-52 d,2014
706,0.258,,,0,,,,,Kepler-53 b,2012
707,0.283,,,0,,,,,Kepler-53 c,2012
708,0.189,0.094,-0.094,0,,,,,Kepler-53 d,2014
709,0.187,,,0,,,,,Kepler-54 b,2012
710,0.11,,,0,,,,,Kepler-54 c,2012
711,0.136,0.007,-0.007,0,,,,,Kepler-54 d,2014
712,0.217,,,0,,,,,Kepler-55 b,2012
713,0.197,,,0,,,,,Kepler-55 c,2012
714,0.142,0.008,-0.008,0,,,,,Kepler-55 d,2014
715,0.138,0.021,-0.021,0,,,,,Kepler-55 e,2014
716,0.142,0.009,-0.009,0,,,,,Kepler-55 f,2014
717,0.581,0.026,-0.025,0,,,,,Kepler-56 b,2012
718,0.874,0.041,-0.041,0,,,,,Kepler-56 c,2012
719,0.195,,,0,,,,,Kepler-57 b,2012
720,0.138,,,0,,,,,Kepler-57 c,2012
721,0.248,,,0,,,,,Kepler-58 b,2012
722,0.255,,,0,,,,,Kepler-58 c,2012
723,0.262,0.125,-0.125,0,,,,,Kepler-58 d,2014
724,0.098,,,0,,,,,Kepler-59 b,2012
725,0.177,,,0,,,,,Kepler-59 c,2012
726,0.203,,,0,,,,,Kepler-60 b,2012
727,0.22,,,0,,,,,Kepler-60 c,2012
728,0.227,,,0,,,,,Kepler-60 d,2012
729,0.192,0.012,-0.012,0,,,,,Kepler-61 b,2013
730,0.117,0.004,-0.004,0,368,,,0,Kepler-62 b,2013
731,0.048,0.003,-0.003,0,368,,,0,Kepler-62 c,2013
732,0.174,0.006,-0.006,0,368,,,0,Kepler-62 d,2013
733,0.144,0.004,-0.004,0,368,,,0,Kepler-62 e,2013
734,0.126,0.006,-0.006,0,368,,,0,Kepler-62 f,2013
735,0.545,0.018,-0.018,0,200,15,-15,0,Kepler-63 b,2013
736,0.551,0.015,-0.015,0,1000,,,,PH1 b,2012
737,0.127,0.003,-0.003,0,,,,,Kepler-65 b,2012
738,0.23,0.005,-0.005,0,,,,,Kepler-65 c,2012
739,0.136,0.004,-0.004,0,,,,,Kepler-65 d,2012
740,0.25,0.014,-0.014,0,1107,90,-90,0,Kepler-66 b,2013
741,0.262,0.014,-0.014,0,1107,90,-90,0,Kepler-67 b,2013
742,0.206,0.005,-0.008,0,135,10,-10,0,Kepler-68 b,2012
743,0.085,0.003,-0.004,0,135,10,-10,0,Kepler-68 c,2012
744,,,,,135,10,-10,0,Kepler-68 d,2012
745,0.2,0.039,-0.026,0,,,,,Kepler-69 b,2013
746,0.153,0.03,-0.021,0,,,,,Kepler-69 c,2013
747,0.068,,,0,1180,95,-95,0,KOI-55 b,2011
748,0.077,,,0,1180,95,-95,0,KOI-55 c,2011
749,1.11,0.02,-0.02,0,800,,,0,KOI-217 b,2010
750,1.32,0.14,-0.14,0,1330,170,-170,0,Kepler-74 b,2013
751,1.03,0.06,-0.06,0,1140,250,-160,0,Kepler-75 b,2013
752,1.25,0.08,-0.08,0,,,,,Kepler-76 b,2013
753,0.96,0.016,-0.016,0,570,70,-70,0,Kepler-77 b,2013
754,0.105,0.014,-0.008,0,,,,,Kepler-78 b,2013
755,0.231,0.073,-0.073,0,,,,,Kepler-79 b,2012
756,0.247,0.079,-0.079,0,,,,,Kepler-79 c,2012
757,0.677,0.121,-0.121,0,,,,,Kepler-79 d,2014
758,0.3,0.062,-0.062,0,,,,,Kepler-79 e,2014
759,0.236,0.01,-0.01,0,,,,,Kepler-80 b,2012
760,0.249,0.012,-0.012,0,,,,,Kepler-80 c,2012
761,0.155,0.018,-0.018,0,,,,,Kepler-80 d,2014
762,0.146,0.019,-0.019,0,,,,,Kepler-80 e,2014
763,0.216,0.034,-0.034,0,,,,,Kepler-81 b,2012
764,0.211,0.033,-0.033,0,,,,,Kepler-81 c,2012
765,0.108,0.024,-0.024,0,,,,,Kepler-81 d,2014
766,0.357,0.162,-0.162,0,,,,,Kepler-82 b,2012
767,0.477,0.218,-0.218,0,,,,,Kepler-82 c,2012
768,0.158,0.024,-0.024,0,,,,,Kepler-82 d,2014
769,0.22,0.033,-0.033,0,,,,,Kepler-82 e,2014
770,0.252,0.037,-0.037,0,,,,,Kepler-83 b,2012
771,0.211,0.031,-0.031,0,,,,,Kepler-83 c,2012
772,0.173,0.012,-0.012,0,,,,,Kepler-83 d,2014
773,0.199,0.009,-0.009,0,,,,,Kepler-84 b,2012
774,0.211,0.01,-0.01,0,,,,,Kepler-84 c,2012
775,0.123,0.024,-0.024,0,,,,,Kepler-84 d,2014
776,0.232,0.044,-0.044,0,,,,,Kepler-84 e,2014
777,0.196,0.038,-0.038,0,,,,,Kepler-84 f,2014
778,0.176,0.009,-0.009,0,,,,,Kepler-85 b,2012
779,0.194,0.009,-0.009,0,,,,,Kepler-85 c,2012
780,0.107,0.017,-0.017,0,,,,,Kepler-85 d,2014
781,0.113,0.018,-0.018,0,,,,,Kepler-85 e,2014
782,0.903,0.05,-0.05,0,,,,,PH2 b,2013
783,1.204,0.049,-0.049,0,,,,,Kepler-87 b,2013
784,0.548,0.026,-0.026,0,,,,,Kepler-87 c,2013
785,0.337,0.035,-0.032,0,339,25,-23,0,KOI-142 b,2013
786,,,,,339,25,-23,0,KOI-142 c,2013
787,0.153,0.014,-0.014,0,,,,,KOI-94 b,2013
788,0.385,0.037,-0.037,0,,,,,KOI-94 c,2013
789,1.005,0.095,-0.095,0,,,,,KOI-94 d,2013
790,0.585,0.055,-0.055,0,,,,,KOI-94 e,2013
791,0.117,0.015,-0.015,0,780,100,-100,0,KOI-351 b,2013
792,0.106,0.012,-0.012,0,780,100,-100,0,KOI-351 c,2013
793,0.256,0.027,-0.027,0,780,100,-100,0,KOI-351 d,2013
794,0.237,0.026,-0.026,0,780,100,-100,0,KOI-351 e,2013
795,0.257,0.046,-0.046,0,780,100,-100,0,KOI-351 f,2013
796,0.723,0.071,-0.071,0,780,100,-100,0,KOI-351 g,2013
797,1.008,0.089,-0.089,0,780,100,-100,0,KOI-351 h,2013
798,1.384,0.011,-0.054,0,1030,150,-130,0,Kepler-91 b,2013
799,0.313,0.009,-0.009,0,,,,,Kepler-92 b,2013
800,0.232,0.007,-0.007,0,,,,,Kepler-92 c,2013
801,0.134,0.003,-0.003,0,,,,,Kepler-93 b,2014
802,,,,,,,,,Kepler-93 c,2014
803,0.313,0.013,-0.013,0,,,,,Kepler-94 b,2014
804,,,,,,,,,Kepler-94 c,2014
805,0.305,0.008,-0.008,0,,,,,Kepler-95 b,2014
806,0.238,0.02,-0.02,0,,,,,Kepler-96 b,2014
807,0.132,0.012,-0.012,0,,,,,Kepler-97 b,2014
808,,,,,,,,,Kepler-97 c,2014
809,0.178,0.02,-0.02,0,,,,,Kepler-98 b,2014
810,0.132,0.007,-0.007,0,,,,,Kepler-99 b,2014
811,0.118,0.004,-0.004,0,,,,,Kepler-100 b,2014
812,0.196,0.004,-0.004,0,,,,,Kepler-100 c,2014
813,0.144,0.004,-0.004,0,,,,,Kepler-100 d,2014
814,0.524,0.13,-0.13,0,,,,,Kepler-101 b,2014
815,0.119,0.03,-0.03,0,,,,,Kepler-101 c,2014
816,0.042,0.002,-0.002,0,,,,,Kepler-102 b,2014
817,0.052,0.002,-0.002,0,,,,,Kepler-102 c,2014
818,0.105,0.004,-0.004,0,,,,,Kepler-102 d,2014
819,0.198,0.006,-0.006,0,,,,,Kepler-102 e,2013
820,0.079,0.003,-0.003,0,,,,,Kepler-102 f,2014
821,0.301,0.008,-0.008,0,,,,,Kepler-103 b,2014
822,0.459,0.012,-0.012,0,,,,,Kepler-103 c,2014
823,0.277,0.047,-0.047,0,,,,,Kepler-104 b,2014
824,0.279,0.049,-0.049,0,,,,,Kepler-104 c,2014
825,0.319,0.054,-0.054,0,,,,,Kepler-104 d,2014
826,0.429,0.136,-0.136,0,,,,,Kepler-105 b,2013
827,0.144,0.03,-0.03,0,,,,,Kepler-105 c,2014
828,0.073,0.01,-0.01,0,,,,,Kepler-106 b,2014
829,0.223,0.029,-0.029,0,,,,,Kepler-106 c,2014
830,0.085,0.012,-0.012,0,,,,,Kepler-106 d,2014
831,0.228,0.029,-0.029,0,,,,,Kepler-106 e,2014
832,0.139,0.005,-0.005,0,,,,,Kepler-107 b,2014
833,0.161,0.016,-0.016,0,,,,,Kepler-107 c,2014
834,0.095,0.005,-0.005,0,,,,,Kepler-107 d,2014
835,0.308,0.022,-0.022,0,,,,,Kepler-107 e,2014
836,0.772,0.043,-0.043,0,,,,,Kepler-108 b,2014
837,0.73,0.045,-0.045,0,,,,,Kepler-108 c,2014
838,0.211,0.006,-0.006,0,,,,,Kepler-109 b,2014
839,0.225,0.006,-0.006,0,,,,,Kepler-109 c,2014
840,0.163,0.032,-0.032,0,,,,,Kepler-110 b,2014
841,0.197,0.039,-0.039,0,,,,,Kepler-110 c,2014
842,0.141,0.018,-0.018,0,,,,,Kepler-111 b,2014
843,0.651,0.081,-0.081,0,,,,,Kepler-111 c,2014
844,0.211,0.051,-0.051,0,,,,,Kepler-112 b,2014
845,0.214,0.052,-0.052,0,,,,,Kepler-112 c,2014
846,0.162,0.004,-0.004,0,,,,,Kepler-113 b,2014
847,0.194,0.005,-0.005,0,,,,,Kepler-113 c,2014
848,0.112,0.012,-0.012,0,,,,,Kepler-114 b,2014
849,0.143,0.016,-0.016,0,,,,,Kepler-114 c,2013
850,0.226,0.025,-0.025,0,,,,,Kepler-114 d,2013
851,0.097,0.019,-0.019,0,,,,,Kepler-115 b,2014
852,0.232,0.045,-0.045,0,,,,,Kepler-115 c,2014
853,0.305,0.058,-0.058,0,,,,,Kepler-116 b,2014
854,0.205,0.039,-0.039,0,,,,,Kepler-116 c,2014
855,0.697,0.132,-0.132,0,,,,,Kepler-117 b,2014
856,1.008,0.191,-0.191,0,,,,,Kepler-117 c,2014
857,0.175,0.084,-0.084,0,,,,,Kepler-118 b,2014
858,0.685,0.306,-0.306,0,,,,,Kepler-118 c,2014
859,0.321,0.122,-0.122,0,,,,,Kepler-119 b,2014
860,0.082,0.031,-0.031,0,,,,,Kepler-119 c,2014
861,0.192,0.015,-0.015,0,,,,,Kepler-120 b,2014
862,0.136,0.008,-0.008,0,,,,,Kepler-120 c,2014
863,0.209,0.113,-0.113,0,,,,,Kepler-121 b,2014
864,0.203,0.112,-0.112,0,,,,,Kepler-121 c,2014
865,0.209,0.041,-0.041,0,,,,,Kepler-122 b,2014
866,0.524,0.103,-0.103,0,,,,,Kepler-122 c,2014
867,0.196,0.039,-0.039,0,,,,,Kepler-122 d,2014
868,0.232,0.048,-0.048,0,,,,,Kepler-122 e,2014
869,0.262,0.051,-0.051,0,,,,,Kepler-123 b,2014
870,0.132,0.027,-0.027,0,,,,,Kepler-123 c,2014
871,0.065,0.004,-0.004,0,,,,,Kepler-124 b,2014
872,0.156,0.008,-0.008,0,,,,,Kepler-124 c,2014
873,0.099,0.006,-0.006,0,,,,,Kepler-124 d,2014
874,0.211,0.009,-0.009,0,,,,,Kepler-125 b,2014
875,0.066,0.004,-0.004,0,,,,,Kepler-125 c,2014
876,0.136,0.009,-0.009,0,,,,,Kepler-126 b,2014
877,0.141,0.012,-0.012,0,,,,,Kepler-126 c,2014
878,0.223,0.004,-0.004,0,,,,,Kepler-126 d,2014
879,0.125,0.004,-0.004,0,,,,,Kepler-127 b,2014
880,0.237,0.012,-0.012,0,,,,,Kepler-127 c,2014
881,0.236,0.012,-0.012,0,,,,,Kepler-127 d,2014
882,0.101,0.003,-0.003,0,,,,,Kepler-128 b,2013
883,0.101,0.003,-0.003,0,,,,,Kepler-128 c,2013
884,0.211,0.019,-0.019,0,,,,,Kepler-129 b,2014
885,0.227,0.009,-0.009,0,,,,,Kepler-129 c,2014
886,0.091,0.004,-0.004,0,,,,,Kepler-130 b,2014
887,0.259,0.022,-0.022,0,,,,,Kepler-130 c,2013
888,0.146,0.014,-0.014,0,,,,,Kepler-130 d,2014
889,0.215,0.018,-0.018,0,,,,,Kepler-131 b,2014
890,0.075,0.006,-0.006,0,,,,,Kepler-131 c,2014
891,0.108,0.021,-0.021,0,,,,,Kepler-132 b,2014
892,0.114,0.022,-0.022,0,,,,,Kepler-132 c,2014
893,0.138,0.027,-0.027,0,,,,,Kepler-132 d,2014
894,0.157,0.027,-0.027,0,,,,,Kepler-133 b,2014
895,0.253,0.043,-0.043,0,,,,,Kepler-133 c,2014
896,0.178,0.035,-0.035,0,,,,,Kepler-134 b,2014
897,0.112,0.022,-0.022,0,,,,,Kepler-134 c,2014
898,0.161,0.031,-0.031,0,,,,,Kepler-135 b,2014
899,0.103,0.021,-0.021,0,,,,,Kepler-135 c,2014
900,0.183,0.034,-0.034,0,,,,,Kepler-136 b,2014
901,0.178,0.033,-0.033,0,,,,,Kepler-136 c,2014
902,0.131,0.01,-0.01,0,,,,,Kepler-137 b,2014
903,0.168,0.012,-0.012,0,,,,,Kepler-137 c,2014
904,0.054,0.004,-0.004,0,,,,,Kepler-138 b,2014
905,0.144,0.014,-0.013,0,,,,,Kepler-138 c,2014
906,0.144,0.014,-0.013,0,,,,,Kepler-138 d,2014
907,0.262,0.051,-0.051,0,,,,,Kepler-139 b,2014
908,0.302,0.062,-0.062,0,,,,,Kepler-139 c,2014
909,0.144,0.028,-0.028,0,,,,,Kepler-140 b,2014
910,0.161,0.031,-0.031,0,,,,,Kepler-140 c,2014
911,0.062,0.004,-0.004,0,,,,,Kepler-141 b,2014
912,0.126,0.008,-0.008,0,,,,,Kepler-141 c,2014
913,0.178,0.035,-0.035,0,,,,,Kepler-142 b,2014
914,0.255,0.049,-0.049,0,,,,,Kepler-142 c,2014
915,0.193,0.042,-0.042,0,,,,,Kepler-142 d,2014
916,0.215,0.054,-0.054,0,,,,,Kepler-143 b,2014
917,0.301,0.075,-0.075,0,,,,,Kepler-143 c,2014
918,0.119,0.023,-0.023,0,,,,,Kepler-144 b,2014
919,0.12,0.023,-0.023,0,,,,,Kepler-144 c,2014
920,0.236,0.007,-0.007,0,,,,,Kepler-145 b,2013
921,0.385,0.011,-0.011,0,,,,,Kepler-145 c,2013
922,0.331,0.062,-0.062,0,,,,,Kepler-146 b,2014
923,0.279,0.053,-0.053,0,,,,,Kepler-146 c,2014
924,0.136,0.028,-0.028,0,,,,,Kepler-147 b,2014
925,0.217,0.044,-0.044,0,,,,,Kepler-147 c,2014
926,0.161,0.078,-0.078,0,,,,,Kepler-148 b,2014
927,0.321,0.157,-0.157,0,,,,,Kepler-148 c,2014
928,0.376,0.054,-0.054,0,,,,,Kepler-149 b,2014
929,0.144,0.021,-0.021,0,,,,,Kepler-149 c,2014
930,0.353,0.061,-0.061,0,,,,,Kepler-149 d,2014
931,0.112,0.017,-0.017,0,,,,,Kepler-150 b,2014
932,0.329,0.053,-0.053,0,,,,,Kepler-150 c,2014
933,0.249,0.037,-0.037,0,,,,,Kepler-150 d,2014
934,0.278,0.049,-0.049,0,,,,,Kepler-150 e,2014
935,0.273,0.136,-0.136,0,,,,,Kepler-151 b,2014
936,0.186,0.093,-0.093,0,,,,,Kepler-151 c,2014
937,0.249,0.015,-0.015,0,,,,,Kepler-152 b,2014
938,0.213,0.014,-0.014,0,,,,,Kepler-152 c,2014
939,0.261,0.157,-0.157,0,,,,,Kepler-153 b,2014
940,0.226,0.136,-0.136,0,,,,,Kepler-153 c,2014
941,0.202,0.039,-0.039,0,,,,,Kepler-154 b,2014
942,0.263,0.055,-0.055,0,,,,,Kepler-154 c,2014
943,0.186,0.019,-0.019,0,,,,,Kepler-155 b,2014
944,0.2,0.013,-0.013,0,,,,,Kepler-155 c,2014
945,0.205,0.015,-0.015,0,,,,,Kepler-156 b,2014
946,0.227,0.017,-0.017,0,,,,,Kepler-156 c,2014
947,0.118,0.023,-0.023,0,,,,,Kepler-157 b,2014
948,0.2,0.038,-0.038,0,,,,,Kepler-157 c,2014
949,0.189,0.032,-0.032,0,,,,,Kepler-158 b,2014
950,0.17,0.027,-0.027,0,,,,,Kepler-158 c,2014
951,0.212,0.016,-0.016,0,,,,,Kepler-159 b,2014
952,0.304,0.025,-0.025,0,,,,,Kepler-159 c,2014
953,0.137,0.068,-0.068,0,,,,,Kepler-160 b,2014
954,0.322,0.158,-0.158,0,,,,,Kepler-160 c,2014
955,0.189,0.012,-0.012,0,,,,,Kepler-161 b,2014
956,0.183,0.013,-0.013,0,,,,,Kepler-161 c,2014
957,0.112,0.06,-0.06,0,,,,,Kepler-162 b,2014
958,0.27,0.145,-0.145,0,,,,,Kepler-162 c,2014
959,0.094,0.039,-0.039,0,,,,,Kepler-163 b,2014
960,0.202,0.084,-0.084,0,,,,,Kepler-163 c,2014
961,0.126,0.025,-0.025,0,,,,,Kepler-164 b,2014
962,0.244,0.046,-0.046,0,,,,,Kepler-164 c,2014
963,0.219,0.042,-0.042,0,,,,,Kepler-164 d,2014
964,0.207,0.126,-0.126,0,,,,,Kepler-165 b,2014
965,0.199,0.12,-0.12,0,,,,,Kepler-165 c,2014
966,0.203,0.104,-0.104,0,,,,,Kepler-166 b,2014
967,0.212,0.11,-0.11,0,,,,,Kepler-166 c,2014
968,0.129,0.008,-0.008,0,,,,,Kepler-167 b,2014
969,0.122,0.007,-0.007,0,,,,,Kepler-167 c,2014
970,0.13,0.059,-0.059,0,,,,,Kepler-168 b,2014
971,0.24,0.108,-0.108,0,,,,,Kepler-168 c,2014
972,0.101,0.007,-0.007,0,,,,,Kepler-169 b,2014
973,0.108,0.007,-0.007,0,,,,,Kepler-169 c,2014
974,0.112,0.008,-0.008,0,,,,,Kepler-169 d,2014
975,0.196,0.026,-0.026,0,,,,,Kepler-169 e,2014
976,0.23,0.021,-0.021,0,,,,,Kepler-169 f,2014
977,0.285,0.02,-0.02,0,,,,,Kepler-170 b,2014
978,0.255,0.015,-0.015,0,,,,,Kepler-170 c,2014
979,0.209,0.094,-0.094,0,,,,,Kepler-171 b,2014
980,0.228,0.103,-0.103,0,,,,,Kepler-171 c,2014
981,0.169,0.08,-0.08,0,,,,,Kepler-171 d,2014
982,0.21,0.037,-0.037,0,,,,,Kepler-172 b,2014
983,0.255,0.047,-0.047,0,,,,,Kepler-172 c,2014
984,0.201,0.036,-0.036,0,,,,,Kepler-172 d,2014
985,0.246,0.05,-0.05,0,,,,,Kepler-172 e,2014
986,0.115,0.057,-0.057,0,,,,,Kepler-173 b,2014
987,0.217,0.108,-0.108,0,,,,,Kepler-173 c,2014
988,0.175,0.01,-0.01,0,,,,,Kepler-174 b,2014
989,0.133,0.008,-0.008,0,,,,,Kepler-174 c,2014
990,0.195,0.012,-0.012,0,,,,,Kepler-174 d,2014
991,0.228,0.114,-0.114,0,,,,,Kepler-175 b,2014
992,0.277,0.139,-0.139,0,,,,,Kepler-175 c,2014
993,0.128,0.065,-0.065,0,,,,,Kepler-176 b,2014
994,0.232,0.119,-0.119,0,,,,,Kepler-176 c,2014
995,0.224,0.118,-0.118,0,,,,,Kepler-176 d,2014
996,0.259,0.136,-0.027,0,,,,,Kepler-177 b,2013
997,0.633,0.331,-0.064,0,,,,,Kepler-177 c,2013
998,0.259,0.112,-0.112,0,,,,,Kepler-178 b,2014
999,0.257,0.11,-0.11,0,,,,,Kepler-178 c,2014
1000,0.352,0.152,-0.152,0,,,,,Kepler-178 d,2014
1001,0.146,0.061,-0.061,0,,,,,Kepler-179 b,2014
1002,0.178,0.072,-0.072,0,,,,,Kepler-179 c,2014
1003,0.134,0.06,-0.06,0,,,,,Kepler-180 b,2014
1004,0.269,0.12,-0.12,0,,,,,Kepler-180 c,2014
1005,0.113,0.055,-0.055,0,,,,,Kepler-181 b,2014
1006,0.178,0.087,-0.087,0,,,,,Kepler-181 c,2014
1007,0.23,0.105,-0.105,0,,,,,Kepler-182 b,2014
1008,0.306,0.136,-0.136,0,,,,,Kepler-182 c,2014
1009,0.184,0.079,-0.079,0,,,,,Kepler-183 b,2014
1010,0.203,0.087,-0.087,0,,,,,Kepler-183 c,2014
1011,0.211,0.119,-0.119,0,,,,,Kepler-184 b,2014
1012,0.176,0.099,-0.099,0,,,,,Kepler-184 c,2014
1013,0.222,0.126,-0.126,0,,,,,Kepler-184 d,2014
1014,0.104,0.06,-0.06,0,,,,,Kepler-185 b,2014
1015,0.18,0.104,-0.104,0,,,,,Kepler-185 c,2014
1016,0.102,0.008,-0.008,0,,,,,Kepler-186 b,2014
1017,0.12,0.009,-0.009,0,,,,,Kepler-186 c,2014
1018,0.139,0.014,-0.014,0,,,,,Kepler-186 d,2014
1019,0.119,0.009,-0.009,0,,,,,Kepler-186 e,2014
1020,0.126,0.025,-0.025,0,,,,,Kepler-187 b,2014
1021,0.238,0.046,-0.046,0,,,,,Kepler-187 c,2014
1022,0.15,0.068,-0.068,0,,,,,Kepler-188 b,2014
1023,0.285,0.129,-0.129,0,,,,,Kepler-188 c,2014
1024,0.108,0.054,-0.054,0,,,,,Kepler-189 b,2014
1025,0.212,0.106,-0.106,0,,,,,Kepler-189 c,2014
1026,0.139,0.01,-0.01,0,,,,,Kepler-190 b,2014
1027,0.13,0.009,-0.009,0,,,,,Kepler-190 c,2014
1028,0.12,0.059,-0.059,0,,,,,Kepler-191 b,2014
1029,0.166,0.082,-0.082,0,,,,,Kepler-191 c,2014
1030,0.244,0.04,-0.04,0,,,,,Kepler-192 b,2014
1031,0.249,0.046,-0.046,0,,,,,Kepler-192 c,2014
1032,0.213,0.096,-0.096,0,,,,,Kepler-193 b,2014
1033,0.245,0.111,-0.111,0,,,,,Kepler-193 c,2014
1034,0.135,0.07,-0.07,0,,,,,Kepler-194 b,2014
1035,0.231,0.121,-0.121,0,,,,,Kepler-194 c,2014
1036,0.214,0.112,-0.112,0,,,,,Kepler-194 d,2014
1037,0.181,0.066,-0.066,0,,,,,Kepler-195 b,2014
1038,0.138,0.051,-0.051,0,,,,,Kepler-195 c,2014
1039,0.17,0.013,-0.013,0,,,,,Kepler-196 b,2014
1040,0.2,0.015,-0.015,0,,,,,Kepler-196 c,2014
1041,0.091,0.004,-0.004,0,,,,,Kepler-197 b,2014
1042,0.11,0.004,-0.004,0,,,,,Kepler-197 c,2014
1043,0.109,0.009,-0.009,0,,,,,Kepler-197 d,2014
1044,0.081,0.004,-0.004,0,,,,,Kepler-197 e,2014
1045,0.252,0.037,-0.037,0,,,,,Kepler-198 b,2014
1046,0.22,0.033,-0.033,0,,,,,Kepler-198 c,2014
1047,0.277,0.05,-0.05,0,,,,,Kepler-199 b,2014
1048,0.29,0.052,-0.052,0,,,,,Kepler-199 c,2014
1049,0.19,0.037,-0.037,0,,,,,Kepler-200 b,2014
1050,0.142,0.026,-0.026,0,,,,,Kepler-200 c,2014
1051,0.219,0.043,-0.043,0,,,,,Kepler-201 b,2014
1052,0.254,0.054,-0.054,0,,,,,Kepler-201 c,2014
1053,0.145,0.009,-0.009,0,,,,,Kepler-202 b,2014
1054,0.165,0.009,-0.009,0,,,,,Kepler-202 c,2014
1055,0.229,0.046,-0.046,0,,,,,Kepler-203 b,2014
1056,0.22,0.042,-0.042,0,,,,,Kepler-203 c,2014
1057,0.128,0.025,-0.025,0,,,,,Kepler-203 d,2014
1058,0.226,0.048,-0.048,0,,,,,Kepler-204 b,2014
1059,0.16,0.035,-0.035,0,,,,,Kepler-204 c,2014
1060,0.135,0.012,-0.012,0,,,,,Kepler-205 b,2014
1061,0.146,0.011,-0.011,0,,,,,Kepler-205 c,2014
1062,0.107,0.021,-0.021,0,,,,,Kepler-206 b,2014
1063,0.158,0.03,-0.03,0,,,,,Kepler-206 c,2014
1064,0.106,0.021,-0.021,0,,,,,Kepler-206 d,2014
1065,0.14,0.027,-0.027,0,,,,,Kepler-207 b,2014
1066,0.134,0.026,-0.026,0,,,,,Kepler-207 c,2014
1067,0.295,0.056,-0.056,0,,,,,Kepler-207 d,2014
1068,0.145,0.027,-0.027,0,,,,,Kepler-208 b,2014
1069,0.124,0.023,-0.023,0,,,,,Kepler-208 c,2014
1070,0.107,0.021,-0.021,0,,,,,Kepler-208 d,2014
1071,0.132,0.025,-0.025,0,,,,,Kepler-208 e,2014
1072,0.202,0.03,-0.03,0,,,,,Kepler-209 b,2014
1073,0.277,0.045,-0.045,0,,,,,Kepler-209 c,2014
1074,0.262,0.019,-0.019,0,,,,,Kepler-210 b,2014
1075,0.323,0.017,-0.017,0,,,,,Kepler-210 c,2014
1076,0.112,0.008,-0.008,0,,,,,Kepler-211 b,2014
1077,0.115,0.008,-0.008,0,,,,,Kepler-211 c,2014
1078,0.097,0.019,-0.019,0,,,,,Kepler-212 b,2014
1079,0.244,0.045,-0.045,0,,,,,Kepler-212 c,2014
1080,0.145,0.028,-0.028,0,,,,,Kepler-213 b,2014
1081,0.209,0.04,-0.04,0,,,,,Kepler-213 c,2014
1082,0.233,0.044,-0.044,0,,,,,Kepler-214 b,2014
1083,0.19,0.036,-0.036,0,,,,,Kepler-214 c,2014
1084,0.145,0.036,-0.036,0,,,,,Kepler-215 b,2014
1085,0.158,0.037,-0.037,0,,,,,Kepler-215 c,2014
1086,0.213,0.049,-0.049,0,,,,,Kepler-215 d,2014
1087,0.156,0.037,-0.037,0,,,,,Kepler-215 e,2014
1088,0.21,0.041,-0.041,0,,,,,Kepler-216 b,2014
1089,0.271,0.053,-0.053,0,,,,,Kepler-216 c,2014
1090,0.199,0.029,-0.029,0,,,,,Kepler-217 b,2014
1091,0.165,0.024,-0.024,0,,,,,Kepler-217 c,2014
1092,0.132,0.011,-0.011,0,,,,,Kepler-218 b,2014
1093,0.28,0.023,-0.023,0,,,,,Kepler-218 c,2014
1094,0.263,0.044,-0.044,0,,,,,Kepler-219 b,2014
1095,0.319,0.054,-0.054,0,,,,,Kepler-219 c,2014
1096,0.251,0.043,-0.043,0,,,,,Kepler-219 d,2014
1097,0.072,0.004,-0.004,0,,,,,Kepler-220 b,2014
1098,0.14,0.008,-0.008,0,,,,,Kepler-220 c,2014
1099,0.087,0.005,-0.005,0,,,,,Kepler-220 d,2014
1100,0.119,0.011,-0.011,0,,,,,Kepler-220 e,2014
1101,0.153,0.015,-0.015,0,,,,,Kepler-221 b,2014
1102,0.261,0.024,-0.024,0,,,,,Kepler-221 c,2014
1103,0.244,0.022,-0.022,0,,,,,Kepler-221 d,2014
1104,0.235,0.022,-0.022,0,,,,,Kepler-221 e,2014
1105,0.282,0.125,-0.125,0,,,,,Kepler-222 b,2014
1106,0.414,0.185,-0.185,0,,,,,Kepler-222 c,2014
1107,0.329,0.145,-0.145,0,,,,,Kepler-222 d,2014
1108,0.151,0.065,-0.065,0,,,,,Kepler-223 b,2014
1109,0.178,0.078,-0.078,0,,,,,Kepler-223 c,2014
1110,0.266,0.117,-0.117,0,,,,,Kepler-223 d,2014
1111,0.214,0.093,-0.093,0,,,,,Kepler-223 e,2014
1112,0.124,0.008,-0.008,0,,,,,Kepler-224 b,2014
1113,0.278,0.023,-0.023,0,,,,,Kepler-224 c,2014
1114,0.205,0.012,-0.012,0,,,,,Kepler-224 d,2014
1115,0.176,0.013,-0.013,0,,,,,Kepler-224 e,2014
1116,0.107,0.006,-0.006,0,,,,,Kepler-225 b,2014
1117,0.164,0.009,-0.009,0,,,,,Kepler-225 c,2014
1118,0.138,0.055,-0.055,0,,,,,Kepler-226 b,2014
1119,0.203,0.08,-0.08,0,,,,,Kepler-226 c,2014
1120,0.109,0.044,-0.044,0,,,,,Kepler-226 d,2014
1121,0.277,0.14,-0.14,0,,,,,Kepler-227 b,2014
1122,0.271,0.136,-0.136,0,,,,,Kepler-227 c,2014
1123,0.136,0.063,-0.063,0,,,,,Kepler-228 b,2014
1124,0.241,0.111,-0.111,0,,,,,Kepler-228 c,2014
1125,0.36,0.165,-0.165,0,,,,,Kepler-228 d,2014
1126,0.196,0.07,-0.07,0,,,,,Kepler-229 b,2014
1127,0.439,0.155,-0.155,0,,,,,Kepler-229 c,2014
1128,0.343,0.123,-0.123,0,,,,,Kepler-229 d,2014
1129,0.38,0.194,-0.194,0,,,,,Kepler-230 b,2014
1130,0.182,0.093,-0.093,0,,,,,Kepler-230 c,2014
1131,0.154,0.011,-0.011,0,,,,,Kepler-231 b,2014
1132,0.172,0.017,-0.017,0,,,,,Kepler-231 c,2014
1133,0.275,0.131,-0.131,0,,,,,Kepler-232 b,2014
1134,0.342,0.166,-0.166,0,,,,,Kepler-232 c,2014
1135,0.217,0.059,-0.059,0,,,,,Kepler-233 b,2014
1136,0.242,0.07,-0.07,0,,,,,Kepler-233 c,2014
1137,0.33,0.148,-0.148,0,,,,,Kepler-234 b,2014
1138,0.313,0.139,-0.139,0,,,,,Kepler-234 c,2014
1139,0.199,0.009,-0.009,0,,,,,Kepler-235 b,2014
1140,0.114,0.007,-0.007,0,,,,,Kepler-235 c,2014
1141,0.183,0.009,-0.009,0,,,,,Kepler-235 d,2014
1142,0.198,0.026,-0.026,0,,,,,Kepler-235 e,2014
1143,0.14,0.011,-0.011,0,,,,,Kepler-236 b,2014
1144,0.178,0.015,-0.015,0,,,,,Kepler-236 c,2014
1145,0.126,0.067,-0.067,0,,,,,Kepler-237 b,2014
1146,0.186,0.098,-0.098,0,,,,,Kepler-237 c,2014
1147,0.154,0.036,-0.036,0,,,,,Kepler-238 b,2014
1148,0.213,0.04,-0.04,0,,,,,Kepler-238 c,2014
1149,0.274,0.051,-0.051,0,,,,,Kepler-238 d,2014
1150,0.5,0.211,-0.041,0,,,,,Kepler-238 e,2013
1151,0.178,0.076,-0.015,0,,,,,Kepler-238 f,2013
1152,0.208,0.013,-0.013,0,,,,,Kepler-239 b,2014
1153,0.224,0.037,-0.037,0,,,,,Kepler-239 c,2014
1154,0.122,0.05,-0.05,0,,,,,Kepler-240 b,2014
1155,0.196,0.079,-0.079,0,,,,,Kepler-240 c,2014
1156,0.208,0.092,-0.092,0,,,,,Kepler-241 b,2014
1157,0.229,0.099,-0.099,0,,,,,Kepler-241 c,2014
1158,0.233,0.143,-0.143,0,,,,,Kepler-242 b,2014
1159,0.178,0.11,-0.11,0,,,,,Kepler-242 c,2014
1160,0.219,0.103,-0.103,0,,,,,Kepler-243 b,2014
1161,0.178,0.087,-0.087,0,,,,,Kepler-243 c,2014
1162,0.246,0.103,-0.103,0,,,,,Kepler-244 b,2014
1163,0.183,0.078,-0.078,0,,,,,Kepler-244 c,2014
1164,0.206,0.087,-0.087,0,,,,,Kepler-244 d,2014
1165,0.229,0.016,-0.016,0,,,,,Kepler-245 b,2014
1166,0.194,0.015,-0.015,0,,,,,Kepler-245 c,2014
1167,0.27,0.019,-0.019,0,,,,,Kepler-245 d,2014
1168,0.209,0.107,-0.107,0,,,,,Kepler-246 b,2014
1169,0.134,0.068,-0.068,0,,,,,Kepler-246 c,2014
1170,0.146,0.041,-0.041,0,,,,,Kepler-247 b,2014
1171,0.365,0.102,-0.102,0,,,,,Kepler-247 c,2014
1172,0.352,0.098,-0.098,0,,,,,Kepler-247 d,2014
1173,0.269,0.032,-0.032,0,,,,,Kepler-248 b,2014
1174,0.363,0.044,-0.044,0,,,,,Kepler-248 c,2014
1175,0.097,0.004,-0.004,0,,,,,Kepler-249 b,2014
1176,0.135,0.008,-0.008,0,,,,,Kepler-249 c,2014
1177,0.14,0.012,-0.012,0,,,,,Kepler-249 d,2014
1178,0.101,0.061,-0.061,0,,,,,Kepler-250 b,2014
1179,0.203,0.117,-0.117,0,,,,,Kepler-250 c,2014
1180,0.194,0.112,-0.112,0,,,,,Kepler-250 d,2014
1181,0.119,0.021,-0.021,0,,,,,Kepler-251 b,2014
1182,0.247,0.044,-0.044,0,,,,,Kepler-251 c,2014
1183,0.247,0.044,-0.044,0,,,,,Kepler-251 d,2014
1184,0.247,0.044,-0.044,0,,,,,Kepler-251 e,2014
1185,0.11,0.011,-0.011,0,,,,,Kepler-252 b,2014
1186,0.192,0.012,-0.012,0,,,,,Kepler-252 c,2014
1187,0.145,0.06,-0.06,0,,,,,Kepler-253 b,2014
1188,0.236,0.099,-0.099,0,,,,,Kepler-253 c,2014
1189,0.283,0.116,-0.116,0,,,,,Kepler-253 d,2014
1190,0.345,0.165,-0.165,0,,,,,Kepler-254 b,2014
1191,0.192,0.092,-0.092,0,,,,,Kepler-254 c,2014
1192,0.223,0.106,-0.106,0,,,,,Kepler-254 d,2014
1193,0.138,0.055,-0.055,0,,,,,Kepler-255 b,2014
1194,0.267,0.105,-0.105,0,,,,,Kepler-255 c,2014
1195,0.142,0.035,-0.035,0,,,,,Kepler-256 b,2014
1196,0.192,0.047,-0.047,0,,,,,Kepler-256 c,2014
1197,0.221,0.056,-0.056,0,,,,,Kepler-256 d,2014
1198,0.21,0.052,-0.052,0,,,,,Kepler-256 e,2014
1199,0.233,0.117,-0.117,0,,,,,Kepler-257 b,2014
1200,0.483,0.243,-0.243,0,,,,,Kepler-257 c,2014
1201,0.442,0.221,-0.221,0,,,,,Kepler-257 d,2014
1202,0.362,0.242,-0.242,0,,,,,Kepler-258 b,2014
1203,0.322,0.217,-0.217,0,,,,,Kepler-258 c,2014
1204,0.25,0.122,-0.122,0,,,,,Kepler-259 b,2014
1205,0.241,0.117,-0.117,0,,,,,Kepler-259 c,2014
1206,0.179,0.049,-0.049,0,,,,,Kepler-260 b,2014
1207,0.155,0.048,-0.048,0,,,,,Kepler-260 c,2014
1208,0.194,0.012,-0.012,0,,,,,Kepler-261 b,2014
1209,0.178,0.012,-0.012,0,,,,,Kepler-261 c,2014
1210,0.121,0.053,-0.053,0,,,,,Kepler-262 b,2014
1211,0.146,0.061,-0.061,0,,,,,Kepler-262 c,2014
1212,0.238,0.129,-0.129,0,,,,,Kepler-263 b,2014
1213,0.22,0.12,-0.12,0,,,,,Kepler-263 c,2014
1214,0.297,0.066,-0.066,0,,,,,Kepler-264 b,2014
1215,0.252,0.052,-0.052,0,,,,,Kepler-264 c,2014
1216,0.166,0.04,-0.04,0,,,,,Kepler-265 b,2014
1217,0.235,0.049,-0.049,0,,,,,Kepler-265 c,2014
1218,0.222,0.048,-0.048,0,,,,,Kepler-265 d,2014
1219,0.231,0.049,-0.049,0,,,,,Kepler-265 e,2014
1220,0.221,0.107,-0.107,0,,,,,Kepler-266 b,2014
1221,0.347,0.169,-0.169,0,,,,,Kepler-266 c,2014
1222,0.177,0.008,-0.008,0,,,,,Kepler-267 b,2014
1223,0.19,0.01,-0.01,0,,,,,Kepler-267 c,2014
1224,0.203,0.011,-0.011,0,,,,,Kepler-267 d,2014
1225,0.227,0.042,-0.042,0,,,,,Kepler-268 b,2014
1226,0.302,0.062,-0.062,0,,,,,Kepler-268 c,2014
1227,0.22,0.103,-0.103,0,,,,,Kepler-269 b,2014
1228,0.151,0.071,-0.071,0,,,,,Kepler-269 c,2014
1229,0.179,0.036,-0.036,0,,,,,Kepler-270 b,2014
1230,0.158,0.033,-0.033,0,,,,,Kepler-270 c,2014
1231,0.079,0.014,-0.014,0,,,,,Kepler-271 b,2014
1232,0.089,0.016,-0.016,0,,,,,Kepler-271 c,2014
1233,0.128,0.069,-0.069,0,,,,,Kepler-272 b,2014
1234,0.16,0.086,-0.086,0,,,,,Kepler-272 c,2014
1235,0.201,0.109,-0.109,0,,,,,Kepler-272 d,2014
1236,0.134,0.077,-0.077,0,,,,,Kepler-273 b,2014
1237,0.177,0.103,-0.103,0,,,,,Kepler-273 c,2014
1238,0.137,0.075,-0.075,0,,,,,Kepler-274 b,2014
1239,0.164,0.089,-0.089,0,,,,,Kepler-274 c,2014
1240,0.209,0.04,-0.04,0,,,,,Kepler-275 b,2014
1241,0.302,0.057,-0.057,0,,,,,Kepler-275 c,2014
1242,0.297,0.066,-0.066,0,,,,,Kepler-275 d,2014
1243,0.256,0.12,-0.12,0,,,,,Kepler-276 b,2014
1244,0.259,0.113,-0.025,0,,,,,Kepler-276 c,2013
1245,0.25,0.11,-0.024,0,,,,,Kepler-276 d,2013
1246,0.261,0.065,-0.056,0,,,,,Kepler-277 b,2013
1247,0.3,0.074,-0.064,0,,,,,Kepler-277 c,2013
1248,0.363,0.014,-0.014,0,,,,,Kepler-278 b,2014
1249,0.32,0.038,-0.038,0,,,,,Kepler-278 c,2014
1250,0.323,0.063,-0.063,0,,,,,Kepler-279 b,2014
1251,0.384,0.153,-0.037,0,,,,,Kepler-279 c,2013
1252,0.277,0.111,-0.027,0,,,,,Kepler-279 d,2013
1253,0.129,0.062,-0.062,0,,,,,Kepler-280 b,2014
1254,0.179,0.087,-0.087,0,,,,,Kepler-280 c,2014
1255,0.252,0.1,-0.1,0,,,,,Kepler-281 b,2014
1256,0.474,0.184,-0.184,0,,,,,Kepler-281 c,2014
1257,0.09,0.022,-0.022,0,,,,,Kepler-282 b,2014
1258,0.107,0.026,-0.026,0,,,,,Kepler-282 c,2014
1259,0.219,0.089,-0.018,0,,,,,Kepler-282 d,2013
1260,0.277,0.112,-0.022,0,,,,,Kepler-282 e,2013
1261,0.19,0.023,-0.023,0,,,,,Kepler-283 b,2014
1262,0.162,0.011,-0.011,0,,,,,Kepler-283 c,2014
1263,0.2,0.087,-0.087,0,,,,,Kepler-284 b,2014
1264,0.233,0.105,-0.105,0,,,,,Kepler-284 c,2014
1265,0.12,0.052,-0.052,0,,,,,Kepler-285 b,2014
1266,0.1,0.044,-0.044,0,,,,,Kepler-285 c,2014
1267,0.111,0.022,-0.022,0,,,,,Kepler-286 b,2014
1268,0.122,0.024,-0.024,0,,,,,Kepler-286 c,2014
1269,0.119,0.024,-0.024,0,,,,,Kepler-286 d,2014
1270,0.158,0.038,-0.038,0,,,,,Kepler-286 e,2014
1271,0.208,0.095,-0.095,0,,,,,Kepler-287 b,2014
1272,0.291,0.133,-0.133,0,,,,,Kepler-287 c,2014
1273,0.149,0.071,-0.071,0,,,,,Kepler-288 b,2014
1274,0.254,0.121,-0.121,0,,,,,Kepler-288 c,2014
1275,0.238,0.113,-0.113,0,,,,,Kepler-288 d,2014
1276,0.217,0.041,-0.041,0,,,,,Kepler-289 b,2014
1277,1.163,0.219,-0.219,0,,,,,Kepler-289 c,2014
1278,0.201,0.109,-0.109,0,,,,,Kepler-290 b,2014
1279,0.241,0.124,-0.124,0,,,,,Kepler-290 c,2014
1280,0.193,0.084,-0.084,0,,,,,Kepler-291 b,2014
1281,0.168,0.073,-0.073,0,,,,,Kepler-291 c,2014
1282,0.118,0.012,-0.012,0,,,,,Kepler-292 b,2014
1283,0.131,0.013,-0.013,0,,,,,Kepler-292 c,2014
1284,0.199,0.019,-0.019,0,,,,,Kepler-292 d,2014
1285,0.238,0.031,-0.031,0,,,,,Kepler-292 e,2014
1286,0.21,0.02,-0.02,0,,,,,Kepler-292 f,2014
1287,0.274,0.116,-0.116,0,,,,,Kepler-293 b,2014
1288,0.342,0.145,-0.145,0,,,,,Kepler-293 c,2014
1289,0.158,0.074,-0.074,0,,,,,Kepler-294 b,2014
1290,0.242,0.113,-0.113,0,,,,,Kepler-294 c,2014
1291,0.109,0.057,-0.057,0,,,,,Kepler-295 b,2014
1292,0.104,0.055,-0.055,0,,,,,Kepler-295 c,2014
1293,0.121,0.064,-0.064,0,,,,,Kepler-295 d,2014
1294,0.084,0.006,-0.006,0,,,,,Kepler-296 b,2014
1295,0.192,0.009,-0.009,0,,,,,Kepler-296 c,2014
1296,0.203,0.028,-0.028,0,,,,,Kepler-296 d,2014
1297,0.156,0.021,-0.021,0,,,,,Kepler-296 e,2014
1298,0.16,0.01,-0.01,0,,,,,Kepler-296 f,2014
1299,0.256,0.046,-0.046,0,,,,,Kepler-297 b,2014
1300,0.583,0.105,-0.105,0,,,,,Kepler-297 c,2014
1301,0.175,0.009,-0.009,0,,,,,Kepler-298 b,2014
1302,0.172,0.02,-0.02,0,,,,,Kepler-298 c,2014
1303,0.223,0.018,-0.018,0,,,,,Kepler-298 d,2014
1304,0.118,0.024,-0.024,0,,,,,Kepler-299 b,2014
1305,0.236,0.056,-0.056,0,,,,,Kepler-299 c,2014
1306,0.166,0.034,-0.034,0,,,,,Kepler-299 d,2014
1307,0.167,0.035,-0.035,0,,,,,Kepler-299 e,2014
1308,0.149,0.068,-0.068,0,,,,,Kepler-300 b,2014
1309,0.201,0.093,-0.093,0,,,,,Kepler-300 c,2014
1310,0.12,0.064,-0.064,0,,,,,Kepler-301 b,2014
1311,0.12,0.064,-0.064,0,,,,,Kepler-301 c,2014
1312,0.156,0.084,-0.084,0,,,,,Kepler-301 d,2014
1313,0.362,0.076,-0.076,0,,,,,Kepler-302 b,2014
1314,1.111,0.227,-0.227,0,,,,,Kepler-302 c,2014
1315,0.079,0.004,-0.004,0,,,,,Kepler-303 b,2014
1316,0.102,0.008,-0.008,0,,,,,Kepler-303 c,2014
1317,0.255,0.019,-0.019,0,,,,,Kepler-304 b,2014
1318,0.194,0.013,-0.013,0,,,,,Kepler-304 c,2014
1319,0.245,0.019,-0.019,0,,,,,Kepler-304 d,2014
1320,0.321,0.08,-0.032,0,,,,,Kepler-305 b,2013
1321,0.294,0.073,-0.029,0,,,,,Kepler-305 c,2013
1322,0.242,0.037,-0.037,0,,,,,Kepler-305 d,2014
1323,0.136,0.009,-0.009,0,,,,,Kepler-306 b,2014
1324,0.21,0.017,-0.017,0,,,,,Kepler-306 c,2014
1325,0.22,0.021,-0.021,0,,,,,Kepler-306 d,2014
1326,0.203,0.013,-0.013,0,,,,,Kepler-306 e,2014
1327,0.285,0.107,-0.041,0,,,,,Kepler-307 b,2013
1328,0.25,0.094,-0.037,0,,,,,Kepler-307 c,2013
1329,0.189,0.091,-0.091,0,,,,,Kepler-308 b,2014
1330,0.193,0.093,-0.093,0,,,,,Kepler-308 c,2014
1331,0.139,0.012,-0.012,0,,,,,Kepler-309 b,2014
1332,0.224,0.016,-0.016,0,,,,,Kepler-309 c,2014
1333,0.106,0.05,-0.05,0,,,,,Kepler-310 b,2014
1334,0.302,0.141,-0.141,0,,,,,Kepler-310 c,2014
1335,0.22,0.103,-0.103,0,,,,,Kepler-310 d,2014
1336,0.152,0.029,-0.029,0,,,,,Kepler-311 b,2014
1337,0.128,0.025,-0.025,0,,,,,Kepler-311 c,2014
1338,0.115,0.022,-0.022,0,,,,,Kepler-312 b,2014
1339,0.281,0.054,-0.054,0,,,,,Kepler-312 c,2014
1340,0.226,0.028,-0.028,0,,,,,Kepler-313 b,2014
1341,0.229,0.037,-0.037,0,,,,,Kepler-313 c,2014
1342,0.074,0.011,-0.011,0,,,,,Kepler-314 b,2014
1343,0.259,0.038,-0.038,0,,,,,Kepler-314 c,2014
1344,0.336,0.07,-0.07,0,,,,,Kepler-315 b,2014
1345,0.37,0.086,-0.086,0,,,,,Kepler-315 c,2014
1346,0.095,0.01,-0.01,0,,,,,Kepler-316 b,2014
1347,0.103,0.011,-0.011,0,,,,,Kepler-316 c,2014
1348,0.186,0.086,-0.086,0,,,,,Kepler-317 b,2014
1349,0.153,0.07,-0.07,0,,,,,Kepler-317 c,2014
1350,0.42,0.074,-0.074,0,,,,,Kepler-318 b,2014
1351,0.328,0.058,-0.058,0,,,,,Kepler-318 c,2014
1352,0.145,0.021,-0.021,0,,,,,Kepler-319 b,2014
1353,0.235,0.033,-0.033,0,,,,,Kepler-319 c,2014
1354,0.204,0.031,-0.031,0,,,,,Kepler-319 d,2014
1355,0.102,0.048,-0.048,0,,,,,Kepler-320 b,2014
1356,0.122,0.057,-0.057,0,,,,,Kepler-320 c,2014
1357,0.158,0.03,-0.03,0,,,,,Kepler-321 b,2014
1358,0.207,0.04,-0.04,0,,,,,Kepler-321 c,2014
1359,0.09,0.01,-0.01,0,,,,,Kepler-322 b,2014
1360,0.149,0.016,-0.016,0,,,,,Kepler-322 c,2014
1361,0.128,0.025,-0.025,0,,,,,Kepler-323 b,2014
1362,0.145,0.029,-0.029,0,,,,,Kepler-323 c,2014
1363,0.102,0.01,-0.01,0,,,,,Kepler-324 b,2014
1364,0.281,0.029,-0.029,0,,,,,Kepler-324 c,2014
1365,0.26,0.128,-0.128,0,,,,,Kepler-325 b,2014
1366,0.227,0.112,-0.112,0,,,,,Kepler-325 c,2014
1367,0.249,0.124,-0.124,0,,,,,Kepler-325 d,2014
1368,0.136,0.014,-0.014,0,,,,,Kepler-326 b,2014
1369,0.125,0.009,-0.009,0,,,,,Kepler-326 c,2014
1370,0.108,0.008,-0.008,0,,,,,Kepler-326 d,2014
1371,0.099,0.004,-0.004,0,,,,,Kepler-327 b,2014
1372,0.092,0.004,-0.004,0,,,,,Kepler-327 c,2014
1373,0.154,0.009,-0.009,0,,,,,Kepler-327 d,2014
1374,0.205,0.086,-0.021,0,,,,,Kepler-328 b,2013
1375,0.482,0.2,-0.048,0,,,,,Kepler-328 c,2013
1376,0.125,0.022,-0.022,0,,,,,Kepler-329 b,2014
1377,0.172,0.026,-0.026,0,,,,,Kepler-329 c,2014
1378,0.12,0.047,-0.047,0,,,,,Kepler-330 b,2014
1379,0.174,0.064,-0.064,0,,,,,Kepler-330 c,2014
1380,0.162,0.017,-0.017,0,,,,,Kepler-331 b,2014
1381,0.164,0.017,-0.017,0,,,,,Kepler-331 c,2014
1382,0.146,0.015,-0.015,0,,,,,Kepler-331 d,2014
1383,0.104,0.007,-0.007,0,,,,,Kepler-332 b,2014
1384,0.097,0.007,-0.007,0,,,,,Kepler-332 c,2014
1385,0.105,0.007,-0.007,0,,,,,Kepler-332 d,2014
1386,0.118,0.014,-0.014,0,,,,,Kepler-333 b,2014
1387,0.099,0.018,-0.018,0,,,,,Kepler-333 c,2014
1388,0.1,0.019,-0.019,0,,,,,Kepler-334 b,2014
1389,0.128,0.023,-0.023,0,,,,,Kepler-334 c,2014
1390,0.126,0.023,-0.023,0,,,,,Kepler-334 d,2014
1391,0.302,0.06,-0.06,0,,,,,Kepler-335 b,2014
1392,0.274,0.059,-0.059,0,,,,,Kepler-335 c,2014
1393,0.091,0.017,-0.017,0,,,,,Kepler-336 b,2014
1394,0.187,0.033,-0.033,0,,,,,Kepler-336 c,2014
1395,0.211,0.043,-0.043,0,,,,,Kepler-336 d,2014
1396,0.137,0.038,-0.038,0,,,,,Kepler-337 b,2014
1397,0.183,0.051,-0.051,0,,,,,Kepler-337 c,2014
1398,0.218,0.012,-0.012,0,,,,,Kepler-338 b,2014
1399,0.209,0.011,-0.011,0,,,,,Kepler-338 c,2014
1400,0.268,0.025,-0.025,0,,,,,Kepler-338 d,2014
1401,0.127,0.059,-0.059,0,,,,,Kepler-339 b,2014
1402,0.103,0.046,-0.046,0,,,,,Kepler-339 c,2014
1403,0.104,0.047,-0.047,0,,,,,Kepler-339 d,2014
1404,0.226,0.054,-0.054,0,,,,,Kepler-340 b,2014
1405,0.301,0.069,-0.069,0,,,,,Kepler-340 c,2014
1406,0.105,0.055,-0.055,0,,,,,Kepler-341 b,2014
1407,0.152,0.077,-0.077,0,,,,,Kepler-341 c,2014
1408,0.165,0.084,-0.084,0,,,,,Kepler-341 d,2014
1409,0.178,0.092,-0.092,0,,,,,Kepler-341 e,2014
1410,0.201,0.036,-0.036,0,,,,,Kepler-342 b,2014
1411,0.175,0.031,-0.031,0,,,,,Kepler-342 c,2014
1412,0.222,0.043,-0.043,0,,,,,Kepler-342 d,2014
1413,0.215,0.045,-0.045,0,,,,,Kepler-343 b,2014
1414,0.18,0.034,-0.034,0,,,,,Kepler-343 c,2014
1415,0.233,0.109,-0.109,0,,,,,Kepler-344 b,2014
1416,0.263,0.123,-0.123,0,,,,,Kepler-344 c,2014
1417,0.066,0.005,-0.005,0,,,,,Kepler-345 b,2014
1418,0.107,0.006,-0.006,0,,,,,Kepler-345 c,2014
1419,0.237,0.111,-0.111,0,,,,,Kepler-346 b,2014
1420,0.274,0.13,-0.13,0,,,,,Kepler-346 c,2014
1421,0.176,0.084,-0.084,0,,,,,Kepler-347 b,2014
1422,0.156,0.075,-0.075,0,,,,,Kepler-347 c,2014
1423,0.136,0.026,-0.026,0,,,,,Kepler-348 b,2014
1424,0.119,0.022,-0.022,0,,,,,Kepler-348 c,2014
1425,0.17,0.064,-0.064,0,,,,,Kepler-349 b,2014
1426,0.175,0.066,-0.066,0,,,,,Kepler-349 c,2014
1427,0.165,0.034,-0.034,0,,,,,Kepler-350 b,2014
1428,0.277,0.127,-0.054,0,,,,,Kepler-350 c,2013
1429,0.25,0.114,-0.048,0,,,,,Kepler-350 d,2013
1430,0.273,0.138,-0.138,0,,,,,Kepler-351 b,2014
1431,0.285,0.138,-0.138,0,,,,,Kepler-351 c,2014
1432,0.077,0.007,-0.007,0,,,,,Kepler-352 b,2014
1433,0.111,0.009,-0.009,0,,,,,Kepler-352 c,2014
1434,0.079,0.005,-0.005,0,,,,,Kepler-353 b,2014
1435,0.123,0.006,-0.006,0,,,,,Kepler-353 c,2014
1436,0.164,0.052,-0.052,0,,,,,Kepler-354 b,2014
1437,0.117,0.037,-0.037,0,,,,,Kepler-354 c,2014
1438,0.111,0.036,-0.036,0,,,,,Kepler-354 d,2014
1439,0.13,0.059,-0.059,0,,,,,Kepler-355 b,2014
1440,0.242,0.109,-0.109,0,,,,,Kepler-355 c,2014
1441,0.14,0.026,-0.026,0,,,,,Kepler-356 b,2014
1442,0.161,0.029,-0.029,0,,,,,Kepler-356 c,2014
1443,0.164,0.096,-0.096,0,,,,,Kepler-357 b,2014
1444,0.238,0.14,-0.14,0,,,,,Kepler-357 c,2014
1445,0.306,0.182,-0.182,0,,,,,Kepler-357 d,2014
1446,0.243,0.121,-0.121,0,,,,,Kepler-358 b,2014
1447,0.254,0.128,-0.128,0,,,,,Kepler-358 c,2014
1448,0.315,0.146,-0.146,0,,,,,Kepler-359 b,2014
1449,0.384,0.178,-0.178,0,,,,,Kepler-359 c,2014
1450,0.358,0.17,-0.17,0,,,,,Kepler-359 d,2014
1451,0.147,0.07,-0.07,0,,,,,Kepler-360 b,2014
1452,0.187,0.089,-0.089,0,,,,,Kepler-360 c,2014
1453,0.129,0.025,-0.025,0,,,,,Kepler-361 b,2014
1454,0.225,0.043,-0.043,0,,,,,Kepler-361 c,2014
1455,0.079,0.034,-0.034,0,,,,,Kepler-362 b,2014
1456,0.129,0.054,-0.054,0,,,,,Kepler-362 c,2014
1457,0.103,0.017,-0.017,0,,,,,Kepler-363 b,2014
1458,0.151,0.024,-0.024,0,,,,,Kepler-363 c,2014
1459,0.183,0.036,-0.036,0,,,,,Kepler-363 d,2014
1460,0.138,0.033,-0.033,0,,,,,Kepler-364 b,2014
1461,0.192,0.037,-0.037,0,,,,,Kepler-364 c,2014
1462,0.182,0.087,-0.087,0,,,,,Kepler-365 b,2014
1463,0.146,0.069,-0.069,0,,,,,Kepler-365 c,2014
1464,0.13,0.059,-0.059,0,,,,,Kepler-366 b,2014
1465,0.16,0.072,-0.072,0,,,,,Kepler-366 c,2014
1466,0.116,0.014,-0.014,0,,,,,Kepler-367 b,2014
1467,0.107,0.014,-0.014,0,,,,,Kepler-367 c,2014
1468,0.291,0.081,-0.081,0,,,,,Kepler-368 b,2014
1469,0.346,0.096,-0.096,0,,,,,Kepler-368 c,2014
1470,0.101,0.005,-0.005,0,,,,,Kepler-369 b,2014
1471,0.126,0.005,-0.005,0,,,,,Kepler-369 c,2014
1472,0.142,0.07,-0.07,0,,,,,Kepler-370 b,2014
1473,0.17,0.079,-0.079,0,,,,,Kepler-370 c,2014
1474,0.169,0.046,-0.046,0,,,,,Kepler-371 b,2014
1475,0.159,0.04,-0.04,0,,,,,Kepler-371 c,2014
1476,0.121,0.053,-0.053,0,,,,,Kepler-372 b,2014
1477,0.186,0.08,-0.08,0,,,,,Kepler-372 c,2014
1478,0.151,0.065,-0.065,0,,,,,Kepler-372 d,2014
1479,0.121,0.06,-0.06,0,,,,,Kepler-373 b,2014
1480,0.111,0.055,-0.055,0,,,,,Kepler-373 c,2014
1481,0.092,0.048,-0.048,0,,,,,Kepler-374 b,2014
1482,0.098,0.051,-0.051,0,,,,,Kepler-374 c,2014
1483,0.117,0.062,-0.062,0,,,,,Kepler-374 d,2014
1484,0.129,0.045,-0.045,0,,,,,Kepler-375 b,2014
1485,0.236,0.086,-0.086,0,,,,,Kepler-375 c,2014
1486,0.095,0.02,-0.02,0,,,,,Kepler-376 b,2014
1487,0.16,0.032,-0.032,0,,,,,Kepler-376 c,2014
1488,0.124,0.024,-0.024,0,,,,,Kepler-377 b,2014
1489,0.184,0.035,-0.035,0,,,,,Kepler-377 c,2014
1490,0.067,0.013,-0.013,0,,,,,Kepler-378 b,2014
1491,0.062,0.004,-0.004,0,,,,,Kepler-378 c,2014
1492,0.148,0.028,-0.028,0,,,,,Kepler-379 b,2014
1493,0.204,0.038,-0.038,0,,,,,Kepler-379 c,2014
1494,0.106,0.021,-0.021,0,,,,,Kepler-380 b,2014
1495,0.113,0.025,-0.025,0,,,,,Kepler-380 c,2014
1496,0.088,0.02,-0.02,0,,,,,Kepler-381 b,2014
1497,0.1,0.022,-0.022,0,,,,,Kepler-381 c,2014
1498,0.118,0.056,-0.056,0,,,,,Kepler-382 b,2014
1499,0.142,0.069,-0.069,0,,,,,Kepler-382 c,2014
1500,0.118,0.046,-0.046,0,,,,,Kepler-383 b,2014
1501,0.111,0.044,-0.044,0,,,,,Kepler-383 c,2014
1502,0.1,0.029,-0.029,0,,,,,Kepler-384 b,2014
1503,0.101,0.029,-0.029,0,,,,,Kepler-384 c,2014
1504,0.244,0.123,-0.123,0,,,,,Kepler-385 b,2014
1505,0.271,0.139,-0.139,0,,,,,Kepler-385 c,2014
1506,0.124,0.073,-0.073,0,,,,,Kepler-386 b,2014
1507,0.141,0.079,-0.079,0,,,,,Kepler-386 c,2014
1508,0.092,0.021,-0.021,0,,,,,Kepler-387 b,2014
1509,0.079,0.02,-0.02,0,,,,,Kepler-387 c,2014
1510,0.072,0.009,-0.009,0,,,,,Kepler-388 b,2014
1511,0.077,0.01,-0.01,0,,,,,Kepler-388 c,2014
1512,0.135,0.069,-0.069,0,,,,,Kepler-389 b,2014
1513,0.13,0.067,-0.067,0,,,,,Kepler-389 c,2014
1514,0.073,0.006,-0.006,0,,,,,Kepler-390 b,2014
1515,0.07,0.007,-0.007,0,,,,,Kepler-390 c,2014
1516,0.285,0.07,-0.07,0,,,,,Kepler-391 b,2014
1517,0.316,0.077,-0.077,0,,,,,Kepler-391 c,2014
1518,0.089,0.019,-0.019,0,,,,,Kepler-392 b,2014
1519,0.098,0.021,-0.021,0,,,,,Kepler-392 c,2014
1520,0.115,0.022,-0.022,0,,,,,Kepler-393 b,2014
1521,0.119,0.028,-0.028,0,,,,,Kepler-393 c,2014
1522,0.143,0.073,-0.073,0,,,,,Kepler-394 b,2014
1523,0.148,0.077,-0.077,0,,,,,Kepler-394 c,2014
1524,0.092,0.007,-0.007,0,,,,,Kepler-395 b,2014
1525,0.118,0.008,-0.008,0,,,,,Kepler-395 c,2014
1526,0.312,0.114,-0.058,0,,,,,Kepler-396 b,2013
1527,0.473,0.174,-0.088,0,,,,,Kepler-396 c,2013
1528,0.219,1.902,-1.902,0,,,,,Kepler-397 b,2014
1529,0.551,0.05,-0.05,0,,,,,Kepler-397 c,2014
1530,0.083,0.009,-0.009,0,,,,,Kepler-398 b,2014
1531,0.09,0.01,-0.01,0,,,,,Kepler-398 c,2014
1532,0.086,0.045,-0.045,0,,,,,Kepler-399 b,2014
1533,0.128,0.069,-0.069,0,,,,,Kepler-399 c,2014
1534,0.169,0.09,-0.09,0,,,,,Kepler-399 d,2014
1535,0.147,0.027,-0.027,0,,,,,Kepler-400 b,2014
1536,0.133,0.025,-0.025,0,,,,,Kepler-400 c,2014
1537,0.153,0.036,-0.036,0,,,,,Kepler-401 b,2014
1538,0.192,0.036,-0.036,0,,,,,Kepler-401 c,2014
1539,0.109,0.021,-0.021,0,,,,,Kepler-402 b,2014
1540,0.139,0.031,-0.031,0,,,,,Kepler-402 c,2014
1541,0.123,0.024,-0.024,0,,,,,Kepler-402 d,2014
1542,0.13,0.026,-0.026,0,,,,,Kepler-402 e,2014
1543,0.112,0.02,-0.02,0,,,,,Kepler-403 b,2014
1544,0.156,0.029,-0.029,0,,,,,Kepler-403 c,2014
1545,0.113,0.049,-0.049,0,,,,,Kepler-404 b,2014
1546,0.153,0.076,-0.076,0,,,,,Kepler-404 c,2014
1547,0.186,0.088,-0.088,0,,,,,Kepler-405 b,2014
1548,0.416,2.378,-2.378,0,,,,,Kepler-405 c,2014
1549,0.128,0.003,-0.003,0,,,,,Kepler-406 b,2014
1550,0.076,0.003,-0.003,0,,,,,Kepler-406 c,2014
1551,0.095,0.002,-0.002,0,,,,,Kepler-407 b,2014
1552,,,,,,,,,Kepler-407 c,2014
1553,0.073,0.003,-0.003,0,,,,,Kepler-408 b,2014
1554,0.106,0.003,-0.003,0,,,,,Kepler-409 b,2014
1555,0.253,0.005,-0.005,0,132,6.9,-6.9,0,Kepler-410 A b,2013
1556,0.168,0.018,-0.018,0,,,,,Kepler-411 b,2013
1557,1.325,0.043,-0.043,0,1056,36,-36,0,Kepler-412 b,2014
1558,0.388,0.009,-0.009,0,,,,,Kepler-413 b,2014
1559,0.89,0.07,-0.07,0,2000,,,0,Lupus-TR-3 b,2007
1560,,,,,,,,,MOA 2007-BLG-192L b,2008
1561,,,,,,,,,MOA 2007-BLG-400L b,2008
1562,,,,,,,,,MOA 2008-BLG-310L b,2009
1563,,,,,3600,1300,-1300,0,MOA 2008-BLG-379L b,2013
1564,,,,,,,,,MOA 2009-BLG-266L b,2011
1565,,,,,,,,,MOA 2009-BLG-319L b,2010
1566,,,,,,,,,MOA 2009-BLG-387L b,2010
1567,,,,,2300,600,-600,0,MOA 2010-BLG-477L b,2012
1568,,,,,2800,400,-400,0,MOA 2010-BLG-073L b,2012
1569,,,,,7720,440,-440,0,MOA 2011-BLG-293L b,2012
1570,,,,,7560,910,-910,0,MOA 2011-BLG-322L b,2013
1571,,,,,,,,,NGC 2682 YBP 1194 b,2014
1572,,,,,,,,,NGC 2682 YBP 1514 b,2014
1573,,,,,,,,,NGC 2682 Sand 364 b,2014
1574,,,,,,,,,NGC 4349 127 b,2007
1575,,,,,,,,,OGLE 2003-BLG-235L b,2004
1576,,,,,,,,,OGLE 2005-BLG-71L b,2005
1577,,,,,,,,,OGLE 2005-BLG-169L b,2006
1578,,,,,,,,,OGLE 2005-BLG-390L b,2005
1579,,,,,,,,,OGLE 2006-BLG-109L b,2008
1580,,,,,,,,,OGLE 2006-BLG-109L c,2008
1581,,,,,,,,,OGLE 2007-BLG-368L b,2009
1582,,,,,2570,610,-610,0,OGLE 2011-BLG-251L b,2012
1583,,,,,4080,300,-300,0,OGLE 2012-BLG-026L b,2012
1584,,,,,4080,300,-300,0,OGLE 2012-BLG-026L c,2012
1585,,,,,1760,130,-130,0,OGLE 2012-BLG-358L b,2013
1586,,,,,4970,290,-290,0,OGLE 2012-BLG-406L b,2013
1587,1.61,0.04,-0.04,0,,,,,OGLE2-TR-L9 b,2008
1588,1.25,0.14,-0.12,0,,,,,OGLE-TR-10 b,2004
1589,1.363,0.092,-0.09,0,,,,,OGLE-TR-056 b,2002
1590,1.051,0.057,-0.052,0,,,,,OGLE-TR-111 b,2004
1591,1.093,0.028,-0.019,0,600,,,0,OGLE-TR-113 b,2004
1592,1.2,0.15,-0.11,0,2500,250,-250,0,OGLE-TR-132 b,2004
1593,1.13,0.24,-0.08,0,,,,,OGLE-TR-182 b,2007
1594,1.36,0.18,-0.09,0,,,,,OGLE-TR-211 b,2007
1595,,,,,,,,,Oph 11 b,2006
1596,0.941,0.036,-0.047,0,1200,600,-600,0,POTS-1 b,2013
1597,,,,,,,,,Pr0201 b,2012
1598,,,,,,,,,Pr0211 b,2012
1599,,,,,,,,,PSR B1257+12 b,1992
1600,,,,,,,,,PSR B1257+12 c,1992
1601,,,,,,,,,PSR B1257+12 d,1994
1602,,,,,,,,,PSR B1620-26 b,2003
1603,,,,,1200,300,-300,0,PSR J1719-1438 b,2011
1604,1.164,0.045,-0.045,0,,,,,Qatar-1 b,2010
1605,1.144,0.035,-0.035,0,,,,,Qatar-2 b,2011
1606,,,,,135,,,0,ROXs 42 B b,2013
1607,,,,,120,10,-10,0,ROXs 12 b,2013
1608,,,,,,,,,SR 12 AB c,2010
1609,0.81,0.1,-0.1,0,8500,,,0,SWEEPS-4 b,2006
1610,1.13,0.21,-0.21,0,8500,,,0,SWEEPS-11 b,2006
1611,1.067,0.022,-0.021,0,152.3,6.7,-6.7,0,TrES-1 b,2004
1612,1.336,0.031,-0.037,0,228,12,-12,0,TrES-3 b,2007
1613,1.799,0.063,-0.063,0,492,39,-39,0,TrES-4 b,2007
1614,1.209,0.021,-0.021,0,360,11,-11,0,TrES-5 b,2011
1615,,,,,,,,,USco CTIO 108 b,2008
1616,,,,,,,,,V0391 Peg b,2007
1617,1.483,0.024,-0.034,0,408,27,-27,0,WASP-1 b,2007
1618,1.117,0.082,-0.082,0,147,17,-17,0,WASP-2 b,2007
1619,1.29,0.05,-0.07,0,220,,,0,WASP-3 b,2007
1620,1.413,0.02,-0.02,0,300,50,-50,0,WASP-4 b,2007
1621,1.167,0.043,-0.043,0,300,50,-50,0,WASP-5 b,2008
1622,1.224,0.051,-0.052,0,,,,,WASP-6 b,2009
1623,1.33,0.093,-0.093,0,140,15,-15,0,WASP-7 b,2008
1624,1.038,0.007,-0.047,0,87,7,-7,0,WASP-8 b,2010
1625,,,,,87,7,-7,0,WASP-8 c,2014
1626,1.08,0.02,-0.02,0,90,20,-20,0,WASP-10 b,2008
1627,1.005,0.032,-0.027,0,121.7,4.2,-4.2,0,WASP-11 b,2008
1628,1.79,0.09,-0.09,0,,,,,WASP-12 b,2008
1629,1.389,0.045,-0.056,0,155,18,-18,0,WASP-13 b,2009
1630,1.281,0.075,-0.082,0,160,20,-20,0,WASP-14 b,2008
1631,1.428,0.077,-0.077,0,,,,,WASP-15 b,2009
1632,1.008,0.083,-0.06,0,,,,,WASP-16 b,2009
1633,1.74,0.26,-0.23,0,400,60,-60,0,WASP-17 b,2009
1634,1.165,0.057,-0.057,0,105.49,11.77,-15.14,0,WASP-18 b,2009
1635,1.386,0.032,-0.032,0,250,80,-60,0,WASP-19 b,2009
1636,1.07,0.06,-0.06,0,242,50,-30,0,WASP-21 b,2010
1637,1.158,0.061,-0.038,0,300,,,0,WASP-22 b,2010
1638,0.962,0.047,-0.056,0,,,,,WASP-23 b,2010
1639,1.3,0.039,-0.038,0,,,,,WASP-24 b,2010
1640,1.22,0.06,-0.05,0,,,,,WASP-25 b,2010
1641,1.281,0.075,-0.075,0,250,15,-15,0,WASP-26 b,2010
1642,0.792,0.056,-0.035,0,70,,,0,WASP-29 b,2010
1643,1.549,0.05,-0.05,0,360,30,-30,0,WASP-31 b,2010
1644,1.18,0.07,-0.07,0,,,,,WASP-32 b,2010
1645,1.497,0.045,-0.045,0,116.14,12.62,-16.13,0,WASP-33 b,2010
1646,1.22,0.11,-0.08,0,120,15,-15,0,WASP-34 b,2010
1647,1.32,0.05,-0.05,0,,,,,WASP-35 b,2011
1648,1.281,0.029,-0.029,0,450,120,-120,0,WASP-36 b,2011
1649,1.16,0.07,-0.06,0,343,36,-36,0,WASP-37 b,2010
1650,1.094,0.029,-0.028,0,110,20,-20,0,WASP-38 b,2010
1651,1.27,0.04,-0.04,0,230,80,-80,0,WASP-39 b,2011
1652,1.2,0.06,-0.06,0,180,60,-60,0,WASP-41 b,2010
1653,1.08,0.057,-0.057,0,160,40,-40,0,WASP-42 b,2012
1654,0.93,0.07,-0.09,0,80,20,-20,0,WASP-43 b,2011
1655,1.14,0.11,-0.11,0,,,,,WASP-44 b,2011
1656,1.16,0.28,-0.14,0,,,,,WASP-45 b,2011
1657,1.31,0.051,-0.051,0,,,,,WASP-46 b,2011
1658,1.15,0.04,-0.02,0,200,30,-30,0,WASP-47 b,2012
1659,1.67,0.1,-0.1,0,,,,,WASP-48 b,2011
1660,1.115,0.047,-0.047,0,170,20,-20,0,WASP-49 b,2012
1661,1.153,0.048,-0.048,0,230,40,-40,0,WASP-50 b,2011
1662,1.27,0.03,-0.03,0,140,20,-20,0,WASP-52 b,2012
1663,1.653,0.09,-0.083,0,200,30,-30,0,WASP-54 b,2012
1664,1.3,0.05,-0.03,0,330,50,-50,0,WASP-55 b,2012
1665,1.092,0.035,-0.033,0,255,40,-40,0,WASP-56 b,2012
1666,0.916,0.017,-0.014,0,455,80,-80,0,WASP-57 b,2012
1667,1.37,0.2,-0.2,0,300,50,-50,0,WASP-58 b,2012
1668,0.775,0.068,-0.068,0,125,25,-25,0,WASP-59 b,2012
1669,0.86,0.12,-0.12,0,400,60,-60,0,WASP-60 b,2012
1670,1.24,0.03,-0.03,0,480,65,-65,0,WASP-61 b,2012
1671,1.39,0.06,-0.06,0,160,30,-30,0,WASP-62 b,2012
1672,1.43,0.1,-0.06,0,330,50,-50,0,WASP-63 b,2012
1673,1.271,0.039,-0.039,0,350,90,-90,0,WASP-64 b,2012
1674,1.112,0.059,-0.059,0,310,50,-50,0,WASP-65 b,2013
1675,1.39,0.09,-0.09,0,380,100,-100,0,WASP-66 b,2012
1676,1.4,0.3,-0.2,0,225,45,-45,0,WASP-67 b,2012
1677,1.46,0.13,-0.13,0,345,32,-32,0,WASP-71 b,2012
1678,1.27,0.2,-0.2,0,340,60,-60,0,WASP-72 b,2012
1679,1.27,0.048,-0.048,0,260,70,-70,0,WASP-75 b,2013
1680,1.21,0.02,-0.02,0,93,5,-5,0,WASP-77 A b,2012
1681,1.7,0.11,-0.11,0,550,120,-120,0,WASP-78 b,2012
1682,2.09,0.14,-0.14,0,240,50,-50,0,WASP-79 b,2012
1683,0.952,0.026,-0.027,0,60,20,-20,0,WASP-80 b,2012
1684,1.528,0.073,-0.047,0,470,35,-35,0,WASP-103 b,2014
1685,,,,,19.2,0.6,-0.6,0,WD 0806-661 b,2011
1686,1.49,0.16,-0.18,0,3200,900,-400,0,WTS-1 b,2012
1687,1.363,0.061,-0.061,0,1000,,,0,WTS-2 b,2014
1688,0.934,0.029,-0.029,0,10.1,1.9,-1.4,0,WISEP J121756.91+162640.2 A b,2012
1689,1.21,0.03,-0.03,0,172,12,-12,0,XO-1 b,2006
1690,0.996,0.031,-0.018,0,148,10,-10,0,XO-2 b,2007
1691,1.217,0.073,-0.073,0,174,18,-18,0,XO-3 b,2007
1692,1.33,0.05,-0.05,0,293,19,-19,0,XO-4 b,2008
1693,1.109,0.05,-0.05,0,260,12,-12,0,XO-5 b,2008
