pl_orbper,pl_massj,pl_msinij,pl_radj,st_spstr,,OrbPeriod,MassorMsini(Emass),RadiusERadius,Type,,M = 1
,22,,0.934,T8.5,,NaN,6992.218926,10.22820708,0,,K = 2
246.36,28.5,,,L1.5,,246.36,9058.101791,NaN,0,,G = 3
7336.5,20.95,,0.92,M8.5,,7336.5,6658.499386,10.07489349,1,,all else = 0
,7.5,,,M8.5,,NaN,2383.710998,NaN,1,,
,4,,,M8,,NaN,1271.312532,NaN,1,,
1.58040482,0.02,,0.203,M4.5,,1.58040482,6.35656266,2.22304715,1,,
41.397,,0.298,,M4,,41.397,13157.13122,NaN,1,,
124.26,0.046,,,M4 V,,124.26,14.62009412,NaN,1,,
1.93778,0.021,,,M4 V,,1.93778,6.674390793,NaN,1,,
30.0881,0.7142,,,M4 V,,30.0881,226.9928526,NaN,1,,
61.1166,2.2756,,,M4 V,,61.1166,723.2496995,NaN,1,,
2288,,0.82,,M3.5 V,,2288,727190.7683,NaN,1,,
603,,0.079,,M3.5 V,,603,191650.3642,NaN,1,,
25.6,,0.024,,M3.5 V,,25.6,8136.400205,NaN,1,,
8.631,,0.035,,M3.5 V,,8.631,2743.174616,NaN,1,,
,12.569,,,M3.5,,NaN,3994.781804,NaN,1,,
,24.5,,,M3.5 V,,NaN,7786.789259,NaN,1,,
111.7,,2.1,,M3 V,,111.7,35501.40246,NaN,1,,
1845,,0.91,,M3 V,,1845,586392.9054,NaN,1,,
3.14942,,0.006,,M3 V,,3.14942,1000.974279,NaN,1,,
66.8,,0.022,,M3 V,,66.8,21230.91928,NaN,1,,
12.9292,,0.017,,M3 V,,12.9292,4109.263497,NaN,1,,
5.36874,,0.049,,M3 V,,5.36874,1706.336611,NaN,1,,
2.64561,8.4,0.022,,M2.5,,2.64561,2669.756317,NaN,1,,
4.6938,,0.035,,M2.5,,4.6938,1491.821691,NaN,1,,
2.64385,0.0729,,0.377,M2.5 V,,2.64385,23.1696709,4.128516135,1,,
692,2.5,1.894,,M2.5 V,,692,794.5703325,NaN,1,,
8.7836,,0.0265,,M2,,8.7836,2791.675189,NaN,1,,
672.1,,11.1,,M2 III,,672.1,213612.2882,NaN,1,,
1.3283,,18.37,,M2 V,,1.3283,422.1711091,NaN,1,,
3.33714,0.044,,0.37,M1.5,,3.33714,13.98443785,4.051859337,1,,
3416,,0.64,,M1.5,,3416,1085700.902,NaN,1,,
256.2,,0.014,,M1.5 V,,256.2,81427.56767,NaN,1,,
39.026,,0.008,,M1.5 V,,39.026,12403.56072,NaN,1,,
62.24,,0.008,,M1.5 V,,62.24,19781.623,NaN,1,,
91.61,,0.016,,M1.5 V,,91.61,29116.23526,NaN,1,,
28.14,,0.012,,M1.5 V,,28.14,8943.683663,NaN,1,,
7.2004,,0.018,,M1.5 V,,7.2004,2288.489689,NaN,1,,
598.3,,0.328,,M1.5,,598.3,190156.572,NaN,1,,
7.3709,,0.018,,M1.5,,7.3709,2342.679386,NaN,1,,
23.08933,0.003,,0.144,M1 V,,23.08933,0.953484399,1.57693985,1,,
13.78164,0.012,,0.144,M1 V,,13.78164,3.813937596,1.57693985,1,,
10.312364,,,0.054,M1 V,,10.312364,3277.559397,0.591352444,1,,
0.74296,,,0.072,M1 V,,0.74296,236.1335897,0.788469925,1,,
2.896,,,0.134,M1 V,,2.896,920.4302732,1.467430138,1,,
22.7802,,,0.241,M1 V,,22.7802,7240.188435,2.639184054,1,,
8.7522,0.5,,0.178,M1 V,,8.7522,158.9140665,1.94927287,1,,
5.90124,4.1,,0.196,M1 V,,5.90124,1303.095345,2.146390351,1,,
875.5,,9.9,,M1 III,,875.5,278258.5304,NaN,1,,
,13.5,,,M1,,NaN,4290.679796,NaN,1,,
4100,,2.3,,M1,,4100,1303095.345,NaN,1,,
,6.28536,,1.22,M0.5,,NaN,1997.664234,13.36018484,1,,
,11,,,M0.5,,NaN,3496.109463,NaN,1,,
,16,,,M0,,NaN,5085.250128,NaN,1,,
,10.5,,,M0,,NaN,3337.195397,NaN,1,,
,0.53,,,M,,NaN,168.4489105,NaN,1,,
2.455239,0.505,,0.96,M,,2.455239,160.5032072,10.51293233,1,,
1.865169,,,0.051,M,,1.865169,592.803181,0.55849953,1,,
0.45328509,,,0.065,M,,0.45328509,144.0667539,0.711813127,1,,
1.2137672,,,0.07,M,,1.2137672,385.7693631,0.766567983,1,,
58.43,,0.01133,,M0 V,,58.43,18570.69781,NaN,1,,
35.37,,0.036,,M0 V,,35.37,11241.58106,NaN,1,,
3.6,,0.014,,M0 V,,3.6,1144.181279,NaN,1,,
1050.3,,4.95,,M0 V,,1050.3,333814.8881,NaN,1,,
4343.5,,4.2,,M,,4343.5,1380486.496,NaN,1,,
125.94,,0.17,,K7/M0 V,,125.94,40027.27507,NaN,1,,
3.8728,,0.027,,K7/M0 V,,3.8728,1230.884793,NaN,1,,
3.0678504,0.554,,0.952,K7 V,,3.0678504,176.0767857,10.42532456,2,,
59.87756,,,0.192,K7 V,,59.87756,19030.7731,2.102586467,2,,
17337.5,,9,,K7 V k,,17337.5,5510345.256,NaN,2,,
,8,,1.664,K7 V,,NaN,2542.625064,18.22241604,2,,
,20,,3,K7e V,,NaN,6356.56266,32.85291354,2,,
7.919585,0.863,,0.775,K5 V,,7.919585,274.2856788,8.487002665,2,,
3.1606296,2.31,,0.941,K5 V,,3.1606296,734.1829872,10.30486388,2,,
192,,6.575,,K5,,192,61023.00154,NaN,2,,
43.6,,0.47,,K5,,43.6,13857.3066,NaN,2,,
578.2,4.2,,,K5 III,,578.2,1334.878159,NaN,2,,
655.6,,5.1,,K5 V,,655.6,208368.124,NaN,2,,
1.4324752,1.26,,1.093,K4 V,,1.4324752,400.4634476,11.9694115,2,,
4.8878162,0.081,,0.422,K4,,4.8878162,25.74407877,4.621309838,2,,
431.7,,0.527,,K4 V,,431.7,137206.405,NaN,2,,
32.03,,0.41,,K4 V,,32.03,10180.0351,NaN,2,,
8.1352,,0.036,,K4 V,,8.1352,2585.595428,NaN,2,,
2.817822,,0.38,,K4 V,,2.817822,895.5831054,NaN,2,,
3.2130598,0.211,,0.959,K4,,3.2130598,67.06173606,10.50198136,2,,
516.22,,10.5,,K4 III,,516.22,164069.2388,NaN,2,,
9.6737,,0.041,,K3/4 V,,9.6737,3074.57401,NaN,2,,
380.85,,1.99,,K3/4 III/V,,380.85,121044.8445,NaN,2,,
121.71,,1.54,,K3 III,,121.71,38682.86207,NaN,2,,
6.24658,0.88,,1.384,K3,,6.24658,279.688757,15.15614411,2,,
225.7,,0.21,,K3 V,,225.7,71733.80962,NaN,2,,
567,,0.33,,K3 V,,567,180208.5514,NaN,2,,
3.93,,0.017,,K3 V,,3.93,1249.064563,NaN,2,,
525.8,,0.07552,,K3 V,,525.8,167114.0323,NaN,2,,
74.72,,0.05318,,K3 V,,74.72,23748.1181,NaN,2,,
4.6455,,0.013,,K3 V,,4.6455,1476.470592,NaN,2,,
937.7,,1.24,,K3 V,,937.7,298027.4403,NaN,2,,
4970,,0.36,,K2/4,,4970,1579605.821,NaN,2,,
17.054,,0.087,,K2/4,,17.054,5420.24098,NaN,2,,
143.58,,0.37,,K3 V,,143.58,45633.76334,NaN,2,,
2.875317,7.246,,0.867,K3,,2.875317,2302.982652,9.494492013,2,,
237.6,,0.33,,K3 V,,237.6,75515.9644,NaN,2,,
5.6,,0.045,,K3 V,,5.6,1779.837545,NaN,2,,
923.8,,3.24,,K3- V,,923.8,293609.6293,NaN,2,,
454.2,,1.45,,K3- V,,454.2,144357.538,NaN,2,,
1657,,0.71,,K5/M0 V,,1657,526641.2164,NaN,1,,
263.3,,0.27,,K5/M0 V,,263.3,83684.14742,NaN,1,,
2754,,1.78,,K2.5 V,,2754,875298.6783,NaN,2,,
197.8,,0.0223,,K2.5 V,,197.8,62866.40471,NaN,2,,
51.76,,0.0164,,K2.5 V,,51.76,16450.78416,NaN,2,,
34.62,,0.011,,K2.5 V,,34.62,11003.20996,NaN,2,,
20.432,,0.0299,,K2.5 V,,20.432,6493.864413,NaN,2,,
9.6184,,0.0208,,K2.5 V,,9.6184,3056.998114,NaN,2,,
4.3123,,0.0126,,K2.5 V,,4.3123,1370.570258,NaN,2,,
1.0187068,1.12,,1.363,K2 V,,1.0187068,355.967509,14.92617372,2,,
1.7497798,0.46,,1.27,K2 V,,1.7497798,146.2009412,13.9077334,2,,
4.0161,0.55,,1.051,K2 V,,4.0161,174.8054732,11.50947071,2,,
267.291,0.11,,0.126,K2 V,,267.291,34.96109463,1.379822369,2,,
122.3874,0.113,,0.144,K2 V,,122.3874,35.91457903,1.57693985,2,,
18.16406,0.044,,0.174,K2 V,,18.16406,13.98443785,1.905468985,2,,
12.4417,0.013,,0.048,K2 V,,12.4417,4.131765729,0.525646617,2,,
5.714932,0.03,,0.117,K2 V,,5.714932,9.53484399,1.281263628,2,,
511.098,,8.82,,K2 III,,511.098,162441.3231,NaN,2,,
745.7,,5.3,,K2,,745.7,237004.4388,NaN,2,,
2.21857578,1.15,,1.151,K2 V,,2.21857578,365.502353,12.60456783,2,,
2172,,0.54,,K2 IV/V,,2172,690322.7049,NaN,2,,
962,,0.64,,K2 IV/V,,962,305750.6639,NaN,2,,
9.3743,,0.0238,,K2 IV/V,,9.3743,2979.416267,NaN,2,,
606.4,,2.7,,K1/3,,606.4,192730.9799,NaN,2,,
8.428198,,14.4,,K2 (V),,8.428198,2678.718435,NaN,2,,
330,,0.223,,K2 IV,,330,104883.2839,NaN,2,,
835.477,,11.09,,K2 III,,835.477,265538.0951,NaN,2,,
55.806,,0.186,,K2 V,,55.806,17736.71679,NaN,2,,
127.58,,5.9,,K2,,127.58,40548.51321,NaN,2,,
647.3,,4,,K2,,647.3,205730.1505,NaN,2,,
480.5,,6,,K2 III,,480.5,152716.4179,NaN,2,,
17.991,,0.62,,K2 V,,17.991,5718.045941,NaN,2,,
471.6,,14,,K2,,471.6,149887.7475,NaN,2,,
5.508023,0.197,,0.995,K2,,5.508023,62.6121422,10.89621632,2,,
621.99,,12.47,,K2 II,,621.99,197685.9204,NaN,2,,
379.63,,21.42,,K2 II,,379.63,120657.0941,NaN,2,,
268.94,,1.47,,K2 V,,268.94,85476.69809,NaN,2,,
305.5,,20.6,,K2 III,,305.5,97096.49463,NaN,2,,
417.9,6.7,,,K2 III,,417.9,2129.448491,NaN,2,,
2502,,1.55,,K2 V,,2502,795205.9888,NaN,2,,
,13.5,,,K2 V,,NaN,4290.679796,NaN,2,,
1733,,0.266,,K1/2 V,,1733,550796.1545,NaN,2,,
24.348,,0.72,,K1/2 V,,24.348,7738.479382,NaN,2,,
423.841,,1.28,,K1/2 III,,423.841,134708.5937,NaN,2,,
479.1,,3.88,,K1.5 III,,479.1,152271.4585,NaN,2,,
2.152226,0.914,,1.117,K1 V,,2.152226,290.4949136,12.23223481,2,,
420.77,,1.7,,K1 IV,,420.77,133732.5435,NaN,2,,
493.7,,1.1,,K1 V,,493.7,156911.7493,NaN,2,,
47.84,,0.098,,K1 V(P),,47.84,15204.89788,NaN,2,,
70.46,,0.3,,K1 V,,70.46,22394.17025,NaN,2,,
9.4903,0.024,,0.2,K1,,9.4903,7.627875192,2.190194236,2,,
788,,0.132,,K1 V,,788,250448.5688,NaN,2,,
430,,5,,K1 III,,430,136666.0972,NaN,2,,
2371,,25,,K1 IV,,2371,753570.5033,NaN,2,,
157.54,,3.04,,K1 III,,157.54,50070.64407,NaN,2,,
3.4442,,0.48,,K1 V,,3.4442,1094.663656,NaN,2,,
533,,6.1,,K1 (III),,533,169402.3949,NaN,2,,
4.234516,0.059,,0.565,K1,,4.234516,18.75185985,6.187298717,2,,
4.008778,0.292,,1.132,K1,,4.008778,92.80581484,12.39649938,2,,
15.76491,,3.91,,K1 V,,15.76491,5010.531912,NaN,2,,
13.2406,2.75,,0.97,K1 V,,13.2406,874.0273658,10.62244204,2,,
6.21229,0.22,,0.57,K1 V,,6.21229,69.92218926,6.242053573,2,,
3186,27,,,K1 III,,3186,8581.359591,NaN,2,,
530.32,24,,,K1 III,,530.32,7627.875192,NaN,2,,
903.3,,1.85,,K1 III,,903.3,287094.1525,NaN,2,,
428.5,,8.78,,K1 IIIb Fe-0.5,,428.5,136189.355,NaN,2,,
3.2357,,0.0036,,K1 V,,3.2357,1028.39649,NaN,2,,
380.8,,1.8,,K1 IIIb,,380.8,121028.953,NaN,2,,
763,,2.6,,K1 III,,763,242502.8655,NaN,2,,
269.3,,7.1,,K1 III,,269.3,85591.11622,NaN,2,,
2.985698,,0.398,,K0/1 V + G (III),,2.985698,948.938821,NaN,2,,
2.615864,0.565,,0.996,K0 V,,2.615864,179.5728951,10.9071673,2,,
3.030065,0.752,,1.067,K0 V,,3.030065,239.006756,11.68468625,2,,
,4.8,,,K,,NaN,1525.575038,NaN,2,,
118.45,,0.65,,K0 V,,118.45,37646.74235,NaN,2,,
354.8,1.9,,,K0,,354.8,603.8734527,NaN,2,,
610,,2.2,,K0 III,,610,193875.1611,NaN,2,,
663,,3.3,,K0 III,,663,210720.0522,NaN,2,,
479,,1.6,,K0 III/IV,,479,152239.6757,NaN,2,,
396.03,22,,,K0,,396.03,6992.218926,NaN,2,,
110.9,,0.15,,K0,,110.9,35247.13995,NaN,2,,
406.6,,1.49,,K0,,406.6,129228.9189,NaN,2,,
323.6,,2.7,,K0,,323.6,102849.1838,NaN,2,,
5144,,3.53,,K0 IV-V,,5144,1634907.916,NaN,2,,
521,,1.8,,K0,,521,165588.4573,NaN,2,,
131.05,,9.71,,K0,,131.05,41651.37683,NaN,2,,
689,,1.5,,K0,,689,218983.5836,NaN,2,,
331.5,,0.96,,K0 III/IV,,331.5,105360.0261,NaN,2,,
176.3,,2.9,,K0,,176.3,56033.09985,NaN,2,,
1299,,1.9,,K0,,1299,412858.7448,NaN,2,,
1125.7,,9.76,,K0,,1125.7,357779.1293,NaN,2,,
883,,2.2,,K0,,883,280642.2414,NaN,2,,
10.7085,,1.04,,K0 V,,10.7085,3403.462562,NaN,2,,
6.1335,,2.13,,K0,,6.1335,1949.398854,NaN,2,,
670,,2.1,,K0,,670,212944.8491,NaN,2,,
443.4,,2.6,,K0,,443.4,140924.9942,NaN,2,,
199.505,,8.3,,K0,,199.505,63408.30167,NaN,2,,
778.1,,5.9,,K0 III,,778.1,247302.0703,NaN,2,,
4.113775,,0.45,,K0 V,,4.113775,1307.473428,NaN,2,,
157.57,,1.7,,K0,,157.57,50080.17892,NaN,2,,
868,,1.4,,K0,,868,275874.8194,NaN,2,,
436.9,,1.8,,K0 III/IV,,436.9,138859.1113,NaN,2,,
5.7361,0.05,,,K0 IV,,5.7361,15.89140665,NaN,2,,
1260,,3.06,,K0 V,,1260,400463.4476,NaN,2,,
197,,0.058,,K0 V,,197,62612.1422,NaN,2,,
31.56,,0.038,,K0 V,,31.56,10030.65588,NaN,2,,
8.667,,0.033,,K0 V,,8.667,2754.616429,NaN,2,,
589.64,,2.9,,K0 III,,589.64,187404.1803,NaN,2,,
3.024,,0.249,,K0 V,,3.024,961.1122742,NaN,2,,
342.85,,0.6579,,K0 V,,342.85,108967.3754,NaN,2,,
226.93,,0.1872,,K0 V,,226.93,72124.73822,NaN,2,,
2720,,3.366,,K0 V,,2720,864492.5218,NaN,2,,
55,,2.3,,K0 V,,55,17480.54732,NaN,2,,
326.6,,1.3,,K0 III,,326.6,103802.6682,NaN,2,,
912,,1.8,,K0 III,,912,289859.2573,NaN,2,,
528.07,,13.65,,K0,,528.07,167835.5022,NaN,2,,
359.9,,4.6,,K0,,359.9,114386.3451,NaN,2,,
1708,,1.92,,K0,,1708,542850.4512,NaN,2,,
262.709,,2.3,,K0,,262.709,83496.31099,NaN,2,,
5.3978,,0.029,,K0,,5.3978,1715.572696,NaN,2,,
615,,0.29,,K0 IV/V,,615,195464.3018,NaN,2,,
792.6,1.4,,,K0,,792.6,444.9593862,NaN,2,,
675,,1.94,,K0 III,,675,214533.9898,NaN,2,,
2732,,2.37,,K0 IV,,2732,868306.4594,NaN,2,,
360.2,,2.37,,K0 IV,,360.2,114481.6935,NaN,2,,
62.218,,0.229,,K0 V,,62.218,19774.63078,NaN,2,,
311.6,,1.6,,K0 III,,311.6,99035.24624,NaN,2,,
431.8,,3.1,,K0,,431.8,137238.1878,NaN,2,,
1.354133,1.345,,1.168,K,,1.354133,427.4788389,12.79073434,2,,
5584,,3.4,,K,,5584,1774752.295,NaN,2,,
10.338523,0.534,,1.01,K,,10.338523,169.720223,11.06048089,2,,
2.899736,0.591,,0.827,K,,2.899736,187.8364266,9.056453166,2,,
392.6,,0.91,,K0 III,,392.6,124779.325,NaN,2,,
137.48,,1.11,,K0,,137.48,43695.01172,NaN,2,,
3.48777,0.458,,,K0 V,,3.48777,145.5652849,NaN,2,,
187.83,1.5,,,K0,,187.83,476.7421995,NaN,2,,
136.75,,2.8,,K0,,136.75,43462.99719,NaN,2,,
1251,1.6,,,K0 III-IV,,1251,508.5250128,NaN,2,,
594.9,,7.6,,K0 III,,594.9,189075.9563,NaN,2,,
181.4,,3.2,,K0 III,,181.4,57654.02333,NaN,2,,
261.2,,0.172,,K0 IV-V,,261.2,83016.70834,NaN,2,,
0.73654,0.027,,0.178,K0 IV-V,,0.73654,8.581359591,1.94927287,2,,
4909,,3.53,,K0 IV-V,,4909,1560218.305,NaN,2,,
44.38,,0.165,,K0 IV-V,,44.38,14105.21254,NaN,2,,
14.651,,0.8,,K0 IV-V,,14.651,4656.499977,NaN,2,,
883,,0.86,,K0 IV,,883,280642.2414,NaN,2,,
452.8,,1.99,,K0 IV,,452.8,143912.5786,NaN,2,,
1773.4,,4.64,,K0 V,,1773.4,563636.4111,NaN,2,,
185.84,,4.8,,K0 III,,185.84,59065.18024,NaN,2,,
874.774,,2.21,,K0 IV,,874.774,278027.7872,NaN,2,,
2231,,2,,G8/K1 (III + F/G),,2231,709074.5647,NaN,2,,
15.7259,,,0.262,G9 V,,15.7259,4998.133437,2.869154449,3,,
442.1,,1.23,,G8/K0 V,,442.1,140511.8176,NaN,2,,
1155,,0.36,,G9 V,,1155,367091.4936,NaN,3,,
1008,,6.56,,G8/K0 V,,1008,320370.7581,NaN,2,,
44.236,,2.12,,G8/K0 V,,44.236,14059.44529,NaN,2,,
1928,,5.1,,G9 IV-V,,1928,612772.6404,NaN,3,,
439.3,,0.502,,G8/K0 IV,,439.3,139621.8988,NaN,2,,
507,,1.2,,G8/K0 IV,,507,161138.8634,NaN,2,,
2.54858,,1.87,,G8/K0 V,,2.54858,810.0104232,NaN,2,,
327.8,,0.6,,G8/K0 IV/V,,327.8,104184.062,NaN,2,,
772,,2.7,,G8/K0 IV,,772,245363.3187,NaN,2,,
1.9000693,3.47,,1.31,G9 V,,1.9000693,1102.863622,14.34577225,3,,
3.698,0.026,,,G9 V,,3.698,8.263531458,NaN,3,,
0.853585,0.015,,0.15,G9 V,,0.853585,4.767421995,1.642645677,3,,
1.3600309,1.76,,1.21,G8 V,,1.3600309,559.3775141,13.25067513,3,,
0.78884,1.168,,1.386,G8 V,,0.78884,371.2232593,15.17804606,3,,
8.884924,9.9,,1.03,G8 V,,8.884924,3146.498517,11.27950032,3,,
124.6,,9.18,,G8,,124.6,39601.38537,NaN,3,,
5501,,10.39,,G8 V,,5501,1748372.56,NaN,3,,
4270,,2.6,,G8 IV/V,,4270,1357126.128,NaN,3,,
7.126816,,1.39,,G8 IV/V,,7.126816,2265.102624,NaN,3,,
373.3,,2.3,,G8 IV,,373.3,118645.242,NaN,3,,
,24.09,,,G8 V,,NaN,7656.479724,NaN,3,,
825,,0.895,,G8 IV,,825,262208.2097,NaN,3,,
613.8,,1.85,,G8 IV,,613.8,195082.908,NaN,3,,
351.5,,2.5,,G8 IV,,351.5,111716.5887,NaN,3,,
1523,,2.6,,G8 V,,1523,484052.2466,NaN,3,,
1244,,0.38,,G8 IV,,1244,395378.1975,NaN,3,,
2597,,1.88,,G8 IV/V,,2597,825399.6614,NaN,3,,
1143,,6.84,,G8 V,,1143,363277.556,NaN,3,,
383.7,,1.16,,G8 V,,383.7,121950.6546,NaN,3,,
1973,,2.82,,G8 IV (+ G),,1973,627074.9064,NaN,3,,
696.3,,10.7,,G8 IV,,696.3,221303.729,NaN,3,,
2140.2,,13.38,,G8 III/IV,,2140.2,680215.7702,NaN,3,,
14.3098,,0.839,,G8 III/IV,,14.3098,4548.057018,NaN,3,,
2819.654,,9.17,,G8 V,,2819.654,896165.3665,NaN,3,,
387.1,,1.7,,G8 IV,,387.1,123031.2703,NaN,3,,
90.309,,0.0151,,G8 III,,90.309,28702.74086,NaN,3,,
40.114,,0.00755,,G8 III,,40.114,12749.35773,NaN,3,,
18.315,,0.0085,,G8 III,,18.315,5821.022256,NaN,3,,
75.523,,0.26,,G8 IV + F,,75.523,24003.33409,NaN,3,,
37.91,,0.0788,,G8 IV,,37.91,12048.86452,NaN,3,,
1945,,0.622,,G8 IV,,1945,618175.7187,NaN,3,,
711,,6.54,,G8 III/IV,,711,225975.8026,NaN,3,,
3.039577,0.62,,1.02,G8,,3.039577,197.0534425,11.1699906,3,,
277.02,,1.7,,G8 III,,277.02,88044.7494,NaN,3,,
326.03,,19.4,,G8 III,,326.03,103621.5062,NaN,3,,
1.5732918,1.271,,1.271,G7,,1.5732918,403.959557,13.91868437,3,,
1.33823187,1.237,,1.413,G7 V,,1.33823187,393.1534005,15.47372228,3,,
17.1,,0.057,,G7 IV-V,,17.1,5434.861074,NaN,3,,
2891,,1.502,,G7 IV-V,,2891,918841.1325,NaN,3,,
297.3,,0.61,,G6/8 IV,,297.3,94490.30394,NaN,3,,
2082,,4.5,,G7 III,,2082,661718.1729,NaN,3,,
2.3114243,1.55,,1.112,G6,,2.3114243,492.6336062,12.17747995,3,,
2.838971,0.672,,0.916,G6,,2.838971,213.5805054,10.0310896,3,,
4.617101,0.571,,1.092,G6,,4.617101,181.4798639,11.95846053,3,,
22.3395,0.626,,,G6 V,,22.3395,198.9604113,NaN,3,,
10.95416,0.027,,0.337,G6 V,,10.95416,8.581359591,3.690477288,3,,
1.855558,0.55,,0.89,G6 V,,1.855558,174.8054732,9.74636435,3,,
1383.4,,2.44,,G6 V,,1383.4,439683.4392,NaN,3,,
255.87,,17.4,,G6 V,,255.87,81322.68439,NaN,3,,
1749.5,,18.1,,G6 V,,1749.5,556040.3187,NaN,3,,
58.11289,,8.02,,G6 V,,58.11289,18469.91133,NaN,3,,
2097,,3,,G6 V,,2097,666485.5949,NaN,3,,
1057,,3.12,,G6 V,,1057,335944.3366,NaN,3,,
1840,,1.6,,G6 V,,1840,584803.7647,NaN,3,,
20.8133,,0.172,,G6 V,,20.8133,6615.052281,NaN,3,,
361.1,,0.9,,G6 V,,361.1,114767.7388,NaN,3,,
325.81,,3.86,,G6 V,,325.81,103551.584,NaN,3,,
3.971,,0.197,,G6 V,,3.971,1262.095516,NaN,3,,
379.1,,2.25,,G6 V,,379.1,120488.6452,NaN,3,,
188.9,,2.25,,G6 V,,188.9,60037.73432,NaN,3,,
851.8,,6.1,,G6 V,,851.8,270726.0037,NaN,3,,
358,,0.64,,G6 IV/V,,358,113782.4716,NaN,3,,
133.71,,3.37,,G6 V,,133.71,42496.79966,NaN,3,,
993.3,,10.3,,G6 III,,993.3,315698.6845,NaN,3,,
385.9,,5.59,,G5/6 V,,385.9,122649.8765,NaN,3,,
,0.68,,,G5 V,,NaN,216.1231304,NaN,3,,
,0.11,,,G5 V,,NaN,34.96109463,NaN,3,,
5.118,,0.4,,G5 V,,5.118,1626.644385,NaN,3,,
6.958,,0.34,,G5 V,,6.958,2211.448149,NaN,3,,
3.57878087,0.43,,0.96,G5 V,,3.57878087,136.6660972,10.51293233,3,,
289.8623,0.113,,0.212,G5 V,,289.8623,35.91457903,2.32160589,3,,
5.0505,,1.068,,G5 V,,5.0505,1605.190986,NaN,3,,
3.369,,0.76,,G5,,3.369,1070.76298,NaN,3,,
572.38,,7.75,,G5 V,,572.38,181918.4668,NaN,3,,
1155.7,0.73,,,G5 V,,1155.7,232.0145371,NaN,3,,
161.97,0.56,,,G5 V,,161.97,177.9837545,NaN,3,,
2831.6,,1.68,,G5 V,,2831.6,899962.1414,NaN,3,,
1931,,4.05,,G5 V,,1931,613726.1248,NaN,3,,
18.20163,,3.7,,G5,,18.20163,5784.99008,NaN,3,,
1038.1,,1.9,,G5 V,,1038.1,329937.3849,NaN,3,,
1136.1,,5.93,,G5,,1136.1,361084.5419,NaN,3,,
456.46,,1.26,,G5,,456.46,145075.8296,NaN,3,,
3810,,1.99,,G5,,3810,1210925.187,NaN,3,,
3.097,,0.52,,G5,,3.097,984.3137279,NaN,3,,
2950,,3.82,,G5,,2950,937592.9924,NaN,3,,
634.23,,3.69,,G5,,634.23,201576.1368,NaN,3,,
14.476,,0.08,,G5 IV,,14.476,4600.880053,NaN,3,,
71.484,,7.03,,G5,,71.484,22719.62626,NaN,3,,
1290,,7.8,,G5 IV/V,,1290,409998.2916,NaN,3,,
1145,,0.67,,G5,,1145,363913.2123,NaN,3,,
6.403,,0.23,,G5 V,,6.403,2035.053536,NaN,3,,
1314,,2.29,,G5,,1314,417626.1668,NaN,3,,
75.29,,0.77,,G5,,75.29,23929.28013,NaN,3,,
352.3,,0.73,,G5 V,,352.3,111970.8513,NaN,3,,
1178.4,,2.1,,G5 V,,1178.4,374528.6719,NaN,3,,
3452,,2.58,,G5 V,,3452,1097142.715,NaN,3,,
408.6,,2.24,,G5 V,,408.6,129864.5751,NaN,3,,
464.3,,2,,G5,,464.3,147567.6022,NaN,3,,
5000,,0.82,,G5 V,,5000,1589140.665,NaN,3,,
258.19,,1.59,,G5 V,,258.19,82060.04566,NaN,3,,
30.93,,0.076,,G5 V,,30.93,9830.424154,NaN,3,,
7.8543,,0.054,,G5 V,,7.8543,2496.317505,NaN,3,,
1624,,0.99,,G5,,1624,516152.888,NaN,3,,
395.8,,1.29,,G5,,395.8,125796.375,NaN,3,,
48.056,,0.21,,G5 V,,48.056,15273.54876,NaN,3,,
3630,,9.61,,G5,,3630,1153716.123,NaN,3,,
2890,,11,,G5 IV,,2890,918523.3044,NaN,3,,
6.495,,0.96,,G5,,6.495,2064.293724,NaN,3,,
49.77,,0.057,,G5 V,,49.77,15818.30618,NaN,3,,
3.416,,0.22,,G5,,3.416,1085.700902,NaN,3,,
184.02,,2.7,,G5,,184.02,58486.73303,NaN,3,,
111.4357,3.94,,0.98,G5,,111.4357,1252.242844,10.73195176,3,,
1966.1,,1.34,,G5,,1966.1,624881.8923,NaN,3,,
1800,,1.15,,G5,,1800,572090.6394,NaN,3,,
152.6,,0.17,,G5 V,,152.6,48500.5731,NaN,3,,
572.4,,1.26,,G5 V,,572.4,181924.8233,NaN,3,,
700,,1.16,,G5 IV/V,,700,222479.6931,NaN,3,,
1353.6,,0.35061,,G5 V,,1353.6,430212.1608,NaN,3,,
4.0845,,0.07167,,G5 V,,4.0845,1298.169009,NaN,3,,
890.76,,1.79,,G5,,890.76,283108.5878,NaN,3,,
1117,,1.16,,G5 V,,1117,355014.0246,NaN,3,,
21.21663,3.191,,1.087,G5,,21.21663,1014.189572,11.90370567,3,,
465.1,,14.3,,G5,,465.1,147821.8647,NaN,3,,
1075.2,,6.21,,G5,,1075.2,341728.8086,NaN,3,,
192.9,,1.82,,G5,,192.9,61309.04686,NaN,3,,
30.052,,0.7,,G5,,30.052,9551.371053,NaN,3,,
2496,,1.65,,G5 V,,2496,793299.02,NaN,3,,
177.11,,7.6,,G5,,177.11,56290.54064,NaN,3,,
356,,2.3,,G5,,356,113146.8153,NaN,3,,
6700,,2.17,,G5,,6700,2129448.491,NaN,3,,
437.05,,1.82,,G5,,437.05,138906.7855,NaN,3,,
15.609,,0.0405,,G5 V,,15.609,4960.979328,NaN,3,,
829,,0.8,,G5 V,,829,263479.5223,NaN,3,,
526.62,,1.56,,G5 V,,526.62,167374.6514,NaN,3,,
5.7727,,0.024,,G5 V,,5.7727,1834.726463,NaN,3,,
3.652836,0.567,,1.19,G5,,3.652836,180.2085514,13.0316557,3,,
3.21222,2.147,,1.08,G5,,3.21222,682.3770016,11.82704887,3,,
10.863502,1.946,,1.072,G5,,10.863502,618.4935468,11.7394411,3,,
5.35227,0.535,,1.17,G5 V,,5.35227,170.0380512,12.81263628,3,,
714.3,,10.6,,G5 IV/V,,714.3,227024.6354,NaN,3,,
1630,4.1,,,G5 III,,1630,1303.095345,NaN,3,,
952.7,,5.3,,G5 III,,952.7,302794.8623,NaN,3,,
123.01,,0.072,,G5 V,,123.01,39096.03864,NaN,3,,
38.021,,0.057,,G5 V,,38.021,12084.14344,NaN,3,,
4.215,,0.016,,G5 V,,4.215,1339.645581,NaN,3,,
1.30618581,1.91,,1.336,G4 V,,1.30618581,607.051734,14.6304975,3,,
242.4613,,,0.153,G4 V,,242.4613,77061.0223,1.675498591,3,,
13.722341,,,0.2,G4 V,,13.722341,4361.34602,2.190194236,3,,
105.599,0.384,,0.384,G4 V,,105.599,122.0460031,4.205172933,3,,
528.4,,1.21,,G3/5 V,,528.4,167940.3855,NaN,3,,
3827,,0.48,,G4 IV,,3827,1216328.265,NaN,3,,
122.1,,0.05,,G3/5 V,,122.1,38806.81504,NaN,3,,
4951,,6.8,,G4 V,,4951,1573567.086,NaN,3,,
18.179,,0.33,,G3/5 V,,18.179,5777.79763,NaN,3,,
445.82,,14.61,,G4,,445.82,141694.1383,NaN,3,,
2.91626,0.853,,1.271,G4,,2.91626,271.1073974,13.91868437,3,,
116.6884,7.49,,,G4 V,,116.6884,2380.532716,NaN,3,,
4.322482,0.3,,1.07,G3 V,,4.322482,95.3484399,11.71753916,3,,
1.72086123,0.939,,1.325,G3 V,,1.72086123,298.4406169,14.51003681,3,,
2209,,1.06,,G3 V,,2209,702082.3458,NaN,3,,
1289,,3,,G3 V,,1289,409680.4634,NaN,3,,
310.55,0.5219,,,G3 IV/V,,310.55,165.8745026,NaN,3,,
9.6386,0.03321,,,G3 IV/V,,9.6386,10.5550723,NaN,3,,
4205.8,,1.814,,G3 IV/V,,4205.8,1336721.562,NaN,3,,
643.25,1.676,,,G3 IV/V,,643.25,532.6799509,NaN,3,,
163.9,,5.02,,G3 IV,,163.9,52092.031,NaN,3,,
4.072,,1.33,,G3 V,,4.072,1294.196158,NaN,3,,
103.95,,5.76,,G3 V,,103.95,33038.23443,NaN,3,,
1951,,18.15,,G3 V,,1951,620082.6875,NaN,3,,
3008,,7.2,,G3 V,,3008,956027.0241,NaN,3,,
4.1547,,0.058,,G3 V,,4.1547,1320.480544,NaN,3,,
559.4,,3,,G3 V,,559.4,177793.0576,NaN,3,,
5.24,,0.28,,G3 V,,5.24,1665.419417,NaN,3,,
498.9,,0.68,,G3 V,,498.9,158564.4556,NaN,3,,
472,,0.58,,G3 V,,472,150014.8788,NaN,3,,
2208,,1.45,,G3 IV-V,,2208,701764.5177,NaN,3,,
591.9,,1.9,,G3 V,,591.9,188122.4719,NaN,3,,
3.257215,0.626,,1.212,G3,,3.257215,198.9604113,13.27257707,3,,
4.124481,4.063,,1.024,G3,,4.124481,1291.335704,11.21379449,3,,
95.2738,0.84,,1.05,G3 V,,95.2738,266.9756317,11.49851974,3,,
691.9,3,,,G3 III,,691.9,953.484399,NaN,3,,
1294,,2.1,,G2/3 IV,,1294,411269.6041,NaN,3,,
653.22,,9.7,,G2/3 V,,653.22,207611.693,NaN,3,,
220.078,1.959,,,G2/3 V,,220.078,622.6253125,NaN,3,,
441.47,1.681,,,G2/3 V,,441.47,534.2690916,NaN,3,,
21.998,,0.39,,G2/3 V,,21.998,6991.58327,NaN,3,,
1183,,4.9,,G2/3 IV/V,,1183,375990.6813,NaN,3,,
4.230785,,0.472,,G2.5 IV,,4.230785,1344.662498,NaN,3,,
798.5,1.68,,,G2.5 V,,798.5,533.9512634,NaN,3,,
5.01718,0.89,,1.37,G2 V,,5.01718,282.8670384,15.00283052,3,,
3.101278,0.62,,1.25,G2 V,,3.101278,197.0534425,13.68871398,3,,
3.24674,1.02,,1.24,G2 IV,,3.24674,324.1846957,13.57920426,3,,
1.4857108,2.45,,1.31,G2 V,,1.4857108,778.6789259,14.34577225,3,,
26.73,,0.71,,G2 V,,26.73,8495.545995,NaN,3,,
3999,,1.9,,G2 V,,3999,1270994.704,NaN,3,,
123,,0.45,,G1/3 (V),,123,39092.86036,NaN,3,,
282.4,,0.48,,G2 V,,282.4,89754.66476,NaN,3,,
63.33,,1.22,,G2 V,,63.33,20128.05566,NaN,3,,
25.827,,0.178,,G2 V,,25.827,8208.547191,NaN,3,,
1695,,0.92,,G2 V,,1695,538718.6854,NaN,3,,
3383,,3.15,,G2 V,,3383,1075212.574,NaN,3,,
25.648,,0.027,,G2 V,,25.648,8151.655955,NaN,3,,
18.357,,0.039,,G2 V,,18.357,5834.371037,NaN,3,,
1214,,1.5,,G2 V,,1214,385843.3535,NaN,3,,
3.57532,10.39,,1.007,G2,,3.57532,3302.234302,11.02762798,3,,
9.24285,4.24,,0.84,G2 V,,9.24285,1347.591284,9.198815791,3,,
3.7681,2.43,,1.02,G2 V,,3.7681,772.3223632,11.1699906,3,,
3.94150685,0.92,,1.21,G1 V,,3.94150685,292.4018824,13.25067513,3,,
4.3050011,0.514,,0.86,G1 V,,4.3050011,163.3636604,9.417835215,3,,
3638,,6.9,,G1 V,,3638,1156258.748,NaN,3,,
956,,0.37,,G1 V,,956,303843.6951,NaN,3,,
359.5546,,10.57,,G1 V,,359.5546,114276.5672,NaN,3,,
842,,0.75,,G1 V(W),,842,267611.288,NaN,3,,
1027,,0.85,,G0/2 V,,1027,326409.4926,NaN,3,,
386.3,,1.62,,G1 V,,386.3,122777.0078,NaN,3,,
2.1375,,1.5,,G1 V,,2.1375,679.3576343,NaN,3,,
2473,,8.06,,G1 V,,2473,785988.9729,NaN,3,,
51.645,,1.8,,G1 V,,51.645,16414.23393,NaN,3,,
2582.7,,1.71,,G0/2 V,,2582.7,820854.7191,NaN,3,,
2063.818,,10.35,,G1 V,,2063.818,655939.4218,NaN,3,,
17.24,,0.0696,,G1 V,,17.24,5479.357013,NaN,3,,
2248,,0.205,,G0/2 V,,2248,714477.643,NaN,3,,
602,,0.067,,G0/2 V,,602,191332.5361,NaN,3,,
122.72,,0.074,,G0/2 V,,122.72,39003.86848,NaN,3,,
49.747,,0.08,,G0/2 V,,49.747,15810.99613,NaN,3,,
16.3567,,0.038,,G0/2 V,,16.3567,5198.619423,NaN,3,,
5.75962,,0.041,,G0/2 V,,5.75962,1830.569271,NaN,3,,
3.056536,0.671,,1.274,G1 V,,3.056536,213.2626772,13.95153728,3,,
951,,4.5,,G0/1 V,,951,302254.5545,NaN,3,,
363.2,0.34,,,G0/1 V,,363.2,108.0615652,NaN,3,,
0.355,0.006,,0.105,G,,0.355,1.906968798,1.149851974,3,,
17.815815,,,0.25,G0 V,,17.815815,5662.367219,2.737742795,3,,
3.024095,3.23,,1.2,G0 IV-V,,3.024095,1026.58487,13.14116542,3,,
2.47063,1.199,,1.272,G0 V,,2.47063,381.0759315,13.92963534,3,,
311.288,,1.94,,G0 V,,311.288,98936.08387,NaN,3,,
2443,,2.54,,G0,,2443,776454.1289,NaN,3,,
141.6,,1.08,,G0,,141.6,45004.46363,NaN,3,,
3724.7,,1.45,,G0,,3724.7,1183814.447,NaN,3,,
3.8335,,0.06,,G0,,3.8335,1218.394148,NaN,3,,
1311,,1.26,,G0 V,,1311,416672.6824,NaN,3,,
1035.7,,0.79,,G0,,1035.7,329174.5973,NaN,3,,
986,,0.75,,G0 V,,986,313378.5391,NaN,3,,
6.838,,0.94,,G0,,6.838,2173.308773,NaN,3,,
538,,1.83,,G0,,538,170991.5356,NaN,3,,
248.4,,1.9,,G0 V,,248.4,78948.50824,NaN,3,,
12.62,,1.13,,G0 V,,12.62,4010.991038,NaN,3,,
391.9,,0.82,,G0,,391.9,124556.8453,NaN,3,,
194.3,,0.85,,G0,,194.3,61754.00624,NaN,3,,
3342,,0.947,,G0,,3342,1062181.62,NaN,3,,
2.8758911,0.368,,0.813,G0,,2.8758911,116.9607529,8.903139569,3,,
974,,5.61,,G0,,974,309564.6015,NaN,3,,
1114,,0.95,,G0 V,,1114,354060.5402,NaN,3,,
68.27,,0.77,,G0,,68.27,21698.12664,NaN,3,,
1531,,6.92,,G0,,1531,486594.8716,NaN,3,,
2157,,1.78,,G0,,2157,685555.2829,NaN,3,,
705,,1.3,,G0,,705,224068.8338,NaN,3,,
1001.7,,6.86,,G0,,1001.7,318368.4408,NaN,3,,
418.2,,2.51,,G0,,418.2,132915.7252,NaN,3,,
3.51,,0.42,,G0 V,,3.51,1115.576747,NaN,3,,
6.276,,1.9,,G0,,6.276,1994.689363,NaN,3,,
118.96,,1.13,,G0 V,,118.96,37808.8347,NaN,3,,
4.9437,,0.115,,G0,,4.9437,1571.246941,NaN,3,,
36.96,,2.49,,G0,,36.96,11746.9278,NaN,3,,
843.6,,0.624,,G0,,843.6,268119.813,NaN,3,,
2295,,0.683,,G0,,2295,729415.5652,NaN,3,,
154.46,,0.61,,G0,,154.46,49091.73342,NaN,3,,
1049,,0.79,,G0,,1049,333401.7115,NaN,3,,
3668,,4.01,,G0 V,,3668,1165793.592,NaN,3,,
466.2,,1.37,,G0 V,,466.2,148171.4756,NaN,3,,
990,,4.4,,G0,,990,314649.8517,NaN,3,,
4218,,1.88,,G0,,4218,1340599.065,NaN,3,,
170.455,,0.82,,G0 V,,170.455,54175.39441,NaN,3,,
1270.2,,3.44,,G0 V,,1270.2,403705.2945,NaN,3,,
1313,,0.63,,G0 V,,1313,417308.3386,NaN,3,,
4046,,2,,G0 V,,4046,1285932.626,NaN,3,,
1275,,1.11,,G0 V,,1275,405230.8696,NaN,3,,
1.212884,2.09,,1.368,G0,,1.212884,664.260798,14.98092857,3,,
4.4652934,0.524,,1.225,G0 V,,4.4652934,166.5419417,13.4149397,3,,
,4,,,G0 V,,NaN,1271.312532,NaN,3,,
3.6313,2.8,,1.05,G0 V,,3.6313,889.9187724,11.49851974,3,,
4.03519,1.308,,0.885,G0 V,,4.03519,415.719198,9.691609494,3,,
1.5089557,1.03,,1.49,G0 V,,1.5089557,327.362977,16.31694706,3,,
3848.86,,1.059,,G0,,3848.86,1223275.988,NaN,3,,
1276.46,,4.132,,G0,,1276.46,405694.8986,NaN,3,,
241.258,,1.981,,G0,,241.258,76678.57971,NaN,3,,
4.617033,,0.6876,,G0,,4.617033,1467.422978,NaN,3,,
39.845,,1.04,,G0 V,,39.845,12663.86196,NaN,3,,
,21.9987,,1.051,G0 IV-V,,NaN,6991.805749,11.50947071,3,,
14002,,1.64,,G0 V,,14002,4450229.518,NaN,3,,
2391,,0.54,,G0 V,,2391,759927.066,NaN,3,,
1078,,2.53,,G0 V,,1078,342618.7274,NaN,3,,
2.484193,1.07,,1.27,F9,,2.484193,340.0761023,13.9077334,0,,
3.6936411,0.636,,1.653,F9,,3.6936411,202.1386926,18.10195536,0,,
10.8985,,0.261,,F8/G0 V,,10.8985,3463.849908,NaN,3,,
738.459,,2.61,,F8/G0 V,,738.459,234703.0453,NaN,3,,
989.2,,0.94,,F9 V,,989.2,314395.5892,NaN,0,,
3.89713,1.11,,1.29,F9 V,,3.89713,352.7892276,14.12675282,0,,
1.51214,7.6,,1.09,F9 V,,1.51214,2415.493811,11.93655859,0,,
8.886593,2.96,,1.166,F9 V,,8.886593,940.7712737,12.7688324,0,,
4.0378962,0.467,,1.388,F9 V,,4.0378962,148.4257381,15.199948,0,,
0.925542,1.49,,1.528,F8 V,,0.925542,473.5639182,16.73308396,0,,
2.9036747,2.242,,1.46,F8,,2.9036747,712.5706742,15.98841792,0,,
3.553945,0.919,,1.799,F8 V,,3.553945,292.0840542,19.70079715,0,,
1.2119189,1.39,,1.363,F8 V,,1.2119189,441.7811049,14.92617372,0,,
7.340718,0.68,,1.32,F8 V,,7.340718,216.1231304,14.45528196,0,,
7.8457,0.43,,1.193,F8,,7.8457,136.6660972,13.06450862,0,,
4.1137912,1.522,,1.286,F8,,4.1137912,483.7344184,14.08294894,0,,
1319,,13,,F8 V,,1319,419215.3074,NaN,0,,
2.245715,,0.45,,F8 V,,2.245715,713.7514057,NaN,0,,
3.52474859,0.714,,1.38,F8,,3.52474859,226.929287,15.11234023,0,,
1333,,2.58,,F8,,1333,423664.9013,NaN,0,,
4885,,3.1,,F8 V,,4885,1552590.43,NaN,0,,
3.0925,,0.95,,F8 V,,3.0925,982.8835013,NaN,0,,
2102,,4.04,,F8 V,,2102,668074.7356,NaN,0,,
225.62,,2.88,,F8 V,,225.62,71708.38337,NaN,0,,
499.4,,2.73,,F8 V,,499.4,158723.3696,NaN,0,,
1544,,1.49,,F8,,1544,490726.6374,NaN,0,,
83.888,,11.68,,F8,,83.888,26661.96642,NaN,0,,
256.78,,8.44,,F8 IV,,256.78,81611.90799,NaN,0,,
1279,,4.9,,F8,,1279,406502.1821,NaN,0,,
264.15,,4.01,,F8,,264.15,83954.30133,NaN,0,,
466,,0.5,,F8,,466,148107.91,NaN,0,,
1159.2,,1.373,,F8 V,,1159.2,368426.3718,NaN,0,,
1845,,0.95,,F8 V,,1845,586392.9054,NaN,0,,
1561,,7.71,,F8,,1561,496129.7156,NaN,0,,
931,,5.13,,F8 V,,931,295897.9918,NaN,0,,
19.382,,0.865,,F8 V,,19.382,6160.144874,NaN,0,,
227,,1.8,,F8,,227,72146.98619,NaN,0,,
5.723186,0.778,,1.107,F8,,5.723186,247.2702875,12.1227251,0,,
3.35524,0.685,,1.242,F8,,3.35524,217.7122711,13.60110621,0,,
2.77596,4.193,,1.289,F8,,2.77596,1332.653362,14.11580185,0,,
5.6334729,9.09,,1.157,F8,,5.6334729,2889.057729,12.67027366,0,,
2.2167421,1.5461,,1.27,F7,,2.2167421,491.3940764,13.9077334,0,,
2.5199454,0.854,,1.483,F7 V,,2.5199454,271.4252256,16.24029026,0,,
21.0874,18,,1.22,F7 IV,,21.0874,5720.906394,13.36018484,0,,
456.1,,3.09,,F7 V,,456.1,144961.4115,NaN,0,,
279.8,,1.37,,F7 V,,279.8,88928.31161,NaN,0,,
1475,,7,,F7 V,,1475,468796.4962,NaN,0,,
388,,9.1,,F7 V,,388,123317.3156,NaN,0,,
6005,,5.3,,F7 V,,6005,1908557.939,NaN,0,,
349.7,,1.25,,F7 V,,349.7,111144.4981,NaN,0,,
3.352057,4.01,,1.49,F6 V,,3.352057,1274.490813,16.31694706,0,,
0.94145299,10.43,,1.165,F6 IV/V,,0.94145299,3314.947427,12.75788142,0,,
2.785755,0.033,,0.146,F6 IV,,2.785755,10.48832839,1.598841792,0,,
324,,2.83,,F6 V,,324,102976.3151,NaN,0,,
604,,2.46,,F6 IV,,604,191968.1923,NaN,0,,
201.3,,1.03,,F6 IV,,201.3,63978.80317,NaN,0,,
777,,1.96,,F6 V,,777,246952.4593,NaN,0,,
2.99433,2.33,,1.43,F6 V,,2.99433,740.5395499,15.65988879,0,,
335.1,,9.88,,F6 V,,335.1,106504.2074,NaN,0,,
4.1250828,1.78,,1.33,F5 V,,4.1250828,565.7340767,14.56479167,0,,
3.1915239,11.79,,1.217,F5 V,,3.1915239,3747.193688,13.32733193,0,,
1.689868,1.18,,1.2,F5 V,,1.689868,375.0371969,13.14116542,0,,
6.87349,2.2,,1.17,F5 IV,,6.87349,699.2218926,12.81263628,0,,
,11,,,F5 V,,NaN,3496.109463,NaN,0,,
5.8881,,0.367,,F5 V,,5.8881,1871.40383,NaN,0,,
1634,,14.2,,F5,,1634,519331.1693,NaN,0,,
3.312433,5.95,,,F5,,3.312433,1891.077391,NaN,0,,
4.2568,21.66,,1.01,F3 V,,4.2568,6884.157361,11.06048089,0,,
18000,,,,F0+ V ({lambda} Boo)...,,18000,5720906.394,NaN,1,,
37000,10,,1.2,F0+ V ({lambda} Boo)...,,37000,3178.28133,13.14116542,1,,
69000,10,,1.2,F0+ V ({lambda} Boo)...,,69000,3178.28133,13.14116542,1,,
170000,7,,1.2,F0+ V ({lambda} Boo)...,,170000,2224.796931,13.14116542,1,,
1.54492875,2,,1.25,F,,1.54492875,635.656266,13.68871398,0,,
138.317,0.531,,0.551,F,,138.317,168.7667386,6.03398512,0,,
3.547851,1.071,,1.381,F,,3.547851,340.3939304,15.1232912,0,,
2.691548,1.73,,1.413,F,,2.691548,549.8426701,15.47372228,0,,
4.627669,2.232,,1.15,F,,4.627669,709.3923929,12.59361686,0,,
,5,,,A8 III,,NaN,1589.140665,NaN,0,,
1.2198669,4.1,,1.497,A5,,1.2198669,1303.095345,16.39360386,0,,
6000,8,,,A5 V,,6000,2542.625064,NaN,0,,
318280,2.6,,1.2,A3 V,,318280,826.3531458,13.14116542,0,,
,23.04,,,B9 V,,NaN,7322.760184,NaN,0,,
,13.616,,,B9 IV,,NaN,4327.547859,NaN,0,,
0.342887,0.0021,,0.077,B,,0.342887,0.667439079,0.843224781,0,,
0.240104,0.0014,,0.068,B,,0.240104,0.444959386,0.74466604,0,,
4.187757,1.059,,1.109,,,4.187757,336.5799928,12.14462704,0,,
,7.5,,,,,NaN,2383.710998,NaN,0,,
3.6623866,0.9,,2.09,,,3.6623866,286.0453197,22.88752977,0,,
2.17517632,0.89,,1.7,,,2.17517632,282.8670384,18.61665101,0,,
4.61442,0.42,,1.4,,,4.61442,133.4878159,15.33135965,0,,
4.086052,2.32,,1.39,,,4.086052,737.3612686,15.22184994,0,,
4.37809,0.38,,1.43,,,4.37809,120.7746905,15.65988879,0,,
4.411953,0.57,,1.39,,,4.411953,181.1620358,15.22184994,0,,
3.8559,2.06,,1.24,,,3.8559,654.725954,13.57920426,0,,
4.465633,0.57,,1.3,,,4.465633,181.1620358,14.23626253,0,,
1.9550959,1.468,,1.153,,,1.9550959,466.5716992,12.62646977,0,,
2.7817387,0.378,,1.115,,,2.7817387,120.1390343,12.21033287,0,,
2.143634,0.98,,1.67,,,2.143634,311.4715703,18.28812187,0,,
4.1591399,1.14,,1.15,,,4.1591399,362.3240716,12.59361686,0,,
1.43037,2.101,,1.31,,,1.43037,667.7569074,14.34577225,0,,
3.1260876,1.007,,1.16,,,3.1260876,320.0529299,12.70312657,0,,
2.4238039,0.889,,1.14,,,2.4238039,282.5492102,12.48410715,0,,
0.813475,1.78,,0.93,,,0.813475,565.7340767,10.1844032,0,,
4.9816872,0.5,,1.08,,,4.9816872,158.9140665,11.82704887,0,,
3.052401,0.92,,1.2,,,3.052401,292.4018824,13.14116542,0,,
4.055259,0.28,,1.27,,,4.055259,88.99187724,13.9077334,0,,
6.871815,2.691,,1.094,,,6.871815,855.2755059,11.98036247,0,,
3.577469,1.8,,1.16,,,3.577469,572.0906394,12.70312657,0,,
1.5373653,2.303,,1.281,,,1.5373653,731.9581903,14.02819408,0,,
3.161575,0.72,,1.32,,,3.161575,228.8362558,14.45528196,0,,
4.3176782,0.59,,1.22,,,4.3176782,187.5185985,13.36018484,0,,
2.718659,3.6,,1.18,,,2.718659,1144.181279,12.92214599,0,,
3.4059096,0.478,,1.549,,,3.4059096,151.9218476,16.96305436,0,,
3.922727,0.244,,0.792,,,3.922727,77.55006445,8.673169175,0,,
2.7566004,1.028,,1.281,,,2.7566004,326.7273207,14.02819408,0,,
3.764825,0.58,,1.22,,,3.764825,184.3403171,13.36018484,0,,
2.34121242,1.071,,1.3,,,2.34121242,340.3939304,14.23626253,0,,
2.9444256,0.884,,0.962,,,2.9444256,280.9600696,10.53483428,0,,
3.5327313,0.588,,1.158,,,3.5327313,186.8829422,12.68122463,0,,
3.7354417,0.49,,1.74,,,3.7354417,155.7357852,19.05468985,0,,
3.1186009,0.855,,1.008,,,3.1186009,271.7430537,11.03857895,0,,
3.7520656,0.542,,1.428,,,3.7520656,172.2628481,15.63798685,0,,
2.243752,7.341,,1.281,,,2.243752,2333.176324,14.02819408,0,,
4.353011,0.477,,1.389,,,4.353011,151.6040194,15.21089897,0,,
1.091423,1.41,,1.79,,,1.091423,448.1376675,19.60223841,0,,
3.7224747,0.487,,1.005,,,3.7224747,154.7823008,11.00572604,0,,
3.0927616,3.15,,1.08,,,3.0927616,1001.158619,11.82704887,0,,
4323,,9.45,,,,4323,1373971.019,NaN,0,,
8.158715,2.244,,1.038,,,8.158715,713.2063305,11.36710808,0,,
4.954658,0.96,,1.33,,,4.954658,305.1150077,14.56479167,0,,
3.361006,0.503,,1.224,,,3.361006,159.8675509,13.40398872,0,,
1.62843142,1.568,,1.167,,,1.62843142,498.3545125,12.77978337,0,,
1.846835,1.76,,1.29,,,1.846835,559.3775141,14.12675282,0,,
1170,3.2,,,sdBV,,1170,1017.050026,NaN,0,,
,14,,,,,NaN,4449.593862,NaN,0,,
1.4822446,1.778,,1.209,,,1.4822446,565.0984205,13.23972416,0,,
1.796,9.7,,1.13,,,1.796,3082.93289,12.37459743,0,,
4.2,3.8,,0.81,,,4.2,1207.746905,8.870286656,0,,
,13,,,,,NaN,4131.765729,NaN,0,,
1.3371182,2.487,,1.144,,,1.3371182,790.4385668,12.52791103,0,,
1.420033,1.09,,1.164,,,1.420033,346.432665,12.74693045,0,,
0.09070629,1.2,,,,,0.09070629,381.3937596,NaN,0,,
36525,2.5,,,,,36525,794.5703325,NaN,0,,
98.2114,0.012,,,,,98.2114,3.813937596,NaN,0,,
66.5419,0.013,,,,,66.5419,4.131765729,NaN,0,,
25.262,0.00007,,,,,25.262,0.022247969,NaN,0,,
2.1451,1.844,,,,,2.1451,586.0750773,NaN,0,,
4.4264,0.54,,,,,4.4264,171.6271918,NaN,0,,
730000,21,,,,,730000,6674.390793,NaN,0,,
3.67724,1.03,,1.36,,,3.67724,327.362977,14.8933208,0,,
3.9791,1.01,,1.13,,,3.9791,321.0064143,12.37459743,0,,
2.4855335,4.5,,1.61,,,2.4855335,1430.226599,17.6310636,0,,
,2.73,,,,,NaN,867.6708031,NaN,0,,
,1.85,,,,,NaN,587.9820461,NaN,0,,
,0.0694,,,,,NaN,22.05727243,NaN,0,,
5100,0.27,,,,,5100,85.81359591,NaN,0,,
1825,0.71,,,,,1825,225.6579744,NaN,0,,
3500,0.017,,,,,3500,5.403078261,NaN,0,,
3300,0.04,,,,,3300,12.71312532,NaN,0,,
3600,3.8,,,,,3600,1207.746905,NaN,0,,
,2.6,,,,,NaN,826.3531458,NaN,0,,
677.8,,19.8,,,,677.8,215423.9085,NaN,0,,
,11.6,,,,,NaN,3686.806343,NaN,0,,
,4.8,,,,,NaN,1525.575038,NaN,0,,
,11,,,,,NaN,3496.109463,NaN,0,,
,1.5,,,,,NaN,476.7421995,NaN,0,,
1970,2.6,,,,,1970,826.3531458,NaN,0,,
,0.157,,,,,NaN,49.89901688,NaN,0,,
2780,0.0327,,,,,2780,10.39297995,NaN,0,,
,0.23,,,,,NaN,73.10047059,NaN,0,,
,0.9,,,,,NaN,286.0453197,NaN,0,,
,0.01,,,,,NaN,3.17828133,NaN,0,,
3.91405,0.81,,0.89,,,3.91405,257.4407877,9.74636435,0,,
66.262,0.211,,0.388,,,66.262,67.06173606,4.248976818,0,,
3.00516,,,0.168,,,3.00516,955.1243922,1.839763158,0,,
17.833648,,,0.253,,,17.833648,5668.035048,2.770595709,0,,
68.9584,0.008,,0.106,,,68.9584,2.542625064,1.160802945,0,,
2.46502,0.002,,0.073,,,2.46502,0.635656266,0.799420896,0,,
3000,12.6,,,,,3000,4004.634476,NaN,0,,
0.66931,0.0002,,0.095,,,0.66931,0.063565627,1.040342262,0,,
4.62332,0.009,,0.076,,,4.62332,2.860453197,0.83227381,0,,
2.42629,0.02,,0.128,,,2.42629,6.35656266,1.401724311,0,,
29.726682,,,0.416,,,29.726682,9447.97584,4.555604011,0,,
10.613839,,,0.186,,,10.613839,3373.376633,2.036880639,0,,
14.751166,,,0.153,,,14.751166,4688.335549,1.675498591,0,,
11.829851,,,0.113,,,11.829851,3759.859457,1.237459743,0,,
54.280749,,,0.156,,,54.280749,17251.94911,1.708351504,0,,
7.031462,,,0.112,,,7.031462,2234.79644,1.226508772,0,,
11.242861,,,0.13,,,11.242861,3573.297521,1.423626253,0,,
8.921099,,,0.123,,,8.921099,2835.376239,1.346969455,0,,
6.124821,,,0.139,,,6.124821,1946.640423,1.522184994,0,,
4.028751,,,0.109,,,4.028751,1280.450409,1.193655859,0,,
47.318218,,,0.192,,,47.318218,15039.06088,2.102586467,0,,
14.383035,,,0.153,,,14.383035,4571.333161,1.675498591,0,,
17.340824,,,0.133,,,17.340824,5511.401717,1.456479167,0,,
9.024389,,,0.147,,,9.024389,2868.204707,1.609792763,0,,
58.034616,,,0.169,,,58.034616,18445.03365,1.850714129,0,,
26.67569,,,0.128,,,26.67569,8478.284749,1.401724311,0,,
14.425281,,,0.086,,,14.425281,4584.760128,0.941783521,0,,
11.419412,,,0.09,,,11.419412,3629.410396,0.985587406,0,,
4.081423,,,0.083,,,4.081423,1297.191052,0.908930608,0,,
135.498527,,,0.551,,,135.498527,43065.24386,6.03398512,0,,
22.250949,,,0.219,,,22.250949,7071.977578,2.398262688,0,,
88.505,0.056,,0.473,,,88.505,17.79837545,5.179809368,0,,
42.994,0.238,,0.312,,,42.994,75.64309565,3.416703008,0,,
34.989262,,,0.118,,,34.989262,11120.57182,1.292214599,0,,
7.054346,,,0.092,,,7.054346,2242.069619,1.007489349,0,,
12.130686,,,0.148,,,12.130686,3855.473283,1.620743735,0,,
8.005013,,,0.143,,,8.005013,2544.218336,1.565988879,0,,
14.613612,,,0.119,,,14.613612,4644.617018,1.30316557,0,,
9.182417,,,0.115,,,9.182417,2918.430452,1.259361686,0,,
10.423118,,,0.098,,,10.423118,3312.760134,1.073195176,0,,
5.341853,,,0.089,,,5.341853,1697.791166,0.974636435,0,,
20.485435,,,0.316,,,20.485435,6510.84756,3.460506893,0,,
7.416755,,,0.285,,,7.416755,2357.253395,3.121026786,0,,
13.060022,,,0.07,,,13.060022,4150.842409,0.766567983,0,,
6.738088,,,0.073,,,6.738088,2141.553929,0.799420896,0,,
14.51143,,,0.13,,,14.51143,4612.140704,1.423626253,0,,
3.244107,,,0.135,,,3.244107,1031.068471,1.478381109,0,,
13.297004,,,0.077,,,13.297004,4226.161956,0.843224781,0,,
3.173315,,,0.072,,,3.173315,1008.568782,0.788469925,0,,
11.837549,,,0.079,,,11.837549,3762.306098,0.865126723,0,,
6.791636,,,0.092,,,6.791636,2158.57299,1.007489349,0,,
25.193458,,,0.141,,,25.193458,8007.18972,1.544086936,0,,
12.31043,,,0.124,,,12.31043,3912.600983,1.357920426,0,,
15.163161,,,0.271,,,15.163161,4819.279151,2.96771319,0,,
10.043686,,,0.244,,,10.043686,3192.16597,2.672036968,0,,
45.348269,,,0.101,,,45.348269,14412.95567,1.106048089,0,,
22.597053,,,0.1,,,22.597053,7181.979166,1.095097118,0,,
31.200751,,,0.111,,,31.200751,9916.476439,1.215557801,0,,
12.904532,,,0.118,,,12.904532,4101.423313,1.292214599,0,,
12.162701,,,0.142,,,12.162701,3865.648551,1.555037908,0,,
5.262155,,,0.118,,,5.262155,1672.460899,1.292214599,0,,
13.391635,,,0.1,,,13.391635,4256.23835,1.095097118,0,,
5.629021,,,0.088,,,5.629021,1789.061235,0.963685464,0,,
7.630004,,,0.113,,,7.630004,2425.029926,1.237459743,0,,
3.930821,,,0.106,,,3.930821,1249.3255,1.160802945,0,,
62.784697,,,0.204,,,62.784697,19954.74303,2.233998121,0,,
20.09838,,,0.148,,,20.09838,6387.830592,1.620743735,0,,
28.906009,,,0.062,,,28.906009,9187.142873,0.678960213,0,,
16.092361,,,0.067,,,16.092361,5114.605052,0.733715069,0,,
27.014976,,,0.184,,,27.014976,8586.119385,2.014978697,0,,
12.509529,,,0.124,,,12.509529,3975.880247,1.357920426,0,,
14.172327,,,0.16,,,14.172327,4504.364231,1.752155389,0,,
4.920199,,,0.095,,,4.920199,1563.777662,1.040342262,0,,
19.986326,,,0.236,,,19.986326,6352.216678,2.584429198,0,,
12.125934,,,0.129,,,12.125934,3853.962964,1.412675282,0,,
5.028219,,,0.117,,,5.028219,1598.109457,1.281263628,0,,
3.282807,,,0.098,,,3.282807,1043.36842,1.073195176,0,,
1.897806,,,0.092,,,1.897806,603.1761378,1.007489349,0,,
16.725948,,,0.111,,,16.725948,5315.976825,1.215557801,0,,
5.535309,,,0.121,,,5.535309,1759.276925,1.325067513,0,,
30.092568,,,0.151,,,30.092568,9564.264705,1.653596648,0,,
20.053763,,,0.186,,,20.053763,6373.650054,2.036880639,0,,
6.849692,,,0.121,,,6.849692,2177.02482,1.325067513,0,,
67.968015,,,0.159,,,67.968015,21602.14731,1.741204418,0,,
34.763278,,,0.169,,,34.763278,11048.74774,1.850714129,0,,
19.02293,,,0.17,,,19.02293,6046.022326,1.861665101,0,,
4.57953,,,0.142,,,4.57953,1455.50347,1.555037908,0,,
14.871572,,,0.126,,,14.871572,4726.603964,1.379822369,0,,
2.732756,,,0.101,,,2.732756,868.5467374,1.106048089,0,,
72.379334,,,0.346,,,72.379334,23004.18859,3.789036028,0,,
26.84768,,,0.291,,,26.84768,8532.94801,3.186732613,0,,
53.578637,,,0.107,,,53.578637,17028.79817,1.171753916,0,,
37.815724,,,0.116,,,37.815724,12018.90096,1.270312657,0,,
12.51616,,,0.16,,,12.51616,3977.987765,1.752155389,0,,
3.281959,,,0.13,,,3.281959,1043.098902,1.423626253,0,,
17.784129,,,0.146,,,17.784129,5652.296517,1.598841792,0,,
10.664903,,,0.182,,,10.664903,3389.606209,1.993076755,0,,
59.980627,,,0.192,,,59.980627,19063.5307,2.102586467,0,,
25.745718,,,0.138,,,25.745718,8182.713485,1.511234023,0,,
11.932125,,,0.183,,,11.932125,3792.365011,2.004027726,0,,
7.542427,,,0.151,,,7.542427,2397.195492,1.653596648,0,,
3.614568,,,0.103,,,3.614568,1148.811399,1.127950032,0,,
37.866281,,,0.129,,,37.866281,12034.96939,1.412675282,0,,
10.327186,,,0.079,,,10.327186,3282.270246,0.865126723,0,,
55.188023,,,0.225,,,55.188023,17540.30631,2.463968516,0,,
8.486616,,,0.129,,,8.486616,2697.285319,1.412675282,0,,
7.186434,,,0.187,,,7.186434,2284.050901,2.047831611,0,,
3.289672,,,0.147,,,3.289672,1045.55031,1.609792763,0,,
77.095691,,,0.358,,,77.095691,24503.17953,3.920447682,0,,
57.68802,,,0.384,,,57.68802,18334.87569,4.205172933,0,,
25.563222,,,0.315,,,25.563222,8124.711122,3.449555922,0,,
83.488369,,,0.254,,,83.488369,26534.95245,2.78154668,0,,
34.060467,,,0.243,,,34.060467,10825.37464,2.661085997,0,,
49.499875,,,0.306,,,49.499875,15732.45285,3.350997181,0,,
16.85837,,,0.238,,,16.85837,5358.064263,2.606331141,0,,
6.475434,,,0.164,,,6.475434,2058.075099,1.795959274,0,,
13.121632,,,0.161,,,13.121632,4170.4238,1.76310636,0,,
4.612696,,,0.14,,,4.612696,1466.044558,1.533135965,0,,
25.762294,,,0.242,,,25.762294,8187.981804,2.650135026,0,,
11.03189,,,0.13,,,11.03189,3506.245002,1.423626253,0,,
24.209842,,,0.111,,,24.209842,7694.568883,1.215557801,0,,
16.934402,,,0.117,,,16.934402,5382.229371,1.281263628,0,,
5.47666,,,0.164,,,5.47666,1740.636623,1.795959274,0,,
8.410894,,,0.123,,,8.410894,2673.218737,1.346969455,0,,
5.795278,,,0.079,,,5.795278,1841.902387,0.865126723,0,,
16.332995,,,0.111,,,16.332995,5191.085307,1.215557801,0,,
10.05537,,,0.077,,,10.05537,3195.879474,0.843224781,0,,
57.24809,,,0.285,,,57.24809,18195.05356,3.121026786,0,,
37.054919,,,0.273,,,37.054919,11777.09572,2.989615132,0,,
26.136,0.047,,0.25,,,26.136,14.93792225,2.737742795,0,,
17.849,0.019,,0.277,,,17.849,6.038734527,3.033419017,0,,
11.189562,,,0.165,,,11.189562,3556.3576,1.806910245,0,,
12.247629,,,0.175,,,12.247629,3892.641059,1.916419957,0,,
5.929778,,,0.17,,,5.929778,1884.650271,1.861665101,0,,
17.265427,,,0.119,,,17.265427,5487.438429,1.30316557,0,,
7.05677,,,0.136,,,7.05677,2242.840034,1.48933208,0,,
27.320871,,,0.156,,,27.320871,8683.341422,1.708351504,0,,
12.79836,,,0.176,,,12.79836,4067.678864,1.927370928,0,,
23.851549,,,0.274,,,23.851549,7580.693288,3.000566103,0,,
6.511127,,,0.237,,,6.511127,2069.419338,2.59538017,0,,
9.387427,,,0.107,,,9.387427,2983.588397,1.171753916,0,,
7.415563,,,0.066,,,7.415563,2356.874543,0.722764098,0,,
125.596809,,,0.263,,,125.596809,39918.19932,2.88010542,0,,
21.963945,,,0.233,,,21.963945,6980.759633,2.551576285,0,,
23.22182,,,0.18,,,23.22182,7380.547695,1.971174812,0,,
8.96855,,,0.215,,,8.96855,2850.457502,2.354458804,0,,
39.459357,,,0.222,,,39.459357,12541.29376,2.431115602,0,,
26.234138,,,0.175,,,26.234138,8337.947101,1.916419957,0,,
15.170318,,,0.201,,,15.170318,4821.553847,2.201145207,0,,
42.473269,,,0.178,,,42.473269,13499.19979,1.94927287,0,,
27.666313,,,0.165,,,27.666313,8793.132608,1.806910245,0,,
8.01041,,,0.152,,,8.01041,2545.933655,1.664547619,0,,
5.195528,,,0.105,,,5.195528,1651.284964,1.149851974,0,,
22.824669,,,0.301,,,22.824669,7254.321935,3.296242325,0,,
14.844387,,,0.226,,,14.844387,4717.963806,2.474919487,0,,
10.558345,,,0.104,,,10.558345,3355.739079,1.138901003,0,,
6.988055,,,0.103,,,6.988055,2221.000474,1.127950032,0,,
4.977656,,,0.127,,,4.977656,1582.039113,1.39077334,0,,
44.431014,,,0.268,,,44.431014,14121.42623,2.934860276,0,,
24.310856,,,0.209,,,24.310856,7726.673974,2.288752977,0,,
13.726976,,,0.218,,,13.726976,4362.819154,2.387311717,0,,
9.693201,,,0.183,,,9.693201,3080.771977,2.004027726,0,,
3.292781,,,0.137,,,3.292781,1046.538438,1.500283052,0,,
20.678772,,,0.211,,,20.678772,6572.295497,2.310654919,0,,
9.600001,,,0.187,,,9.600001,3051.150395,2.047831611,0,,
2.024823,,,0.091,,,2.024823,643.5457137,0.996538377,0,,
67.844469,,,0.274,,,67.844469,21562.88092,3.000566103,0,,
6.562331,,,0.302,,,6.562331,2085.69341,3.307193296,0,,
25.09849,,,0.126,,,25.09849,7977.006218,1.379822369,0,,
12.758005,,,0.128,,,12.758005,4054.85291,1.401724311,0,,
5.470319,,,0.1,,,5.470319,1738.621275,1.095097118,0,,
24.08821,,,0.099,,,24.08821,7655.910812,1.084146147,0,,
12.551158,,,0.118,,,12.551158,3989.111114,1.292214599,0,,
34.21154,,,0.105,,,34.21154,10873.38989,1.149851974,0,,
15.995622,,,0.097,,,15.995622,5083.858676,1.062244204,0,,
7.626324,,,0.104,,,7.626324,2423.860319,1.138901003,0,,
32.134328,,,0.146,,,32.134328,10213.19347,1.598841792,0,,
17.28111,,,0.164,,,17.28111,5492.422927,1.795959274,0,,
8.457496,,,0.162,,,8.457496,2688.030164,1.774057331,0,,
15.955387,,,0.174,,,15.955387,5071.070862,1.905468985,0,,
8.25978,,,0.12,,,8.25978,2625.190456,1.314116542,0,,
18.684737,,,0.172,,,18.684737,5938.535076,1.883567043,0,,
7.416397,,,0.125,,,7.416397,2357.139612,1.368871398,0,,
71.312,0.124,,0.482,,,71.312,39.41068849,5.278368109,0,,
34.921,0.09,,0.205,,,34.921,28.60453197,2.244949092,0,,
13.969457,,,0.154,,,13.969457,4439.886437,1.686449562,0,,
5.212333,,,0.092,,,5.212333,1656.626066,1.007489349,0,,
2.549575,,,0.099,,,2.549575,810.3266622,1.084146147,0,,
6.766888,,,0.108,,,6.766888,2150.707379,1.182704887,0,,
4.580358,,,0.125,,,4.580358,1455.766632,1.368871398,0,,
2.248329,,,0.136,,,2.248329,714.5822084,1.48933208,0,,
38.715185,,,0.249,,,38.715185,12304.77497,2.726791824,0,,
12.762172,,,0.227,,,12.762172,4056.1773,2.485870458,0,,
4.544439,,,0.26,,,4.544439,1444.350563,2.847252507,0,,
51.805612,,,0.281,,,51.805612,16465.28094,3.077222902,0,,
4.385315,,,0.102,,,4.385315,1393.776479,1.11699906,0,,
3.553822,,,0.145,,,3.553822,1129.504611,1.587890821,0,,
1.678327,,,0.128,,,1.678327,533.419537,1.401724311,0,,
4.337234,,,0.149,,,4.337234,1378.494985,1.631694706,0,,
1.653888,,,0.09,,,1.653888,525.6521352,0.985587406,0,,
13.093921,,,0.207,,,13.093921,4161.616465,2.266851034,0,,
4.915379,,,0.158,,,4.915379,1562.245731,1.730253446,0,,
17.934937,,,0.122,,,17.934937,5700.227542,1.336018484,0,,
8.371554,,,0.102,,,8.371554,2660.715378,1.11699906,0,,
31.781925,,,0.204,,,31.781925,10101.18989,2.233998121,0,,
6.941357,,,0.235,,,6.941357,2206.158536,2.573478227,0,,
4.362705,,,0.145,,,4.362705,1386.590385,1.587890821,0,,
11.815007,,,0.328,,,11.815007,3755.141616,3.591918547,0,,
4.662715,,,0.42,,,4.662715,1481.942003,4.599407896,0,,
8.77501,,,0.153,,,8.77501,2788.945045,1.675498591,0,,
5.524242,,,0.186,,,5.524242,1755.759521,2.036880639,0,,
6.827766,,,0.103,,,6.827766,2170.05612,1.127950032,0,,
2.240508,,,0.095,,,2.240508,712.0964746,1.040342262,0,,
265.469335,,,0.37,,,265.469335,84373.62311,4.051859337,0,,
96.101141,,,0.336,,,96.101141,30543.64622,3.679526316,0,,
5.960392,,,0.259,,,5.960392,1894.380261,2.836301536,0,,
2.461069,,,0.074,,,2.461069,782.1969655,0.810371867,0,,
32.273273,,,0.229,,,32.273273,10257.3541,2.5077724,0,,
14.970418,,,0.226,,,14.970418,4758.020003,2.474919487,0,,
19.747412,,,0.281,,,19.747412,6276.283088,3.077222902,0,,
1.772419,,,0.115,,,1.772419,563.3246217,1.259361686,0,,
19.738286,,,0.128,,,19.738286,6273.382588,1.401724311,0,,
9.176092,,,0.152,,,9.176092,2916.420189,1.664547619,0,,
92.876125,,,0.22,,,92.876125,29518.64541,2.40921366,0,,
56.47542,,,0.302,,,56.47542,17949.4773,3.307193296,0,,
13.930698,,,0.106,,,13.930698,4427.567737,1.160802945,0,,
105.356383,,,0.224,,,105.356383,33485.22251,2.453017544,0,,
5.923653,,,0.139,,,5.923653,1882.703574,1.522184994,0,,
15.38231,,,0.193,,,15.38231,4888.930869,2.113537438,0,,
9.694928,,,0.189,,,9.694928,3081.320866,2.069733553,0,,
13.084,0.005,,0.25,,,13.084,1.589140665,2.737742795,0,,
10.416,0.01,,0.285,,,10.416,3.17828133,3.121026786,0,,
44.840975,,,0.203,,,44.840975,14251.72337,2.22304715,0,,
17.326644,,,0.22,,,17.326644,5506.894914,2.40921366,0,,
7.240193,,,0.21,,,7.240193,2301.137024,2.299703948,0,,
4.646186,,,0.136,,,4.646186,1476.688622,1.48933208,0,,
16.738661,,,0.242,,,16.738661,5320.017375,2.650135026,0,,
8.291,0.019,,0.294,,,8.291,6.038734527,3.219585527,0,,
5.487,0.033,,0.321,,,5.487,10.48832839,3.515261749,0,,
9.653471,,,0.245,,,9.653471,3068.144665,2.682987939,0,,
5.315946,,,0.194,,,5.315946,1689.557192,2.124488409,0,,
3.295709,,,0.255,,,3.295709,1047.469038,2.792497651,0,,
7.061149,,,0.102,,,7.061149,2244.231804,1.11699906,0,,
1.937055,,,0.079,,,1.937055,615.6505742,0.865126723,0,,
127.282184,,,1.111,,,127.282184,40453.8589,12.16652898,0,,
30.184104,,,0.362,,,30.184104,9593.357421,3.964251567,0,,
13.751243,,,0.156,,,13.751243,4370.531889,1.708351504,0,,
5.419026,,,0.12,,,5.419026,1722.318916,1.314116542,0,,
2.508553,,,0.12,,,2.508553,797.2887165,1.314116542,0,,
40.714955,,,0.201,,,40.714955,12940.35813,2.201145207,0,,
10.446347,,,0.149,,,10.446347,3320.142964,1.631694706,0,,
38.285489,,,0.167,,,38.285489,12168.20549,1.828812187,0,,
15.054786,,,0.166,,,15.054786,4784.834527,1.817861216,0,,
6.885875,,,0.236,,,6.885875,2188.524795,2.584429198,0,,
2.927128,,,0.118,,,2.927128,930.3236273,1.292214599,0,,
77.473633,,,0.223,,,77.473633,24623.30013,2.442066573,0,,
22.92881,,,0.172,,,22.92881,7287.420874,1.883567043,0,,
10.475464,,,0.175,,,10.475464,3329.397165,1.916419957,0,,
74.920137,,,0.583,,,74.920137,23811.72727,6.384416198,0,,
38.871826,,,0.256,,,38.871826,12354.55988,2.803448622,0,,
63.335879,,,0.16,,,63.335879,20129.92417,1.752155389,0,,
34.142347,,,0.156,,,34.142347,10851.3984,1.708351504,0,,
19.850242,,,0.203,,,19.850242,6308.965354,2.22304715,0,,
5.841648,,,0.192,,,5.841648,1856.640077,2.102586467,0,,
3.621457,,,0.084,,,3.621457,1151.000917,0.919881579,0,,
33.884054,,,0.121,,,33.884054,10769.30562,1.325067513,0,,
21.526258,,,0.104,,,21.526258,6841.650391,1.138901003,0,,
12.645164,,,0.109,,,12.645164,4018.988866,1.193655859,0,,
6.6264,,,0.242,,,6.6264,2106.056341,2.650135026,0,,
3.701212,,,0.158,,,3.701212,1176.3493,1.730253446,0,,
54.155743,,,0.342,,,54.155743,17212.21869,3.745232144,0,,
19.254196,,,0.274,,,19.254196,6119.525167,3.000566103,0,,
20.834237,,,0.21,,,20.834237,6621.706648,2.299703948,0,,
11.97901,,,0.238,,,11.97901,3807.266383,2.606331141,0,,
7.055679,,,0.199,,,7.055679,2242.493284,2.179243265,0,,
3.715335,,,0.131,,,3.715335,1180.837987,1.434577225,0,,
2.580827,,,0.118,,,2.580827,820.259427,1.292214599,0,,
5.700786,,,0.168,,,5.700786,1811.870171,1.839763158,0,,
3.546511,,,0.193,,,3.546511,1127.18097,2.113537438,0,,
36.77031,,,0.241,,,36.77031,11686.63898,2.639184054,0,,
14.589347,,,0.201,,,14.589347,4636.904919,2.201145207,0,,
125.866438,,,1.163,,,125.866438,40003.895,12.73597948,0,,
34.543901,,,0.217,,,34.543901,10979.02356,2.376360746,0,,
56.633742,,,0.238,,,56.633742,17999.79648,2.606331141,0,,
19.305772,,,0.254,,,19.305772,6135.917471,2.78154668,0,,
6.097326,,,0.149,,,6.097326,1937.901739,1.631694706,0,,
44.851896,,,0.291,,,44.851896,14255.19437,3.186732613,0,,
20.342199,,,0.208,,,20.342199,6465.323129,2.277802005,0,,
29.221289,,,0.158,,,29.221289,9287.347727,1.730253446,0,,
5.914323,,,0.119,,,5.914323,1879.738237,1.30316557,0,,
3.468095,,,0.122,,,3.468095,1102.258159,1.336018484,0,,
1.796302,,,0.111,,,1.796302,570.915311,1.215557801,0,,
6.186676,,,0.1,,,6.186676,1966.299683,1.095097118,0,,
2.633867,,,0.12,,,2.633867,837.1170312,1.314116542,0,,
37.514456,,,0.233,,,37.514456,11923.14951,2.551576285,0,,
12.699149,,,0.2,,,12.699149,4036.146817,2.190194236,0,,
92.743711,,,0.162,,,92.743711,29476.56051,1.774057331,0,,
11.008151,,,0.19,,,11.008151,3498.70008,2.080684524,0,,
44.347,0.177,,0.277,,,44.347,56.25557954,3.033419017,0,,
24.806,0.192,,0.219,,,24.806,61.02300154,2.398262688,0,,
13.638723,,,0.107,,,13.638723,4334.769868,1.171753916,0,,
9.220524,,,0.09,,,9.220524,2930.541928,0.985587406,0,,
36.337373,,,0.474,,,36.337373,11549.03942,5.190760339,0,,
14.646008,,,0.252,,,14.646008,4654.913379,2.759644737,0,,
4.807091,,,0.179,,,4.807091,1527.828758,1.960223841,0,,
2.139542,,,0.129,,,2.139542,680.0066393,1.412675282,0,,
54.414,0.118,,0.277,,,54.414,37.50371969,3.033419017,0,,
35.736,0.155,,0.384,,,35.736,49.26336062,4.205172933,0,,
12.309681,,,0.323,,,12.309681,3912.36293,3.537163691,0,,
51.078775,,,0.32,,,51.078775,16234.27169,3.504310778,0,,
30.160546,,,0.363,,,30.160546,9585.870025,3.975202538,0,,
33.006,0.202,,0.3,,,33.006,64.20128287,3.285291354,0,,
17.324,0.275,,0.261,,,17.324,87.40273658,2.858203478,0,,
48.648,0.051,,0.25,,,48.648,16.20923478,2.737742795,0,,
31.884,0.052,,0.259,,,31.884,16.52706292,2.836301536,0,,
14.12841,,,0.256,,,14.12841,4490.406173,2.803448622,0,,
35.676062,,,0.297,,,35.676062,11338.85618,3.25243844,0,,
16.088134,,,0.302,,,16.088134,5113.261593,3.307193296,0,,
10.300682,,,0.209,,,10.300682,3273.846529,2.288752977,0,,
33.197861,,,0.164,,,33.197861,10551.21418,1.795959274,0,,
11.634788,,,0.137,,,11.634788,3697.862948,1.500283052,0,,
8.014927,,,0.177,,,8.014927,2547.369285,1.938321899,0,,
2.936532,,,0.134,,,2.936532,933.3124831,1.467430138,0,,
10.937304,,,0.201,,,10.937304,3476.18291,2.201145207,0,,
6.057342,,,0.16,,,6.057342,1925.193699,1.752155389,0,,
2.971353,,,0.128,,,2.971353,944.3795765,1.401724311,0,,
7.410935,,,0.089,,,7.410935,2355.403635,0.974636435,0,,
5.217738,,,0.079,,,5.217738,1658.343927,0.865126723,0,,
25.262887,,,0.158,,,25.262887,8029.256209,1.730253446,0,,
11.476094,,,0.179,,,11.476094,3647.42553,1.960223841,0,,
8.127899,,,0.151,,,8.127899,2583.274964,1.653596648,0,,
5.326718,,,0.22,,,5.326718,1692.980837,2.40921366,0,,
83.446393,,,0.302,,,83.446393,26521.61129,3.307193296,0,,
25.934138,,,0.227,,,25.934138,8242.598662,2.485870458,0,,
28.464515,,,0.203,,,28.464515,9046.823659,2.22304715,0,,
6.87745,,,0.19,,,6.87745,2185.847093,2.080684524,0,,
3.353728,,,0.177,,,3.353728,1065.909109,1.938321899,0,,
107.723601,,,0.347,,,107.723601,34237.59099,3.799986999,0,,
6.61833,,,0.221,,,6.61833,2103.491467,2.420164631,0,,
67.831024,,,0.231,,,67.831024,21558.60772,2.529674343,0,,
43.130617,,,0.222,,,43.130617,13708.12348,2.431115602,0,,
17.028937,,,0.235,,,17.028937,5412.275254,2.573478227,0,,
6.846262,,,0.166,,,6.846262,2175.934669,1.817861216,0,,
140.101261,,,0.252,,,140.101261,44528.12221,2.759644737,0,,
40.806231,,,0.297,,,40.806231,12969.36821,3.25243844,0,,
47.332773,,,0.22,,,47.332773,15043.68687,2.40921366,0,,
16.568087,,,0.238,,,16.568087,5265.804159,2.606331141,0,,
21.853722,,,0.146,,,21.853722,6945.727662,1.598841792,0,,
13.060855,,,0.121,,,13.060855,4151.10716,1.325067513,0,,
24.570858,,,0.178,,,24.570858,7809.309924,1.94927287,0,,
10.381227,,,0.194,,,10.381227,3299.445996,2.124488409,0,,
76.050178,,,0.155,,,76.050178,24170.88609,1.697400533,0,,
8.187399,,,0.179,,,8.187399,2602.185738,1.960223841,0,,
36.924931,,,0.241,,,36.924931,11735.78188,2.639184054,0,,
8.115317,,,0.25,,,8.115317,2579.276051,2.737742795,0,,
33.653079,,,0.322,,,33.653079,10695.89527,3.52621272,0,,
13.19722,,,0.362,,,13.19722,4194.447793,3.964251567,0,,
24.664551,,,0.442,,,24.664551,7839.088196,4.840329262,0,,
6.581484,,,0.483,,,6.581484,2091.780772,5.28931908,0,,
2.382667,,,0.233,,,2.382667,757.2786042,2.551576285,0,,
10.681572,,,0.21,,,10.681572,3394.904086,2.299703948,0,,
5.839172,,,0.221,,,5.839172,1855.853135,2.420164631,0,,
3.38802,,,0.192,,,3.38802,1076.808071,2.102586467,0,,
1.620493,,,0.142,,,1.620493,515.0382647,1.555037908,0,,
9.946047,,,0.267,,,9.946047,3161.133549,2.923909305,0,,
5.714606,,,0.138,,,5.714606,1816.262556,1.511234023,0,,
18.746477,,,0.223,,,18.746477,5958.157785,2.442066573,0,,
12.412183,,,0.192,,,12.412183,3944.940949,2.102586467,0,,
5.826662,,,0.345,,,5.826662,1851.877105,3.778085057,0,,
18.119869,,,0.283,,,18.119869,5759.004134,3.099124844,0,,
10.281951,,,0.236,,,10.281951,3267.89329,2.584429198,0,,
3.783986,,,0.145,,,3.783986,1202.657206,1.587890821,0,,
10.848463,,,0.192,,,10.848463,3447.946741,2.102586467,0,,
6.668391,,,0.11,,,6.668391,2119.402262,1.20460683,0,,
99.640161,,,0.247,,,99.640161,31668.44634,2.704889881,0,,
30.133001,,,0.247,,,30.133001,9577.11545,2.704889881,0,,
16.514043,,,0.247,,,16.514043,5248.627455,2.704889881,0,,
4.790936,,,0.119,,,4.790936,1522.694244,1.30316557,0,,
17.648312,,,0.194,,,17.648312,5609.130054,2.124488409,0,,
7.156804,,,0.203,,,7.156804,2274.633654,2.22304715,0,,
4.148141,,,0.101,,,4.148141,1318.395909,1.106048089,0,,
15.368459,,,0.14,,,15.368459,4884.528631,1.533135965,0,,
7.113702,,,0.135,,,7.113702,2260.934625,1.478381109,0,,
3.306539,,,0.097,,,3.306539,1050.911117,1.062244204,0,,
16.239494,,,0.363,,,16.239494,5161.368059,3.975202538,0,,
6.308205,,,0.269,,,6.308205,2004.925018,2.945811247,0,,
20.477912,,,0.352,,,20.477912,6508.456539,3.854741855,0,,
9.439452,,,0.365,,,9.439452,3000.123406,3.997104481,0,,
3.33616,,,0.146,,,3.33616,1060.325504,1.598841792,0,,
11.187161,,,0.134,,,11.187161,3555.594494,1.467430138,0,,
4.60182,,,0.209,,,4.60182,1462.587859,2.288752977,0,,
36.277108,,,0.27,,,36.277108,11529.88551,2.956762219,0,,
17.460812,,,0.194,,,17.460812,5549.537279,2.124488409,0,,
7.49019,,,0.229,,,7.49019,2380.593104,2.5077724,0,,
20.050401,,,0.206,,,20.050401,6372.581516,2.255900063,0,,
9.767292,,,0.183,,,9.767292,3104.320181,2.004027726,0,,
4.311792,,,0.246,,,4.311792,1370.408801,2.69393891,0,,
20.026218,,,0.178,,,20.026218,6364.895478,1.94927287,0,,
5.715442,,,0.219,,,5.715442,1816.52826,2.398262688,0,,
14.496481,,,0.178,,,14.496481,4607.389491,1.94927287,0,,
8.20395,,,0.233,,,8.20395,2607.446112,2.551576285,0,,
36.065978,,,0.229,,,36.065978,11462.78245,2.5077724,0,,
12.718092,,,0.208,,,12.718092,4042.167436,2.277802005,0,,
7.953528,,,0.196,,,7.953528,2527.854955,2.146390351,0,,
4.144495,,,0.122,,,4.144495,1317.237108,1.336018484,0,,
56.228098,,,0.224,,,56.228098,17870.87141,2.453017544,0,,
11.763051,,,0.208,,,11.763051,3738.628538,2.277802005,0,,
50.447,0.042,,0.178,,,50.447,13.34878159,1.94927287,0,,
23.654,0.534,,0.5,,,23.654,169.720223,5.47548559,0,,
13.233549,,,0.274,,,13.233549,4205.994172,3.000566103,0,,
6.155557,,,0.213,,,6.155557,1956.409189,2.332556861,0,,
2.090876,,,0.154,,,2.090876,664.5392154,1.686449562,0,,
8.103636,,,0.186,,,8.103636,2575.5635,2.036880639,0,,
4.715106,,,0.126,,,4.715106,1498.593337,1.379822369,0,,
23.968127,,,0.178,,,23.968127,7617.745056,1.94927287,0,,
8.295611,,,0.14,,,8.295611,2636.578556,1.533135965,0,,
46.183669,,,0.198,,,46.183669,14678.46929,2.168292294,0,,
20.060548,,,0.183,,,20.060548,6375.806518,2.004027726,0,,
7.824904,,,0.114,,,7.824904,2486.974629,1.248410715,0,,
3.340222,,,0.199,,,3.340222,1061.616522,2.179243265,0,,
7.21205,,,0.313,,,7.21205,2292.192387,3.427653979,0,,
2.711506,,,0.33,,,2.711506,861.7928896,3.613820489,0,,
60.418955,,,0.242,,,60.418955,19202.84367,2.650135026,0,,
8.472382,,,0.217,,,8.472382,2692.761353,2.376360746,0,,
11.379349,,,0.342,,,11.379349,3616.677247,3.745232144,0,,
4.431222,,,0.275,,,4.431222,1408.367015,3.011517075,0,,
19.271566,,,0.172,,,19.271566,6125.045842,1.883567043,0,,
10.065275,,,0.154,,,10.065275,3199.027561,1.686449562,0,,
91.773242,,,0.182,,,91.773242,29168.11816,1.993076755,0,,
32.625555,,,0.38,,,32.625555,10369.31923,4.161369048,0,,
41.194912,,,0.343,,,41.194912,13092.90197,3.756183115,0,,
16.068638,,,0.439,,,16.068638,5107.065215,4.807476348,0,,
6.252972,,,0.196,,,6.252972,1987.370416,2.146390351,0,,
11.094286,,,0.36,,,11.094286,3526.076206,3.942349625,0,,
4.134444,,,0.241,,,4.134444,1314.042618,2.639184054,0,,
2.566546,,,0.136,,,2.566546,815.7205234,1.48933208,0,,
54.418694,,,0.271,,,54.418694,17295.79191,2.96771319,0,,
9.488015,,,0.277,,,9.488015,3015.558093,3.033419017,0,,
8.109044,,,0.109,,,8.109044,2577.282315,1.193655859,0,,
5.349555,,,0.203,,,5.349555,1700.239078,2.22304715,0,,
3.940997,,,0.138,,,3.940997,1252.559719,1.511234023,0,,
18.794234,,,0.164,,,18.794234,5973.336303,1.795959274,0,,
6.738975,,,0.107,,,6.738975,2141.835843,1.171753916,0,,
18.643577,,,0.176,,,18.643577,5925.45327,1.927370928,0,,
11.349393,,,0.205,,,11.349393,3607.156388,2.244949092,0,,
5.925003,,,0.278,,,5.925003,1883.132642,3.044369988,0,,
3.132924,,,0.124,,,3.132924,995.7313858,1.357920426,0,,
19.721734,,,0.214,,,19.721734,6268.121897,2.343507833,0,,
14.788759,,,0.266,,,14.788759,4700.283662,2.912958334,0,,
9.848183,,,0.178,,,9.848183,3130.029616,1.94927287,0,,
7.384108,,,0.151,,,7.384108,2346.87726,1.653596648,0,,
28.081912,,,0.329,,,28.081912,8925.221662,3.602869518,0,,
10.08881,,,0.414,,,10.08881,3206.507646,4.533702069,0,,
3.936981,,,0.282,,,3.936981,1251.283321,3.088173873,0,,
18.369917,,,0.235,,,18.369917,5838.476423,2.573478227,0,,
10.04156,,,0.244,,,10.04156,3191.490267,2.672036968,0,,
5.690586,,,0.261,,,5.690586,1808.628324,2.858203478,0,,
2.795906,,,0.153,,,2.795906,888.617584,1.675498591,0,,
45.902733,,,0.119,,,45.902733,14589.17993,1.30316557,0,,
28.122397,,,0.087,,,28.122397,8938.088934,0.952734493,0,,
9.034199,,,0.14,,,9.034199,2871.322601,1.533135965,0,,
4.159807,,,0.072,,,4.159807,1322.103692,0.788469925,0,,
47.903645,,,0.251,,,47.903645,15225.12605,2.748693766,0,,
22.714613,,,0.319,,,22.714613,7219.343042,3.493359806,0,,
4.585512,,,0.263,,,4.585512,1457.404718,2.88010542,0,,
44.699576,,,0.28,,,44.699576,14206.78279,3.06627193,0,,
3.619337,,,0.132,,,3.619337,1150.327121,1.445528196,0,,
8.586004,,,0.165,,,8.586004,2728.873621,1.806910245,0,,
5.374943,,,0.199,,,5.374943,1708.308099,2.179243265,0,,
17.406669,,,0.271,,,17.406669,5532.32911,2.96771319,0,,
7.693641,,,0.21,,,7.693641,2445.255555,2.299703948,0,,
68.16101,,,0.156,,,68.16101,21663.48655,1.708351504,0,,
30.864423,,,0.213,,,30.864423,9809.581938,2.332556861,0,,
14.667108,,,0.158,,,14.667108,4661.619552,1.730253446,0,,
9.360672,,,0.145,,,9.360672,2975.084905,1.587890821,0,,
28.7798,,,0.19,,,28.7798,9147.030102,2.080684524,0,,
15.660544,,,0.233,,,15.660544,4977.361461,2.551576285,0,,
4.822962,,,0.209,,,4.822962,1532.873008,2.288752977,0,,
2.46236,,,0.145,,,2.46236,782.6072816,1.587890821,0,,
31.805174,,,0.244,,,31.805174,10108.57907,2.672036968,0,,
16.257582,,,0.097,,,16.257582,5167.116934,1.062244204,0,,
6.04045,,,0.115,,,6.04045,1919.824946,1.259361686,0,,
4.138575,,,0.112,,,4.138575,1315.355566,1.226508772,0,,
7.972513,,,0.323,,,7.972513,2533.888922,3.537163691,0,,
2.453234,,,0.262,,,2.453234,779.706782,2.869154449,0,,
41.749882,,,0.277,,,41.749882,13269.28705,3.033419017,0,,
16.087845,,,0.202,,,16.087845,5113.16974,2.212096178,0,,
16.259458,,,0.132,,,16.259458,5167.71318,1.445528196,0,,
11.131786,,,0.107,,,11.131786,3537.994761,1.171753916,0,,
7.466623,,,0.124,,,7.466623,2373.102848,1.357920426,0,,
4.22864,,,0.145,,,4.22864,1343.980756,1.587890821,0,,
5.868075,,,0.295,,,5.868075,1865.039322,3.230536498,0,,
3.071571,,,0.134,,,3.071571,976.2316763,1.467430138,0,,
1.611865,,,0.14,,,1.611865,512.2960436,1.533135965,0,,
23.44281,,,0.106,,,23.44281,7450.784535,1.160802945,0,,
13.137471,,,0.158,,,13.137471,4175.45788,1.730253446,0,,
7.781987,,,0.107,,,7.781987,2473.334399,1.171753916,0,,
20.306546,,,0.146,,,20.306546,6453.991603,1.598841792,0,,
2.75564,,,0.135,,,2.75564,875.8199164,1.478381109,0,,
25.660593,,,0.16,,,25.660593,8155.658365,1.752155389,0,,
14.400974,,,0.226,,,14.400974,4577.03468,2.474919487,0,,
11.32972,,,0.128,,,11.32972,3600.903755,1.401724311,0,,
5.370647,,,0.22,,,5.370647,1706.942709,2.40921366,0,,
3.162697,,,0.229,,,3.162697,1005.194083,2.5077724,0,,
16.282493,,,0.165,,,16.282493,5175.034351,1.806910245,0,,
4.069427,,,0.145,,,4.069427,1293.378386,1.587890821,0,,
151.884058,,,0.254,,,151.884058,48273.02659,2.78154668,0,,
25.672083,,,0.219,,,25.672083,8159.31021,2.398262688,0,,
10.222157,,,0.142,,,10.222157,3248.889075,1.555037908,0,,
8.594805,,,0.19,,,8.594805,2731.670827,2.080684524,0,,
67.093408,,,0.29,,,67.093408,21324.1726,3.175781642,0,,
23.637604,,,0.277,,,23.637604,7512.695548,3.033419017,0,,
49.567416,,,0.22,,,49.567416,15753.91928,2.40921366,0,,
17.790037,,,0.252,,,17.790037,5654.174246,2.759644737,0,,
25.209715,,,0.081,,,25.209715,8012.356652,0.887028666,0,,
15.677563,,,0.109,,,15.677563,4982.770578,1.193655859,0,,
10.349695,,,0.11,,,10.349695,3289.424239,1.20460683,0,,
5.599308,,,0.091,,,5.599308,1779.617608,0.996538377,0,,
47.427737,,,0.2,,,47.427737,15073.8691,2.190194236,0,,
20.739886,,,0.17,,,20.739886,6591.719246,1.861665101,0,,
34.096863,,,0.138,,,34.096863,10836.94231,1.511234023,0,,
8.307872,,,0.181,,,8.307872,2640.475447,1.982125784,0,,
52.814973,,,0.214,,,52.814973,16786.08426,2.343507833,0,,
17.308032,,,0.231,,,17.308032,5500.979496,2.529674343,0,,
2.092281,,,0.135,,,2.092281,664.9857639,1.478381109,0,,
50.697494,,,0.245,,,50.697494,16113.08987,2.682987939,0,,
11.38848,,,0.213,,,11.38848,3619.579336,2.332556861,0,,
21.2234,,,0.249,,,21.2234,6745.393598,2.726791824,0,,
9.926746,,,0.244,,,9.926746,3154.999148,2.672036968,0,,
17.738506,,,0.166,,,17.738506,5637.796244,1.817861216,0,,
9.939632,,,0.12,,,9.939632,3159.094681,1.314116542,0,,
3.763024,,,0.13,,,3.763024,1195.994892,1.423626253,0,,
2.019999,,,0.139,,,2.019999,642.0125108,1.522184994,0,,
20.134866,,,0.212,,,20.134866,6399.426869,2.32160589,0,,
10.399931,,,0.108,,,10.399931,3305.390653,1.182704887,0,,
5.996553,,,0.285,,,5.996553,1905.873244,3.121026786,0,,
2.061897,,,0.15,,,2.061897,655.3288739,1.642645677,0,,
10.640263,,,0.238,,,10.640263,3381.774924,2.606331141,0,,
4.938864,,,0.126,,,4.938864,1569.709924,1.379822369,0,,
22.407793,,,0.119,,,22.407793,7121.827014,1.30316557,0,,
13.343058,,,0.139,,,13.343058,4240.799213,1.522184994,0,,
7.267277,,,0.12,,,7.267277,2309.745081,1.314116542,0,,
3.886803,,,0.102,,,3.886803,1235.335341,1.11699906,0,,
20.729042,,,0.18,,,20.729042,6588.272718,1.971174812,0,,
1.6329,,,0.104,,,1.6329,518.9815584,1.138901003,0,,
29.022358,,,0.222,,,29.022358,9224.121858,2.431115602,0,,
20.303005,,,0.176,,,20.303005,6452.866173,1.927370928,0,,
10.687576,,,0.211,,,10.687576,3396.812326,2.310654919,0,,
11.637071,,,0.203,,,11.637071,3698.58855,2.22304715,0,,
5.687945,,,0.184,,,5.687945,1807.78894,2.014978697,0,,
20.684342,,,0.306,,,20.684342,6574.0658,3.350997181,0,,
9.825792,,,0.23,,,9.825792,3122.913127,2.518723371,0,,
4.302149,,,0.178,,,4.302149,1367.343985,1.94927287,0,,
3.137873,,,0.113,,,3.137873,997.3043172,1.237459743,0,,
41.885775,,,0.269,,,41.885775,13312.47767,2.945811247,0,,
13.817124,,,0.134,,,13.817124,4391.470724,1.467430138,0,,
6.40013,,,0.178,,,6.40013,2034.141369,1.94927287,0,,
2.735926,,,0.146,,,2.735926,869.5542526,1.598841792,0,,
96.678988,,,0.352,,,96.678988,30727.30226,3.854741855,0,,
20.552802,,,0.257,,,20.552802,6532.258688,2.814399593,0,,
9.576694,,,0.259,,,9.576694,3043.742774,2.836301536,0,,
49.412,0.024,,0.633,,,49.412,7.627875192,6.931964757,0,,
36.855,0.006,,0.259,,,36.855,1.906968798,2.836301536,0,,
25.751974,,,0.224,,,25.751974,8184.701817,2.453017544,0,,
12.759712,,,0.232,,,12.759712,4055.395443,2.540625314,0,,
5.433074,,,0.128,,,5.433074,1726.783766,1.401724311,0,,
34.035257,,,0.277,,,34.035257,10817.36219,3.033419017,0,,
11.903515,,,0.228,,,11.903515,3783.271949,2.496821429,0,,
247.35373,,,0.195,,,247.35373,78615.9742,2.13543938,0,,
44.000529,,,0.133,,,44.000529,13984.60598,1.456479167,0,,
13.98179,,,0.175,,,13.98179,4443.806212,1.916419957,0,,
8.005777,,,0.217,,,8.005777,2544.461157,2.376360746,0,,
4.263742,,,0.115,,,4.263742,1355.137159,1.259361686,0,,
35.118736,,,0.246,,,35.118736,11161.7223,2.69393891,0,,
14.627119,,,0.201,,,14.627119,4648.909923,2.201145207,0,,
6.388996,,,0.255,,,6.388996,2030.60267,2.792497651,0,,
2.940309,,,0.21,,,2.940309,934.5129199,2.299703948,0,,
39.595519,,,0.169,,,39.595519,12584.56988,1.850714129,0,,
11.463462,,,0.228,,,11.463462,3643.410725,2.496821429,0,,
4.166972,,,0.209,,,4.166972,1324.380931,2.288752977,0,,
16.665863,,,0.255,,,16.665863,5296.880122,2.792497651,0,,
7.930592,,,0.285,,,7.930592,2520.565249,3.121026786,0,,
87.090195,,,0.23,,,87.090195,27679.71408,2.518723371,0,,
13.767102,,,0.196,,,13.767102,4375.572325,2.146390351,0,,
8.348125,,,0.112,,,8.348125,2653.268983,1.226508772,0,,
6.195469,,,0.108,,,6.195469,1969.094345,1.182704887,0,,
3.250619,,,0.101,,,3.250619,1033.138168,1.106048089,0,,
13.193242,,,0.24,,,13.193242,4193.183473,2.628233083,0,,
4.425391,,,0.13,,,4.425391,1406.513759,1.423626253,0,,
7.406097,,,0.122,,,7.406097,2353.865982,1.336018484,0,,
4.393147,,,0.129,,,4.393147,1396.265709,1.412675282,0,,
34.260281,,,0.212,,,34.260281,10888.88115,2.32160589,0,,
7.650254,,,0.203,,,7.650254,2431.465946,2.22304715,0,,
15.31299,,,0.199,,,15.31299,4866.899022,2.179243265,0,,
8.180848,,,0.207,,,8.180848,2600.103646,2.266851034,0,,
28.986769,,,0.219,,,28.986769,9212.810673,2.398262688,0,,
10.945723,,,0.244,,,10.945723,3478.858705,2.672036968,0,,
5.03503,,,0.126,,,5.03503,1600.274184,1.379822369,0,,
21.347262,,,0.202,,,21.347262,6784.760426,2.212096178,0,,
7.810937,,,0.094,,,7.810937,2482.535524,1.029391291,0,,
19.446355,,,0.27,,,19.446355,6180.598703,2.956762219,0,,
6.919798,,,0.112,,,6.919798,2199.306479,1.226508772,0,,
7.06424,,,0.183,,,7.06424,2245.21421,2.004027726,0,,
4.921355,,,0.189,,,4.921355,1564.145071,2.069733553,0,,
13.699087,,,0.322,,,13.699087,4353.955245,3.52621272,0,,
4.309427,,,0.137,,,4.309427,1369.657138,1.500283052,0,,
43.595792,,,0.304,,,43.595792,13855.96918,3.329095239,0,,
10.139623,,,0.212,,,10.139623,3222.657447,2.32160589,0,,
28.551383,,,0.17,,,28.551383,9074.432753,1.861665101,0,,
16.709184,,,0.189,,,16.709184,5310.648755,2.069733553,0,,
13.5405,,,0.2,,,13.5405,4303.551835,2.190194236,0,,
1.732342,,,0.118,,,1.732342,550.5870236,1.292214599,0,,
15.906801,,,0.227,,,15.906801,5055.628864,2.485870458,0,,
4.973456,,,0.205,,,4.973456,1580.704235,2.244949092,0,,
52.661793,,,0.2,,,52.661793,16737.39935,2.190194236,0,,
5.931194,,,0.186,,,5.931194,1885.100315,2.036880639,0,,
62.303276,,,0.263,,,62.303276,19801.73389,2.88010542,0,,
33.040532,,,0.202,,,33.040532,10501.2106,2.212096178,0,,
46.90232,,,0.226,,,46.90232,14906.8768,2.474919487,0,,
18.870227,,,0.261,,,18.870227,5997.489017,2.858203478,0,,
88.255055,,,0.213,,,88.255055,28049.93936,2.332556861,0,,
18.207973,,,0.249,,,18.207973,5787.006064,2.726791824,0,,
24.674612,,,0.186,,,24.674612,7842.285864,2.036880639,0,,
15.228958,,,0.273,,,15.228958,4840.191289,2.989615132,0,,
30.826557,,,0.278,,,30.826557,9797.547058,3.044369988,0,,
12.56093,,,0.249,,,12.56093,3992.216931,2.726791824,0,,
7.381998,,,0.329,,,7.381998,2346.206642,3.602869518,0,,
3.428054,,,0.112,,,3.428054,1089.532003,1.226508772,0,,
160.018032,,,0.353,,,160.018032,50858.23236,3.865692827,0,,
55.328328,,,0.144,,,55.328328,17584.89919,1.57693985,0,,
29.198943,,,0.376,,,29.198943,9280.245539,4.117565164,0,,
4.180043,,,0.321,,,4.180043,1328.535263,3.515261749,0,,
1.729366,,,0.161,,,1.729366,549.6411671,1.76310636,0,,
33.416423,,,0.217,,,33.416423,10620.67933,2.376360746,0,,
12.610584,,,0.136,,,12.610584,4007.998369,1.48933208,0,,
76.732171,,,0.279,,,76.732171,24387.64265,3.055320959,0,,
31.158799,,,0.331,,,31.158799,9903.142913,3.624771461,0,,
42.882,0.25,,0.385,,,42.882,79.45703325,4.216123904,0,,
22.951,0.117,,0.236,,,22.951,37.18589156,2.584429198,0,,
10.104665,,,0.12,,,10.104665,3211.546812,1.314116542,0,,
5.885273,,,0.119,,,5.885273,1870.50533,1.30316557,0,,
27.082511,,,0.301,,,27.082511,8607.583908,3.296242325,0,,
16.007583,,,0.215,,,16.007583,5087.660219,2.354458804,0,,
41.809118,,,0.193,,,41.809118,13288.11392,2.113537438,0,,
4.761702,,,0.255,,,4.761702,1513.402857,2.792497651,0,,
2.024152,,,0.178,,,2.024152,643.3324511,1.94927287,0,,
7.010606,,,0.126,,,7.010606,2228.167816,1.379822369,0,,
3.107675,,,0.062,,,3.107675,987.7065432,0.678960213,0,,
91.353282,,,0.161,,,91.353282,29034.64306,1.76310636,0,,
3.25427,,,0.144,,,3.25427,1034.298558,1.57693985,0,,
157.072878,,,0.302,,,157.072878,49922.17956,3.307193296,0,,
15.771044,,,0.262,,,15.771044,5012.48147,2.869154449,0,,
18.735753,,,0.168,,,18.735753,5954.749396,1.839763158,0,,
8.436387,,,0.131,,,8.436387,2681.321129,1.434577225,0,,
16.399235,,,0.178,,,16.399235,5212.138243,1.94927287,0,,
11.5789,,,0.183,,,11.5789,3680.100169,2.004027726,0,,
11.448708,,,0.103,,,11.448708,3638.721489,1.127950032,0,,
6.00253,,,0.161,,,6.00253,1907.772903,1.76310636,0,,
10.105785,,,0.112,,,10.105785,3211.902779,1.226508772,0,,
5.317429,,,0.178,,,5.317429,1690.028531,1.94927287,0,,
31.517586,,,0.253,,,31.517586,10017.17552,2.770595709,0,,
8.129976,,,0.157,,,8.129976,2583.935093,1.719302475,0,,
18.010199,,,0.138,,,18.010199,5724.147923,1.511234023,0,,
6.414914,,,0.114,,,6.414914,2038.84014,1.248410715,0,,
6.178196,,,0.108,,,6.178196,1963.6045,1.182704887,0,,
25.5169,0.026,,0.075,,,25.5169,8.263531458,0.821322839,0,,
16.092,0.051,,0.215,,,16.092,16.20923478,2.354458804,0,,
87.517905,,,0.146,,,87.517905,27815.65235,1.598841792,0,,
27.50868,,,0.259,,,27.50868,8743.032406,2.836301536,0,,
8.457458,,,0.091,,,8.457458,2688.018086,0.996538377,0,,
82.20017,,,0.227,,,82.20017,26125.52656,2.485870458,0,,
15.79186,,,0.211,,,15.79186,5019.09738,2.310654919,0,,
22.804,0.105,,0.101,,,22.804,33.37195397,1.106048089,0,,
15.09,0.097,,0.101,,,15.09,30.8293289,1.106048089,0,,
48.630408,,,0.236,,,48.630408,15456.11178,2.584429198,0,,
29.393195,,,0.237,,,29.393195,9341.98429,2.59538017,0,,
14.435889,,,0.125,,,14.435889,4588.131649,1.368871398,0,,
100.283134,,,0.223,,,100.283134,31872.80125,2.442066573,0,,
21.869741,,,0.141,,,21.869741,6950.818951,1.544086936,0,,
10.495711,,,0.136,,,10.495711,3335.832232,1.48933208,0,,
5.774464,,,0.066,,,5.774464,1835.287112,0.722764098,0,,
4.164389,,,0.211,,,4.164389,1323.559981,2.310654919,0,,
30.950851,,,0.099,,,30.950851,9837.051188,1.084146147,0,,
13.821375,,,0.156,,,13.821375,4392.821812,1.708351504,0,,
3.410493,,,0.065,,,3.410493,1083.950623,0.711813127,0,,
26.695074,,,0.132,,,26.695074,8484.44553,1.445528196,0,,
17.232366,,,0.262,,,17.232366,5476.930713,2.869154449,0,,
37.993273,,,0.232,,,37.993273,12075.33102,2.540625314,0,,
21.587475,,,0.196,,,21.587475,6861.106875,2.146390351,0,,
12.465988,,,0.524,,,12.465988,3962.041692,5.738308898,0,,
5.766193,,,0.209,,,5.766193,1832.658356,2.288752977,0,,
41.008011,,,0.203,,,41.008011,13033.49957,2.22304715,0,,
3.177422,,,0.209,,,3.177422,1009.874102,2.288752977,0,,
12.794585,,,0.136,,,12.794585,4066.479063,1.48933208,0,,
6.312501,,,0.192,,,6.312501,2006.290407,2.102586467,0,,
4.125103,,,0.082,,,4.125103,1311.073785,0.897979637,0,,
2.422082,,,0.321,,,2.422082,769.8058,3.515261749,0,,
20.17202,,,0.685,,,20.17202,6411.235455,7.501415258,0,,
7.518496,,,0.175,,,7.518496,2389.589547,1.916419957,0,,
50.790412,,,1.008,,,50.790412,16142.62182,11.03857895,0,,
18.795952,,,0.697,,,18.795952,5973.882332,7.632826912,0,,
13.07163,,,0.205,,,13.07163,4154.531758,2.244949092,0,,
5.968734,,,0.305,,,5.968734,1897.031584,3.34004621,0,,
8.990889,,,0.232,,,8.990889,2857.557465,2.540625314,0,,
2.403679,,,0.097,,,2.403679,763.9568089,1.062244204,0,,
11.776,0.012,,0.226,,,11.776,3.813937596,2.474919487,0,,
8.041,0.009,,0.143,,,8.041,2.860453197,1.565988879,0,,
5.188549,,,0.112,,,5.188549,1649.066842,1.226508772,0,,
8.92507,0.027,,0.194,,,8.92507,8.581359591,2.124488409,0,,
4.754,0.037,,0.162,,,4.754,11.75964092,1.774057331,0,,
28.574263,,,0.214,,,28.574263,9081.704661,2.343507833,0,,
8.408878,,,0.211,,,8.408878,2672.577995,2.310654919,0,,
224.784608,,,0.651,,,224.784608,71442.87229,7.129082238,0,,
3.341815,,,0.141,,,3.341815,1062.122822,1.544086936,0,,
31.719775,,,0.197,,,31.719775,10081.43687,2.157341322,0,,
12.691112,,,0.163,,,12.691112,4033.592433,1.785008302,0,,
21.2227,0.007,,0.225,,,21.2227,2.224796931,2.463968516,0,,
6.48163,0.004,,0.211,,,6.48163,1.271312532,2.310654919,0,,
190.323494,,,0.73,,,190.323494,60490.16076,7.994208961,0,,
49.183921,,,0.772,,,49.183921,15632.03379,8.454149751,0,,
14.749049,,,0.308,,,14.749049,4687.662707,3.372899123,0,,
7.958203,,,0.095,,,7.958203,2529.340802,1.040342262,0,,
4.901425,,,0.161,,,4.901425,1557.810757,1.76310636,0,,
3.179997,,,0.139,,,3.179997,1010.692509,1.522184994,0,,
43.8445,0.035,,0.228,,,43.8445,11.12398466,2.496821429,0,,
23.9802,0.025,,0.085,,,23.9802,7.945703325,0.93083255,0,,
13.5708,0.033,,0.223,,,13.5708,10.48832839,2.442066573,0,,
6.16486,0.0005,,0.073,,,6.16486,0.158914067,0.799420896,0,,
7.125939,,,0.144,,,7.125939,2264.823888,1.57693985,0,,
5.4122,,,0.429,,,5.4122,1720.149421,4.697966636,0,,
51.755394,,,0.319,,,51.755394,16449.32025,3.493359806,0,,
23.668205,,,0.279,,,23.668205,7522.421407,3.055320959,0,,
11.427548,,,0.277,,,11.427548,3631.996246,3.033419017,0,,
179.612,0.114,,0.459,,,179.612,36.23240716,5.026495772,0,,
15.9654,0.031,,0.301,,,15.9654,9.852672123,3.296242325,0,,
27.4536,0.002,,0.079,,,27.4536,0.635656266,0.865126723,0,,
16.1457,0.028,,0.198,,,16.1457,8.899187724,2.168292294,0,,
10.3117,0.012,,0.105,,,10.3117,3.813937596,1.149851974,0,,
7.07142,0.009,,0.052,,,7.07142,2.860453197,0.569450501,0,,
5.28696,0.001,,0.042,,,5.28696,0.317828133,0.45994079,0,,
6.029809,,,0.119,,,6.029809,1916.442937,1.30316557,0,,
3.487691,,,0.524,,,3.487691,1108.486319,5.738308898,0,,
35.3331,0.009,,0.144,,,35.3331,2.860453197,1.57693985,0,,
12.8159,0.003,,0.196,,,12.8159,0.953484399,2.146390351,0,,
6.88705,0.023,,0.118,,,6.88705,7.310047059,1.292214599,0,,
4.60358,0.019,,0.132,,,4.60358,6.038734527,1.445528196,0,,
1.54168,0.011,,0.178,,,1.54168,3.496109463,1.94927287,0,,
789,1.08,,,,,789,343.2543836,NaN,0,,
2.58664,0.011,,0.132,,,2.58664,3.496109463,1.445528196,0,,
16.2385,0.027,,0.238,,,16.2385,8.581359591,2.606331141,0,,
11.5231,0.041,,0.305,,,11.5231,13.03095345,3.34004621,0,,
820.3,9.836,,,,,820.3,3126.157516,NaN,0,,
2.50806,0.034,,0.313,,,2.50806,10.80615652,3.427653979,0,,
1460,3,,,,,1460,953.484399,NaN,0,,
4.72674,0.008,,0.134,,,4.72674,2.542625064,1.467430138,0,,
26.723,0.019,,0.232,,,26.723,6.038734527,2.540625314,0,,
13.749,0.202,,0.313,,,13.749,64.20128287,3.427653979,0,,
331.60059,,,1.008,,,331.60059,105391.9964,11.03857895,0,,
210.60697,,,0.723,,,210.60697,66936.82007,7.917552163,0,,
124.9144,,,0.257,,,124.9144,39701.31054,2.814399593,0,,
91.93913,,,0.237,,,91.93913,29220.84204,2.59538017,0,,
59.73667,,,0.256,,,59.73667,18985.9943,2.803448622,0,,
8.719375,,,0.106,,,8.719375,2771.262677,1.160802945,0,,
7.008151,,,0.117,,,7.008151,2227.387548,1.281263628,0,,
54.32031,0.11,,0.585,,,54.32031,34.96109463,6.40631814,0,,
22.342989,0.334,,1.005,,,22.342989,106.1545964,11.00572604,0,,
10.423648,0.049,,0.385,,,10.423648,15.57357852,4.216123904,0,,
3.743208,0.033,,0.153,,,3.743208,10.48832839,1.675498591,0,,
191.2318,0.02,,0.548,,,191.2318,6.35656266,6.001132207,0,,
114.73635,1.02,,1.204,,,114.73635,324.1846957,13.1849693,0,,
282.5255,,,0.903,,,282.5255,89794.55219,9.888726976,0,,
25.216751,,,0.113,,,25.216751,8014.592891,1.237459743,0,,
17.91323,,,0.107,,,17.91323,5693.328447,1.171753916,0,,
12.513,,,0.194,,,12.513,3976.983428,2.124488409,0,,
8.306,,,0.176,,,8.306,2639.880473,1.927370928,0,,
44.552169,,,0.196,,,44.552169,14159.93269,2.146390351,0,,
27.434389,,,0.232,,,27.434389,8719.420636,2.540625314,0,,
4.224537,,,0.123,,,4.224537,1342.676707,1.346969455,0,,
12.883,,,0.211,,,12.883,4094.579837,2.310654919,0,,
8.726,,,0.199,,,8.726,2773.368289,2.179243265,0,,
5.169796,,,0.173,,,5.169796,1643.106611,1.894518014,0,,
20.09,,,0.211,,,20.09,6385.167192,2.310654919,0,,
9.77,,,0.252,,,9.77,3105.180859,2.759644737,0,,
5.902206,,,0.22,,,5.902206,1875.887114,2.40921366,0,,
2.382961,,,0.158,,,2.382961,757.3720456,1.730253446,0,,
51.538,,,0.477,,,51.538,16380.22632,5.223613253,0,,
26.444,,,0.357,,,26.444,8404.647149,3.909496711,0,,
20.837846,,,0.108,,,20.837846,6622.85369,1.182704887,0,,
12.04,,,0.211,,,12.04,3826.650721,2.310654919,0,,
5.955,,,0.216,,,5.955,1892.666532,2.365409775,0,,
4.645387,,,0.146,,,4.645387,1476.434677,1.598841792,0,,
3.072186,,,0.155,,,3.072186,976.4271406,1.697400533,0,,
9.522,,,0.249,,,9.522,3026.359482,2.726791824,0,,
7.053,,,0.236,,,7.053,2241.641822,2.584429198,0,,
81.065298,,,0.3,,,81.065298,25764.83231,3.285291354,0,,
52.09059,,,0.677,,,52.09059,16555.85497,7.413807489,0,,
27.402,,,0.247,,,27.402,8709.1265,2.704889881,0,,
13.485,,,0.231,,,13.485,4285.912374,2.529674343,0,,
3.90512,,,1.11,,,3.90512,1241.156999,12.15557801,0,,
580,,0.947,,,,580,184340.3171,NaN,0,,
9.605085,0.015,,0.085,,,9.605085,4.767421995,0.93083255,0,,
5.398763,0.026,,0.206,,,5.398763,8.263531458,2.255900063,0,,
8.13123,,,0.136,,,8.13123,2584.33365,1.48933208,0,,
5.859944,,,0.23,,,5.859944,1862.455061,2.518723371,0,,
2.15491,,,0.127,,,2.15491,684.8910221,1.39077334,0,,
9.4341505,0.378,,0.545,,,9.4341505,120.1390343,5.968279293,0,,
11.9016171,0.68,,0.227,,,11.9016171,216.1231304,2.485870458,0,,
8.9193459,0.56,,0.22,,,8.9193459,177.9837545,2.40921366,0,,
7.1316185,0.25,,0.203,,,7.1316185,79.45703325,2.22304715,0,,
17.9801235,1.37,,0.177,,,17.9801235,435.4245422,1.938321899,0,,
11.8681707,2.05,,0.098,,,11.8681707,651.5476727,1.073195176,0,,
40.101371,,,0.262,,,40.101371,12745.34388,2.869154449,0,,
15.5741568,2.19,,0.255,,,15.5741568,696.0436113,2.792497651,0,,
10.2184954,1.39,,0.248,,,10.2184954,441.7811049,2.715840853,0,,
11.6092567,6.95,,0.138,,,11.6092567,2208.905524,1.511234023,0,,
5.7293196,18.86,,0.195,,,5.7293196,5994.238588,2.13543938,0,,
21.40239,0.57,,0.874,,,21.40239,181.1620358,9.571148811,0,,
10.5016,0.07,,0.581,,,10.5016,22.24796931,6.362514256,0,,
10.198545,,,0.142,,,10.198545,3241.384517,1.555037908,0,,
4.617534,,,0.138,,,4.617534,1467.58221,1.511234023,0,,
2.211099,,,0.142,,,2.211099,702.749467,1.555037908,0,,
42.1516418,1.11,,0.197,,,42.1516418,352.7892276,2.157341322,0,,
27.9481449,1.49,,0.217,,,27.9481449,473.5639182,2.376360746,0,,
20.995694,,,0.136,,,20.995694,6673.022225,1.48933208,0,,
12.0717249,0.37,,0.11,,,12.0717249,117.5964092,1.20460683,0,,
8.0109434,0.92,,0.187,,,8.0109434,292.4018824,2.047831611,0,,
9.751962,,,0.189,,,9.751962,3099.447876,2.069733553,0,,
38.5583038,,,0.283,,,38.5583038,12254.91371,3.099124844,0,,
18.6489525,18.41,,0.258,,,18.6489525,5851.215929,2.825350564,0,,
36.445171,,,0.174,,,36.445171,11583.30066,1.905468985,0,,
16.3850021,10.41,,0.164,,,16.3850021,3308.590865,1.795959274,0,,
7.8773565,8.7,,0.187,,,7.8773565,2765.104757,2.047831611,0,,
,0.024,,0.865,,,NaN,7.627875192,9.472590071,0,,
85.312,0.013,,0.803,,,85.312,4.131765729,8.793629858,0,,
45.154,0.007,,0.633,,,45.154,2.224796931,6.931964757,0,,
9.37647,,,0.194,,,9.37647,2980.105954,2.124488409,0,,
7.81254,,,0.153,,,7.81254,2483.045002,1.675498591,0,,
18.596108,,,0.139,,,18.596108,5910.366287,1.522184994,0,,
2.576549,,,0.143,,,2.576549,818.8997583,1.565988879,0,,
10.9129343,0.72,,0.227,,,10.9129343,228.8362558,2.485870458,0,,
7.2037945,0.98,,0.243,,,7.2037945,311.4715703,2.661085997,0,,
982,2.067,,,,,982,656.9507509,NaN,0,,
42.8961,0.025,,0.182,,,42.8961,7.945703325,1.993076755,0,,
9.6739283,11.61,,0.28,,,9.6739283,3689.984624,3.06627193,0,,
4.7779803,5.94,,0.191,,,4.7779803,1887.89911,2.091635495,0,,
303.137,28,,0.411,,,303.137,8899.187724,4.500849155,0,,
49.532,2,,0.27,,,49.532,635.656266,2.956762219,0,,
6.766589,,,0.146,,,6.766589,2150.612349,1.598841792,0,,
57.011,0.376,,,,,57.011,119.503378,NaN,0,,
33.60134,6,,0.808,,,33.60134,1906.968798,8.848384713,0,,
39.792187,,,0.178,,,39.792187,12647.0765,1.94927287,0,,
21.301886,,,0.066,,,21.301886,6770.338657,0.722764098,0,,
13.367308,,,0.027,,,13.367308,4248.506545,0.295676222,0,,
16.23855,0.025,,0.328,,,16.23855,7.945703325,3.591918547,0,,
13.83989,0.014,,0.133,,,13.83989,4.449593862,1.456479167,0,,
131.458,0.127,,0.728,,,131.458,40.36417289,7.972307019,0,,
288.822,0.22,,0.764,,,288.822,69.92218926,8.366541982,0,,
41.02902,,,0.398,,,41.02902,13040.17683,4.35848653,0,,
31.7844,,,0.359,,,31.7844,10101.97651,3.931398654,0,,
21.77596,,,0.477,,,21.77596,6921.012711,5.223613253,0,,
13.17562,,,0.285,,,13.17562,4187.582706,3.121026786,0,,
5.66793,,,0.155,,,5.66793,1801.42761,1.697400533,0,,
87.648901,,,0.407,,,87.648901,27857.28656,4.45704527,0,,
42.6318,4.7,,0.473,,,42.6318,1493.792225,5.179809368,0,,
20.8613,,,0.491,,,20.8613,6630.308031,5.376926849,0,,
143.34394,0.073,,0.785,,,143.34394,23.20145371,8.596512376,0,,
60.323105,2.01,,1.097,,,60.323105,638.8345473,12.01321538,0,,
29.33434,0.036,,0.348,,,29.33434,11.44181279,3.810937971,0,,
13.2907,0.3,,0.259,,,13.2907,95.3484399,2.836301536,0,,
10.3376,0.4,,0.321,,,10.3376,127.1312532,3.515261749,0,,
8.9858,1.36,,0.303,,,8.9858,432.2462609,3.318144268,0,,
5.9123,1.51,,0.321,,,5.9123,479.9204808,3.515261749,0,,
31.3309,13.8,,0.437,,,31.3309,4386.028235,4.785574406,0,,
15.3348,9.11,,0.357,,,15.3348,2895.414292,3.909496711,0,,
46.827915,,,0.215,,,46.827915,14883.2288,2.354458804,0,,
3.543919,,,0.095,,,3.543919,1126.357159,1.040342262,0,,
17.2513,0.375,,0.321,,,17.2513,119.1855499,3.515261749,0,,
12.2829,0.38,,0.321,,,12.2829,120.7746905,3.515261749,0,,
123,0.283,,,,,123,89.94536164,NaN,0,,
12.7204,4.16,,0.401,,,12.7204,1322.165033,4.391339443,0,,
6.2385,12.7,,0.232,,,6.2385,4036.417289,2.540625314,0,,
18.998355,,,0.248,,,18.998355,6038.2117,2.715840853,0,,
4.244384,,,0.149,,,4.244384,1348.984642,1.631694706,0,,
12.3335,1.6,,0.25,,,12.3335,508.5250128,2.737742795,0,,
8.1453,1.6,,0.214,,,8.1453,508.5250128,2.343507833,0,,
15.274299,,,0.196,,,15.274299,4854.601934,2.146390351,0,,
10.7421,2.7,,0.285,,,10.7421,858.1359591,3.121026786,0,,
7.1073,0.8,,0.17,,,7.1073,254.2625064,1.861665101,0,,
19.57706,0.045,,0.092,,,19.57706,14.30226599,1.007489349,0,,
6.098493,0.01,,0.077,,,6.098493,3.17828133,0.843224781,0,,
77.61184,0.063,,0.245,,,77.61184,20.02317238,2.682987939,0,,
10.854092,0.051,,0.274,,,10.854092,16.20923478,3.000566103,0,,
3.6961219,0.027,,0.17,,,3.6961219,8.581359591,1.861665101,0,,
160,6,,,,,160,1906.968798,NaN,0,,
9.2869944,0.064,,0.197,,,9.2869944,20.34100051,2.157341322,0,,
14.85888,0.052,,0.623,,,14.85888,16.52706292,6.822455045,0,,
7.64159,0.054,,0.49,,,7.64159,17.16271918,5.365975878,0,,
3.504725,0.022,,0.178,,,3.504725,6.992218926,1.94927287,0,,
228.776,0.333,,0.754,,,228.776,105.8367683,8.25703227,0,,
4.942782,0.66,,0.96,,,4.942782,209.7665678,10.51293233,0,,
6.790123,8.4,,1.136,,,6.790123,2669.756317,12.44030326,0,,
1.7635892,,,1.83,,,1.7635892,560.5182628,20.04027726,0,,
4.4379637,0.431,,1.695,,,4.4379637,136.9839253,18.56189615,0,,
118.3807,0.079,,0.297,,,118.3807,25.10842251,3.25243844,0,,
46.6888,0.006,,0.222,,,46.6888,1.906968798,2.431115602,0,,
31.9996,0.025,,0.374,,,31.9996,7.945703325,4.095663221,0,,
22.6845,0.023,,0.278,,,22.6845,7.310047059,3.044369988,0,,
13.0241,0.009,,0.256,,,13.0241,2.860453197,2.803448622,0,,
10.3039,0.006,,0.161,,,10.3039,1.906968798,1.76310636,0,,
45.29485,0.063,,0.199,,,45.29485,20.02317238,2.179243265,0,,
0.837495,0.014,,0.126,,,0.837495,4.449593862,1.379822369,0,,
1.592851,,,0.146,,,1.592851,506.2528595,1.598841792,0,,
38.91,0.171,,0.823,,,38.91,54.34861074,9.012649281,0,,
19.24,0.252,,0.842,,,19.24,80.09268952,9.220717734,0,,
3.52254,0.603,,1.419,,,3.52254,191.6503642,15.5394281,0,,
4.885525,0.433,,1.478,,,4.885525,137.6195816,16.1855354,0,,
3.234723,0.669,,1.323,,,3.234723,212.627021,14.48813487,0,,
3.54846,2.114,,1.431,,,3.54846,671.8886732,15.67083976,0,,
3.21346,0.077,,0.357,,,3.21346,24.47276624,3.909496711,0,,
2.204737,1.776,,1.342,,,2.204737,564.4627642,14.69620332,0,,
2.7033904,1.477,1.47,1.345,,,2.7033904,469.4321524,14.72905624,0,,
1.217514,27.23,,1.11,,,1.217514,8654.460062,12.15557801,0,,
952,,0.57,,,,952,302572.3826,NaN,0,,
147.73,,1.28,,,,147.73,46952.75009,NaN,0,,
6.673855,,3.88,,,,6.673855,2121.138875,NaN,0,,
57,,0.47,,,,57,18116.20358,NaN,0,,
9017.8,15.04,,,,,9017.8,4780.13512,NaN,0,,
345.72,,1.42,,,,345.72,109879.5421,NaN,0,,
501.75,,6.9,,,,501.75,159470.2657,NaN,0,,
2093.3,1,,,,,2093.3,317.828133,NaN,0,,
963,,2.54,,,,963,306068.4921,NaN,0,,
3.446459,1.855,,1.302,,,3.446459,589.5711867,14.25816448,0,,
3.332687,0.662,,1.281,,,3.332687,210.402224,14.02819408,0,,
4.641878,1.044,,1.28,,,4.641878,331.8125709,14.01724311,0,,
2.694047,0.8,,1.685,,,2.694047,254.2625064,18.45238644,0,,
4.457243,0.615,,1.73,,,4.457243,195.4643018,18.94518014,0,,
3.54387,0.599,,1.571,,,3.54387,190.3790517,17.20397572,0,,
4.640382,0.267,,0.825,,,4.640382,84.86011151,9.034551224,0,,
2.797436,1.169,,1.178,,,2.797436,371.5410875,12.90024405,0,,
1.327347,1.832,,1.264,,,1.327347,582.2611397,13.84202757,0,,
3.646706,1.054,,1.332,,,3.646706,334.9908522,14.58669361,0,,
5.452654,3.328,,1.197,,,5.452654,1057.732027,13.1083125,0,,
3.474474,0.762,,1.686,,,3.474474,242.1850373,18.46333741,0,,
2.150008,0.86,,1.789,,,2.150008,273.3321944,19.59128744,0,,
5.005425,2.171,,1.07,,,5.005425,690.0048767,11.71753916,0,,
2.810595,0.711,,1.34,,,2.810595,225.9758026,14.67430138,0,,
3.92289,0.78,,1.4,,,3.92289,247.9059437,15.33135965,0,,
3.0763776,1.52,,1.5,,,3.0763776,483.0987622,16.42645677,0,,
3.852985,1.057,,1.33,,,3.852985,335.9443366,14.56479167,0,,
2.788491,1.06,,1.26,,,2.788491,336.897821,13.79822369,0,,
2.828042,0.917,,1.44,,,2.828042,291.448398,15.7693985,0,,
9.20205,0.72,,1.19,,,9.20205,228.8362558,13.0316557,0,,
1.7429935,3.47,,1.466,,,1.7429935,1102.863622,16.05412375,0,,
10037.5,10.5,,,,,10037.5,3337.195397,NaN,0,,
1916.25,7.7,,,,,1916.25,2447.276624,NaN,0,,
5840,6.3,,,,,5840,2002.317238,NaN,0,,
2900,2.3,,,,,2900,731.0047059,NaN,0,,
2883.5,2.3,,,WD,,2883.5,731.0047059,NaN,0,,
5573.55,7.33,,,WD,,5573.55,2329.680215,NaN,0,,
,15.711,,,,,NaN,4993.397798,NaN,0,,
10220,,6.05,,,,10220,3248203.519,NaN,0,,
,17,,2.2,,,NaN,5403.078261,24.0921366,0,,
,,,,,,NaN,NaN,NaN,0,,
