672,0.027,Kepler-37 b,2013
816,0.042,Kepler-102 b,2014
731,0.048,Kepler-62 c,2013
681,0.051,Kepler-42 d,2011
817,0.052,Kepler-102 c,2014
904,0.054,Kepler-138 b,2014
911,0.062,Kepler-141 b,2014
1491,0.062,Kepler-378 c,2014
680,0.065,Kepler-42 c,2011
871,0.065,Kepler-124 b,2014
673,0.066,Kepler-37 c,2013
875,0.066,Kepler-125 c,2014
1417,0.066,Kepler-345 b,2014
1490,0.067,Kepler-378 b,2014
747,0.068,KOI-55 b,2011
679,0.07,Kepler-42 b,2011
1515,0.07,Kepler-390 c,2014
662,0.072,Kepler-32 f,2012
1097,0.072,Kepler-220 b,2014
1510,0.072,Kepler-388 b,2014
828,0.073,Kepler-106 b,2014
1514,0.073,Kepler-390 b,2014
1553,0.073,Kepler-408 b,2014
1342,0.074,Kepler-314 b,2014
890,0.075,Kepler-131 c,2014
1550,0.076,Kepler-406 c,2014
628,0.077,Kepler-20 e,2011
748,0.077,KOI-55 c,2011
1432,0.077,Kepler-352 b,2014
1511,0.077,Kepler-388 c,2014
820,0.079,Kepler-102 f,2014
1231,0.079,Kepler-271 b,2014
1315,0.079,Kepler-303 b,2014
1434,0.079,Kepler-353 b,2014
1455,0.079,Kepler-362 b,2014
1509,0.079,Kepler-387 c,2014
1044,0.081,Kepler-197 e,2014
860,0.082,Kepler-119 c,2014
1530,0.083,Kepler-398 b,2014
1294,0.084,Kepler-296 b,2014
743,0.085,Kepler-68 c,2012
830,0.085,Kepler-106 d,2014
1532,0.086,Kepler-399 b,2014
1099,0.087,Kepler-220 d,2014
1496,0.088,Kepler-381 b,2014
1232,0.089,Kepler-271 c,2014
1518,0.089,Kepler-392 b,2014
1257,0.09,Kepler-282 b,2014
1359,0.09,Kepler-322 b,2014
1531,0.09,Kepler-398 c,2014
886,0.091,Kepler-130 b,2014
1041,0.091,Kepler-197 b,2014
1393,0.091,Kepler-336 b,2014
629,0.092,Kepler-20 f,2011
1372,0.092,Kepler-327 c,2014
1481,0.092,Kepler-374 b,2014
1508,0.092,Kepler-387 b,2014
1524,0.092,Kepler-395 b,2014
959,0.094,Kepler-163 b,2014
644,0.095,Kepler-26 d,2014
834,0.095,Kepler-107 d,2014
1346,0.095,Kepler-316 b,2014
1486,0.095,Kepler-376 b,2014
1551,0.095,Kepler-407 b,2014
851,0.097,Kepler-115 b,2014
1078,0.097,Kepler-212 b,2014
1175,0.097,Kepler-249 b,2014
1384,0.097,Kepler-332 c,2014
724,0.098,Kepler-59 b,2012
1482,0.098,Kepler-374 c,2014
1519,0.098,Kepler-392 c,2014
873,0.099,Kepler-124 d,2014
1371,0.099,Kepler-327 b,2014
1387,0.099,Kepler-333 c,2014
1266,0.1,Kepler-285 c,2014
1388,0.1,Kepler-334 b,2014
1497,0.1,Kepler-381 c,2014
1502,0.1,Kepler-384 b,2014
882,0.101,Kepler-128 b,2013
883,0.101,Kepler-128 c,2013
972,0.101,Kepler-169 b,2014
1178,0.101,Kepler-250 b,2014
1470,0.101,Kepler-369 b,2014
1503,0.101,Kepler-384 c,2014
1016,0.102,Kepler-186 b,2014
1316,0.102,Kepler-303 c,2014
1355,0.102,Kepler-320 b,2014
1363,0.102,Kepler-324 b,2014
899,0.103,Kepler-135 c,2014
1347,0.103,Kepler-316 c,2014
1402,0.103,Kepler-339 c,2014
1457,0.103,Kepler-363 b,2014
1014,0.104,Kepler-185 b,2014
1292,0.104,Kepler-295 c,2014
1383,0.104,Kepler-332 b,2014
1403,0.104,Kepler-339 d,2014
754,0.105,Kepler-78 b,2013
818,0.105,Kepler-102 d,2014
1385,0.105,Kepler-332 d,2014
1406,0.105,Kepler-341 b,2014
792,0.106,KOI-351 c,2013
1064,0.106,Kepler-206 d,2014
1333,0.106,Kepler-310 b,2014
1494,0.106,Kepler-380 b,2014
1554,0.106,Kepler-409 b,2014
780,0.107,Kepler-85 d,2014
1062,0.107,Kepler-206 b,2014
1070,0.107,Kepler-208 d,2014
1116,0.107,Kepler-225 b,2014
1258,0.107,Kepler-282 c,2014
1418,0.107,Kepler-345 c,2014
1467,0.107,Kepler-367 c,2014
765,0.108,Kepler-81 d,2014
891,0.108,Kepler-132 b,2014
973,0.108,Kepler-169 c,2014
1024,0.108,Kepler-189 b,2014
1370,0.108,Kepler-326 d,2014
1043,0.109,Kepler-197 d,2014
1120,0.109,Kepler-226 d,2014
1291,0.109,Kepler-295 b,2014
1539,0.109,Kepler-402 b,2014
710,0.11,Kepler-54 c,2012
1042,0.11,Kepler-197 c,2014
1185,0.11,Kepler-252 b,2014
1267,0.111,Kepler-286 b,2014
1433,0.111,Kepler-352 c,2014
1438,0.111,Kepler-354 d,2014
1480,0.111,Kepler-373 c,2014
1501,0.111,Kepler-383 c,2014
848,0.112,Kepler-114 b,2014
897,0.112,Kepler-134 c,2014
931,0.112,Kepler-150 b,2014
957,0.112,Kepler-162 b,2014
974,0.112,Kepler-169 d,2014
1076,0.112,Kepler-211 b,2014
1543,0.112,Kepler-403 b,2014
781,0.113,Kepler-85 e,2014
1005,0.113,Kepler-181 b,2014
1495,0.113,Kepler-380 c,2014
1545,0.113,Kepler-404 b,2014
892,0.114,Kepler-132 c,2014
1140,0.114,Kepler-235 c,2014
986,0.115,Kepler-173 b,2014
1077,0.115,Kepler-211 c,2014
1338,0.115,Kepler-312 b,2014
1520,0.115,Kepler-393 b,2014
1466,0.116,Kepler-367 b,2014
730,0.117,Kepler-62 b,2013
791,0.117,KOI-351 b,2013
1437,0.117,Kepler-354 c,2014
1483,0.117,Kepler-374 d,2014
811,0.118,Kepler-100 b,2014
947,0.118,Kepler-157 b,2014
1282,0.118,Kepler-292 b,2014
1304,0.118,Kepler-299 b,2014
1386,0.118,Kepler-333 b,2014
1498,0.118,Kepler-382 b,2014
1500,0.118,Kepler-383 b,2014
1525,0.118,Kepler-395 c,2014
815,0.119,Kepler-101 c,2014
918,0.119,Kepler-144 b,2014
1019,0.119,Kepler-186 e,2014
1100,0.119,Kepler-220 e,2014
1181,0.119,Kepler-251 b,2014
1269,0.119,Kepler-286 d,2014
1424,0.119,Kepler-348 c,2014
1521,0.119,Kepler-393 c,2014
919,0.12,Kepler-144 c,2014
1017,0.12,Kepler-186 c,2014
1028,0.12,Kepler-191 b,2014
1265,0.12,Kepler-285 b,2014
1310,0.12,Kepler-301 b,2014
1311,0.12,Kepler-301 c,2014
1378,0.12,Kepler-330 b,2014
1210,0.121,Kepler-262 b,2014
1293,0.121,Kepler-295 d,2014
1476,0.121,Kepler-372 b,2014
1479,0.121,Kepler-373 b,2014
969,0.122,Kepler-167 c,2014
1154,0.122,Kepler-240 b,2014
1268,0.122,Kepler-286 c,2014
1356,0.122,Kepler-320 c,2014
775,0.123,Kepler-84 d,2014
1435,0.123,Kepler-353 c,2014
1541,0.123,Kepler-402 d,2014
1069,0.124,Kepler-208 c,2014
1112,0.124,Kepler-224 b,2014
1488,0.124,Kepler-377 b,2014
1506,0.124,Kepler-386 b,2014
879,0.125,Kepler-127 b,2014
1369,0.125,Kepler-326 c,2014
1376,0.125,Kepler-329 b,2014
606,0.126,Kepler-10 b,2011
734,0.126,Kepler-62 f,2013
912,0.126,Kepler-141 c,2014
961,0.126,Kepler-164 b,2014
1020,0.126,Kepler-187 b,2014
1145,0.126,Kepler-237 b,2014
1390,0.126,Kepler-334 d,2014
1471,0.126,Kepler-369 c,2014
737,0.127,Kepler-65 b,2012
1401,0.127,Kepler-339 b,2014
993,0.128,Kepler-176 b,2014
1057,0.128,Kepler-203 d,2014
1233,0.128,Kepler-272 b,2014
1337,0.128,Kepler-311 c,2014
1361,0.128,Kepler-323 b,2014
1389,0.128,Kepler-334 c,2014
1533,0.128,Kepler-399 c,2014
1549,0.128,Kepler-406 b,2014
968,0.129,Kepler-167 b,2014
1253,0.129,Kepler-280 b,2014
1453,0.129,Kepler-361 b,2014
1456,0.129,Kepler-362 c,2014
1484,0.129,Kepler-375 b,2014
970,0.13,Kepler-168 b,2014
1027,0.13,Kepler-190 c,2014
1439,0.13,Kepler-355 b,2014
1464,0.13,Kepler-366 b,2014
1513,0.13,Kepler-389 c,2014
1542,0.13,Kepler-402 e,2014
902,0.131,Kepler-137 b,2014
1283,0.131,Kepler-292 c,2014
807,0.132,Kepler-97 b,2014
810,0.132,Kepler-99 b,2014
870,0.132,Kepler-123 c,2014
1071,0.132,Kepler-208 e,2014
1092,0.132,Kepler-218 b,2014
670,0.133,Kepler-36 b,2012
989,0.133,Kepler-174 c,2014
1536,0.133,Kepler-400 c,2014
661,0.134,Kepler-32 e,2012
801,0.134,Kepler-93 b,2014
1003,0.134,Kepler-180 b,2014
1066,0.134,Kepler-207 c,2014
1169,0.134,Kepler-246 c,2014
1236,0.134,Kepler-273 b,2014
1034,0.135,Kepler-194 b,2014
1060,0.135,Kepler-205 b,2014
1176,0.135,Kepler-249 c,2014
1512,0.135,Kepler-389 b,2014
711,0.136,Kepler-54 d,2014
739,0.136,Kepler-65 d,2012
862,0.136,Kepler-120 c,2014
876,0.136,Kepler-126 b,2014
924,0.136,Kepler-147 b,2014
1123,0.136,Kepler-228 b,2014
1323,0.136,Kepler-306 b,2014
1368,0.136,Kepler-326 b,2014
1423,0.136,Kepler-348 b,2014
953,0.137,Kepler-160 b,2014
1238,0.137,Kepler-274 b,2014
1396,0.137,Kepler-337 b,2014
715,0.138,Kepler-55 e,2014
720,0.138,Kepler-57 c,2012
893,0.138,Kepler-132 d,2014
1038,0.138,Kepler-195 c,2014
1118,0.138,Kepler-226 b,2014
1193,0.138,Kepler-255 b,2014
1460,0.138,Kepler-364 b,2014
697,0.139,Kepler-49 e,2014
832,0.139,Kepler-107 b,2014
1018,0.139,Kepler-186 d,2014
1026,0.139,Kepler-190 b,2014
1331,0.139,Kepler-309 b,2014
1540,0.139,Kepler-402 c,2014
1065,0.14,Kepler-207 b,2014
1098,0.14,Kepler-220 c,2014
1143,0.14,Kepler-236 b,2014
1177,0.14,Kepler-249 d,2014
1441,0.14,Kepler-356 b,2014
842,0.141,Kepler-111 b,2014
877,0.141,Kepler-126 c,2014
1507,0.141,Kepler-386 c,2014
714,0.142,Kepler-55 d,2014
716,0.142,Kepler-55 f,2014
1050,0.142,Kepler-200 c,2014
1195,0.142,Kepler-256 b,2014
1472,0.142,Kepler-370 b,2014
1499,0.142,Kepler-382 c,2014
696,0.143,Kepler-49 d,2014
849,0.143,Kepler-114 c,2013
1522,0.143,Kepler-394 b,2014
733,0.144,Kepler-62 e,2013
813,0.144,Kepler-100 d,2014
827,0.144,Kepler-105 c,2014
905,0.144,Kepler-138 c,2014
906,0.144,Kepler-138 d,2014
909,0.144,Kepler-140 b,2014
929,0.144,Kepler-149 c,2014
1053,0.145,Kepler-202 b,2014
1068,0.145,Kepler-208 b,2014
1080,0.145,Kepler-213 b,2014
1084,0.145,Kepler-215 b,2014
1187,0.145,Kepler-253 b,2014
1352,0.145,Kepler-319 b,2014
1362,0.145,Kepler-323 c,2014
605,0.146,Kepler-9 d,2010
630,0.146,Kepler-21 b,2011
687,0.146,Kepler-46 d,2014
762,0.146,Kepler-80 e,2014
888,0.146,Kepler-130 d,2014
1001,0.146,Kepler-179 b,2014
1061,0.146,Kepler-205 c,2014
1170,0.146,Kepler-247 b,2014
1211,0.146,Kepler-262 c,2014
1382,0.146,Kepler-331 d,2014
1463,0.146,Kepler-365 c,2014
1451,0.147,Kepler-360 b,2014
1535,0.147,Kepler-400 b,2014
1492,0.148,Kepler-379 b,2014
1523,0.148,Kepler-394 c,2014
637,0.149,Kepler-24 d,2014
1273,0.149,Kepler-288 b,2014
1308,0.149,Kepler-300 b,2014
1360,0.149,Kepler-322 c,2014
93,0.15,CoRoT-7 b,2009
1022,0.15,Kepler-188 b,2014
1108,0.151,Kepler-223 b,2014
1228,0.151,Kepler-269 c,2014
1458,0.151,Kepler-363 c,2014
1478,0.151,Kepler-372 d,2014
1336,0.152,Kepler-311 b,2014
1407,0.152,Kepler-341 c,2014
698,0.153,Kepler-50 b,2012
746,0.153,Kepler-69 c,2013
787,0.153,KOI-94 b,2013
1101,0.153,Kepler-221 b,2014
1349,0.153,Kepler-317 c,2014
1537,0.153,Kepler-401 b,2014
1546,0.153,Kepler-404 c,2014
1131,0.154,Kepler-231 b,2014
1147,0.154,Kepler-238 b,2014
1373,0.154,Kepler-327 d,2014
663,0.155,Kepler-33 b,2011
761,0.155,Kepler-80 d,2014
1207,0.155,Kepler-260 c,2014
872,0.156,Kepler-124 c,2014
1087,0.156,Kepler-215 e,2014
1297,0.156,Kepler-296 e,2014
1312,0.156,Kepler-301 d,2014
1422,0.156,Kepler-347 c,2014
1544,0.156,Kepler-403 c,2014
894,0.157,Kepler-133 b,2014
768,0.158,Kepler-82 d,2014
1063,0.158,Kepler-206 c,2014
1085,0.158,Kepler-215 c,2014
1230,0.158,Kepler-270 c,2014
1270,0.158,Kepler-286 e,2014
1289,0.158,Kepler-294 b,2014
1357,0.158,Kepler-321 b,2014
1475,0.159,Kepler-371 c,2014
1059,0.16,Kepler-204 c,2014
1234,0.16,Kepler-272 c,2014
1298,0.16,Kepler-296 f,2014
1465,0.16,Kepler-366 c,2014
1487,0.16,Kepler-376 c,2014
608,0.161,Kepler-11 b,2010
833,0.161,Kepler-107 c,2014
898,0.161,Kepler-135 b,2014
910,0.161,Kepler-140 c,2014
926,0.161,Kepler-148 b,2014
1442,0.161,Kepler-356 c,2014
846,0.162,Kepler-113 b,2014
1262,0.162,Kepler-283 c,2014
1380,0.162,Kepler-331 b,2014
840,0.163,Kepler-110 b,2014
704,0.164,Kepler-52 c,2012
1117,0.164,Kepler-225 c,2014
1239,0.164,Kepler-274 c,2014
1381,0.164,Kepler-331 c,2014
1436,0.164,Kepler-354 b,2014
1443,0.164,Kepler-357 b,2014
1054,0.165,Kepler-202 c,2014
1091,0.165,Kepler-217 c,2014
1408,0.165,Kepler-341 d,2014
1427,0.165,Kepler-350 b,2014
1029,0.166,Kepler-191 c,2014
1216,0.166,Kepler-265 b,2014
1306,0.166,Kepler-299 d,2014
1307,0.167,Kepler-299 e,2014
903,0.168,Kepler-137 c,2014
1281,0.168,Kepler-291 c,2014
1556,0.168,Kepler-411 b,2013
981,0.169,Kepler-171 d,2014
1474,0.169,Kepler-371 b,2014
1534,0.169,Kepler-399 d,2014
625,0.17,Kepler-20 b,2011
632,0.17,Kepler-23 b,2011
950,0.17,Kepler-158 c,2014
1039,0.17,Kepler-196 b,2014
1425,0.17,Kepler-349 b,2014
1473,0.17,Kepler-370 c,2014
1132,0.172,Kepler-231 c,2014
1302,0.172,Kepler-298 c,2014
1377,0.172,Kepler-329 c,2014
772,0.173,Kepler-83 d,2014
705,0.174,Kepler-52 d,2014
732,0.174,Kepler-62 d,2013
1379,0.174,Kepler-330 c,2014
857,0.175,Kepler-118 b,2014
988,0.175,Kepler-174 b,2014
1301,0.175,Kepler-298 b,2014
1411,0.175,Kepler-342 c,2014
1426,0.175,Kepler-349 c,2014
778,0.176,Kepler-85 b,2012
1012,0.176,Kepler-184 c,2014
1115,0.176,Kepler-224 e,2014
1421,0.176,Kepler-347 b,2014
725,0.177,Kepler-59 c,2012
1222,0.177,Kepler-267 b,2014
1237,0.177,Kepler-273 c,2014
21,0.178,55 Cnc e,2011
620,0.178,Kepler-18 b,2011
659,0.178,Kepler-32 c,2011
674,0.178,Kepler-37 d,2013
809,0.178,Kepler-98 b,2014
896,0.178,Kepler-134 b,2014
901,0.178,Kepler-136 c,2014
913,0.178,Kepler-142 b,2014
1002,0.178,Kepler-179 c,2014
1006,0.178,Kepler-181 c,2014
1109,0.178,Kepler-223 c,2014
1144,0.178,Kepler-236 c,2014
1151,0.178,Kepler-238 f,2013
1159,0.178,Kepler-242 c,2014
1161,0.178,Kepler-243 c,2014
1209,0.178,Kepler-261 c,2014
1409,0.178,Kepler-341 e,2014
1206,0.179,Kepler-260 b,2014
1229,0.179,Kepler-270 b,2014
1254,0.179,Kepler-280 c,2014
1015,0.18,Kepler-185 c,2014
1414,0.18,Kepler-343 c,2014
1037,0.181,Kepler-195 b,2014
692,0.182,Kepler-48 d,2014
1130,0.182,Kepler-230 c,2014
1462,0.182,Kepler-365 b,2014
900,0.183,Kepler-136 b,2014
956,0.183,Kepler-161 c,2014
1141,0.183,Kepler-235 d,2014
1163,0.183,Kepler-244 c,2014
1397,0.183,Kepler-337 c,2014
1459,0.183,Kepler-363 d,2014
1009,0.184,Kepler-183 b,2014
1489,0.184,Kepler-377 c,2014
936,0.186,Kepler-151 c,2014
943,0.186,Kepler-155 b,2014
1146,0.186,Kepler-237 c,2014
1348,0.186,Kepler-317 b,2014
1477,0.186,Kepler-372 c,2014
1547,0.186,Kepler-405 b,2014
703,0.187,Kepler-52 b,2012
709,0.187,Kepler-54 b,2012
1394,0.187,Kepler-336 c,2014
1452,0.187,Kepler-360 c,2014
708,0.189,Kepler-53 d,2014
949,0.189,Kepler-158 b,2014
955,0.189,Kepler-161 b,2014
1329,0.189,Kepler-308 b,2014
1049,0.19,Kepler-200 b,2014
1083,0.19,Kepler-214 c,2014
1223,0.19,Kepler-267 c,2014
1261,0.19,Kepler-283 b,2014
690,0.191,Kepler-48 b,2012
729,0.192,Kepler-61 b,2013
861,0.192,Kepler-120 b,2014
1186,0.192,Kepler-252 c,2014
1191,0.192,Kepler-254 c,2014
1196,0.192,Kepler-256 c,2014
1295,0.192,Kepler-296 c,2014
1461,0.192,Kepler-364 c,2014
1538,0.192,Kepler-401 c,2014
915,0.193,Kepler-142 d,2014
1280,0.193,Kepler-291 b,2014
1330,0.193,Kepler-308 c,2014
699,0.194,Kepler-50 c,2012
779,0.194,Kepler-85 c,2012
847,0.194,Kepler-113 c,2014
1166,0.194,Kepler-245 c,2014
1180,0.194,Kepler-250 d,2014
1208,0.194,Kepler-261 b,2014
1318,0.194,Kepler-304 c,2014
719,0.195,Kepler-57 b,2012
990,0.195,Kepler-174 d,2014
634,0.196,Kepler-23 d,2014
658,0.196,Kepler-32 b,2011
777,0.196,Kepler-84 f,2014
812,0.196,Kepler-100 c,2014
867,0.196,Kepler-122 d,2014
975,0.196,Kepler-169 e,2014
1126,0.196,Kepler-229 b,2014
1155,0.196,Kepler-240 c,2014
623,0.197,Kepler-19 b,2011
713,0.197,Kepler-55 c,2012
841,0.197,Kepler-110 c,2014
819,0.198,Kepler-102 e,2013
1142,0.198,Kepler-235 e,2014
607,0.199,Kepler-10 c,2011
773,0.199,Kepler-84 b,2012
965,0.199,Kepler-165 c,2014
1090,0.199,Kepler-217 b,2014
1139,0.199,Kepler-235 b,2014
1284,0.199,Kepler-292 d,2014
367,0.2,HD 97658 b,2010
745,0.2,Kepler-69 b,2013
944,0.2,Kepler-155 c,2014
948,0.2,Kepler-157 c,2014
1040,0.2,Kepler-196 c,2014
1263,0.2,Kepler-284 b,2014
984,0.201,Kepler-172 d,2014
1235,0.201,Kepler-272 d,2014
1278,0.201,Kepler-290 b,2014
1309,0.201,Kepler-300 c,2014
1410,0.201,Kepler-342 b,2014
941,0.202,Kepler-154 b,2014
960,0.202,Kepler-163 c,2014
1072,0.202,Kepler-209 b,2014
141,0.203,GJ 1214 b,2009
726,0.203,Kepler-60 b,2012
864,0.203,Kepler-121 c,2014
966,0.203,Kepler-166 b,2014
1010,0.203,Kepler-183 c,2014
1119,0.203,Kepler-226 c,2014
1179,0.203,Kepler-250 c,2014
1224,0.203,Kepler-267 d,2014
1296,0.203,Kepler-296 d,2014
1326,0.203,Kepler-306 e,2014
1354,0.204,Kepler-319 d,2014
1493,0.204,Kepler-379 c,2014
854,0.205,Kepler-116 c,2014
945,0.205,Kepler-156 b,2014
1114,0.205,Kepler-224 d,2014
1374,0.205,Kepler-328 b,2013
742,0.206,Kepler-68 b,2012
1164,0.206,Kepler-244 d,2014
964,0.207,Kepler-165 b,2014
1358,0.207,Kepler-321 c,2014
1152,0.208,Kepler-239 b,2014
1156,0.208,Kepler-241 b,2014
1271,0.208,Kepler-287 b,2014
863,0.209,Kepler-121 b,2014
865,0.209,Kepler-122 b,2014
979,0.209,Kepler-171 b,2014
1081,0.209,Kepler-213 c,2014
1168,0.209,Kepler-246 b,2014
1240,0.209,Kepler-275 b,2014
1399,0.209,Kepler-338 c,2014
982,0.21,Kepler-172 b,2014
1088,0.21,Kepler-216 b,2014
1198,0.21,Kepler-256 e,2014
1286,0.21,Kepler-292 f,2014
1324,0.21,Kepler-306 c,2014
764,0.211,Kepler-81 c,2012
771,0.211,Kepler-83 c,2012
774,0.211,Kepler-84 c,2012
838,0.211,Kepler-109 b,2014
844,0.211,Kepler-112 b,2014
874,0.211,Kepler-125 b,2014
884,0.211,Kepler-129 b,2014
1011,0.211,Kepler-184 b,2014
1395,0.211,Kepler-336 d,2014
631,0.212,Kepler-22 b,2011
951,0.212,Kepler-159 b,2014
967,0.212,Kepler-166 c,2014
1025,0.212,Kepler-189 c,2014
938,0.213,Kepler-152 c,2014
1032,0.213,Kepler-193 b,2014
1086,0.213,Kepler-215 d,2014
1148,0.213,Kepler-238 c,2014
635,0.214,Kepler-24 b,2011
845,0.214,Kepler-112 c,2014
1036,0.214,Kepler-194 d,2014
1111,0.214,Kepler-223 e,2014
645,0.215,Kepler-26 e,2014
889,0.215,Kepler-131 b,2014
916,0.215,Kepler-143 b,2014
1413,0.215,Kepler-343 b,2014
763,0.216,Kepler-81 b,2012
712,0.217,Kepler-55 b,2012
925,0.217,Kepler-147 c,2014
987,0.217,Kepler-173 c,2014
1135,0.217,Kepler-233 b,2014
1276,0.217,Kepler-289 b,2014
1398,0.218,Kepler-338 b,2014
963,0.219,Kepler-164 d,2014
1051,0.219,Kepler-201 b,2014
1160,0.219,Kepler-243 b,2014
1259,0.219,Kepler-282 d,2013
1528,0.219,Kepler-397 b,2014
727,0.22,Kepler-60 c,2012
769,0.22,Kepler-82 e,2014
1046,0.22,Kepler-198 c,2014
1056,0.22,Kepler-203 c,2014
1213,0.22,Kepler-263 c,2014
1227,0.22,Kepler-269 b,2014
1325,0.22,Kepler-306 d,2014
1335,0.22,Kepler-310 d,2014
1197,0.221,Kepler-256 d,2014
1220,0.221,Kepler-266 b,2014
612,0.222,Kepler-11 f,2010
1013,0.222,Kepler-184 d,2014
1218,0.222,Kepler-265 d,2014
1412,0.222,Kepler-342 d,2014
829,0.223,Kepler-106 c,2014
878,0.223,Kepler-126 d,2014
1192,0.223,Kepler-254 d,2014
1303,0.223,Kepler-298 d,2014
995,0.224,Kepler-176 d,2014
1153,0.224,Kepler-239 c,2014
1332,0.224,Kepler-309 c,2014
839,0.225,Kepler-109 c,2014
1454,0.225,Kepler-361 c,2014
850,0.226,Kepler-114 d,2013
940,0.226,Kepler-153 c,2014
1058,0.226,Kepler-204 b,2014
1340,0.226,Kepler-313 b,2014
1404,0.226,Kepler-340 b,2014
695,0.227,Kepler-49 c,2012
728,0.227,Kepler-60 d,2012
885,0.227,Kepler-129 c,2014
946,0.227,Kepler-156 c,2014
1225,0.227,Kepler-268 b,2014
1366,0.227,Kepler-325 c,2014
831,0.228,Kepler-106 e,2014
980,0.228,Kepler-171 c,2014
991,0.228,Kepler-175 b,2014
1055,0.229,Kepler-203 b,2014
1157,0.229,Kepler-241 c,2014
1165,0.229,Kepler-245 b,2014
1341,0.229,Kepler-313 c,2014
738,0.23,Kepler-65 c,2012
976,0.23,Kepler-169 f,2014
1007,0.23,Kepler-182 b,2014
755,0.231,Kepler-79 b,2012
1035,0.231,Kepler-194 c,2014
1219,0.231,Kepler-265 e,2014
639,0.232,Kepler-25 b,2011
776,0.232,Kepler-84 e,2014
800,0.232,Kepler-92 c,2013
852,0.232,Kepler-115 c,2014
868,0.232,Kepler-122 e,2014
994,0.232,Kepler-176 c,2014
1082,0.233,Kepler-214 b,2014
1158,0.233,Kepler-242 b,2014
1199,0.233,Kepler-257 b,2014
1264,0.233,Kepler-284 c,2014
1415,0.233,Kepler-344 b,2014
1104,0.235,Kepler-221 e,2014
1217,0.235,Kepler-265 c,2014
1353,0.235,Kepler-319 c,2014
759,0.236,Kepler-80 b,2012
881,0.236,Kepler-127 d,2014
920,0.236,Kepler-145 b,2013
1188,0.236,Kepler-253 c,2014
1305,0.236,Kepler-299 c,2014
1485,0.236,Kepler-375 c,2014
794,0.237,KOI-351 e,2013
880,0.237,Kepler-127 c,2014
1419,0.237,Kepler-346 b,2014
806,0.238,Kepler-96 b,2014
1021,0.238,Kepler-187 c,2014
1212,0.238,Kepler-263 b,2014
1275,0.238,Kepler-288 d,2014
1285,0.238,Kepler-292 e,2014
1444,0.238,Kepler-357 c,2014
971,0.24,Kepler-168 c,2014
660,0.241,Kepler-32 d,2012
1124,0.241,Kepler-228 c,2014
1205,0.241,Kepler-259 c,2014
1279,0.241,Kepler-290 c,2014
1136,0.242,Kepler-233 c,2014
1290,0.242,Kepler-294 c,2014
1322,0.242,Kepler-305 d,2014
1440,0.242,Kepler-355 c,2014
694,0.243,Kepler-49 b,2012
1446,0.243,Kepler-358 b,2014
962,0.244,Kepler-164 c,2014
1030,0.244,Kepler-192 b,2014
1079,0.244,Kepler-212 c,2014
1103,0.244,Kepler-221 d,2014
1504,0.244,Kepler-385 b,2014
627,0.245,Kepler-20 d,2011
1033,0.245,Kepler-193 c,2014
1319,0.245,Kepler-304 d,2014
985,0.246,Kepler-172 e,2014
1162,0.246,Kepler-244 b,2014
756,0.247,Kepler-79 c,2012
1182,0.247,Kepler-251 c,2014
1183,0.247,Kepler-251 d,2014
1184,0.247,Kepler-251 e,2014
638,0.248,Kepler-24 e,2014
721,0.248,Kepler-58 b,2012
760,0.249,Kepler-80 c,2012
933,0.249,Kepler-150 d,2014
937,0.249,Kepler-152 b,2014
1031,0.249,Kepler-192 c,2014
1367,0.249,Kepler-325 d,2014
636,0.25,Kepler-24 c,2011
740,0.25,Kepler-66 b,2013
1204,0.25,Kepler-259 b,2014
1245,0.25,Kepler-276 d,2013
1328,0.25,Kepler-307 c,2013
1429,0.25,Kepler-350 d,2013
1096,0.251,Kepler-219 d,2014
770,0.252,Kepler-83 b,2012
1045,0.252,Kepler-198 b,2014
1215,0.252,Kepler-264 c,2014
1255,0.252,Kepler-281 b,2014
895,0.253,Kepler-133 c,2014
1555,0.253,Kepler-410 A b,2013
1052,0.254,Kepler-201 c,2014
1274,0.254,Kepler-288 c,2014
1447,0.254,Kepler-358 c,2014
722,0.255,Kepler-58 c,2012
914,0.255,Kepler-142 c,2014
978,0.255,Kepler-170 c,2014
983,0.255,Kepler-172 c,2014
1317,0.255,Kepler-304 b,2014
609,0.256,Kepler-11 c,2010
793,0.256,KOI-351 d,2013
1243,0.256,Kepler-276 b,2014
1299,0.256,Kepler-297 b,2014
795,0.257,KOI-351 f,2013
999,0.257,Kepler-178 c,2014
706,0.258,Kepler-53 b,2012
651,0.259,Kepler-29 c,2011
887,0.259,Kepler-130 c,2013
996,0.259,Kepler-177 b,2013
998,0.259,Kepler-178 b,2014
1244,0.259,Kepler-276 c,2013
1343,0.259,Kepler-314 c,2014
1365,0.26,Kepler-325 b,2014
939,0.261,Kepler-153 b,2014
1102,0.261,Kepler-221 c,2014
1246,0.261,Kepler-277 b,2013
723,0.262,Kepler-58 d,2014
741,0.262,Kepler-67 b,2013
869,0.262,Kepler-123 b,2014
907,0.262,Kepler-139 b,2014
1074,0.262,Kepler-210 b,2014
942,0.263,Kepler-154 c,2014
1094,0.263,Kepler-219 b,2014
1416,0.263,Kepler-344 c,2014
1110,0.266,Kepler-223 d,2014
1194,0.267,Kepler-255 c,2014
1400,0.268,Kepler-338 d,2014
1004,0.269,Kepler-180 c,2014
1173,0.269,Kepler-248 b,2014
688,0.27,Kepler-47 b,2012
958,0.27,Kepler-162 c,2014
1167,0.27,Kepler-245 d,2014
1089,0.271,Kepler-216 c,2014
1122,0.271,Kepler-227 c,2014
1505,0.271,Kepler-385 c,2014
935,0.273,Kepler-151 b,2014
1430,0.273,Kepler-351 b,2014
626,0.274,Kepler-20 c,2011
1149,0.274,Kepler-238 d,2014
1287,0.274,Kepler-293 b,2014
1392,0.274,Kepler-335 c,2014
1420,0.274,Kepler-346 c,2014
1133,0.275,Kepler-232 b,2014
823,0.277,Kepler-104 b,2014
992,0.277,Kepler-175 c,2014
1047,0.277,Kepler-199 b,2014
1073,0.277,Kepler-209 c,2014
1121,0.277,Kepler-227 b,2014
1252,0.277,Kepler-279 d,2013
1260,0.277,Kepler-282 e,2013
1428,0.277,Kepler-350 c,2013
610,0.278,Kepler-11 d,2010
934,0.278,Kepler-150 e,2014
1113,0.278,Kepler-224 c,2014
824,0.279,Kepler-104 c,2014
923,0.279,Kepler-146 c,2014
691,0.28,Kepler-48 c,2012
1093,0.28,Kepler-218 c,2014
1339,0.281,Kepler-312 c,2014
1364,0.281,Kepler-324 c,2014
1105,0.282,Kepler-222 b,2014
707,0.283,Kepler-53 c,2012
1189,0.283,Kepler-253 d,2014
633,0.285,Kepler-23 c,2011
664,0.285,Kepler-33 c,2011
977,0.285,Kepler-170 b,2014
1023,0.285,Kepler-188 c,2014
1327,0.285,Kepler-307 b,2013
1431,0.285,Kepler-351 c,2014
1516,0.285,Kepler-391 b,2014
1048,0.29,Kepler-199 c,2014
1272,0.291,Kepler-287 c,2014
1468,0.291,Kepler-368 b,2014
1321,0.294,Kepler-305 c,2013
1067,0.295,Kepler-207 d,2014
613,0.297,Kepler-11 g,2010
1214,0.297,Kepler-264 b,2014
1242,0.297,Kepler-275 d,2014
758,0.3,Kepler-79 e,2014
1247,0.3,Kepler-277 c,2013
821,0.301,Kepler-103 b,2014
917,0.301,Kepler-143 c,2014
1405,0.301,Kepler-340 c,2014
908,0.302,Kepler-139 c,2014
1226,0.302,Kepler-268 c,2014
1241,0.302,Kepler-275 c,2014
1334,0.302,Kepler-310 c,2014
1391,0.302,Kepler-335 b,2014
649,0.303,Kepler-28 c,2011
952,0.304,Kepler-159 c,2014
805,0.305,Kepler-95 b,2014
853,0.305,Kepler-116 b,2014
1008,0.306,Kepler-182 c,2014
1445,0.306,Kepler-357 d,2014
835,0.308,Kepler-107 e,2014
1526,0.312,Kepler-396 b,2013
799,0.313,Kepler-92 b,2013
803,0.313,Kepler-94 b,2014
1138,0.313,Kepler-234 c,2014
1448,0.315,Kepler-359 b,2014
1517,0.316,Kepler-391 c,2014
825,0.319,Kepler-104 d,2014
1095,0.319,Kepler-219 c,2014
1249,0.32,Kepler-278 c,2014
642,0.321,Kepler-26 b,2011
643,0.321,Kepler-26 c,2011
648,0.321,Kepler-28 b,2011
650,0.321,Kepler-29 b,2011
859,0.321,Kepler-119 b,2014
927,0.321,Kepler-148 c,2014
1320,0.321,Kepler-305 b,2013
954,0.322,Kepler-160 c,2014
1203,0.322,Kepler-258 c,2014
1075,0.323,Kepler-210 c,2014
1250,0.323,Kepler-279 b,2014
671,0.328,Kepler-36 c,2012
1351,0.328,Kepler-318 c,2014
932,0.329,Kepler-150 c,2014
1107,0.329,Kepler-222 d,2014
1137,0.33,Kepler-234 b,2014
922,0.331,Kepler-146 b,2014
1344,0.336,Kepler-315 b,2014
785,0.337,KOI-142 b,2013
1134,0.342,Kepler-232 c,2014
1288,0.342,Kepler-293 c,2014
1128,0.343,Kepler-229 d,2014
1190,0.345,Kepler-254 b,2014
1469,0.346,Kepler-368 c,2014
1221,0.347,Kepler-266 c,2014
652,0.348,Kepler-30 b,2012
1000,0.352,Kepler-178 d,2014
1172,0.352,Kepler-247 d,2014
930,0.353,Kepler-149 d,2014
598,0.357,Kepler-4 b,2009
646,0.357,Kepler-27 b,2011
766,0.357,Kepler-82 b,2012
1450,0.358,Kepler-359 d,2014
666,0.359,Kepler-33 e,2011
1125,0.36,Kepler-228 d,2014
1202,0.362,Kepler-258 b,2014
1313,0.362,Kepler-302 b,2014
1174,0.363,Kepler-248 c,2014
1248,0.363,Kepler-278 b,2014
1171,0.365,Kepler-247 c,2014
143,0.37,GJ 3470 b,2012
1345,0.37,Kepler-315 c,2014
611,0.374,Kepler-11 e,2010
928,0.376,Kepler-149 b,2014
118,0.377,GJ 436 b,2004
1129,0.38,Kepler-230 b,2014
675,0.384,Kepler-38 b,2012
1251,0.384,Kepler-279 c,2013
1449,0.384,Kepler-359 c,2014
788,0.385,KOI-94 c,2013
921,0.385,Kepler-145 c,2013
1558,0.388,Kepler-413 b,2014
667,0.398,Kepler-33 f,2011
640,0.401,Kepler-25 c,2011
657,0.407,Kepler-31 d,2014
689,0.411,Kepler-47 c,2012
1106,0.414,Kepler-222 c,2014
1548,0.416,Kepler-405 c,2014
1350,0.42,Kepler-318 b,2014
597,0.422,HAT-P-11 b,2008
826,0.429,Kepler-105 b,2013
647,0.437,Kepler-27 c,2011
1127,0.439,Kepler-229 c,2014
1201,0.442,Kepler-257 d,2014
822,0.459,Kepler-103 c,2014
656,0.473,Kepler-31 c,2011
1527,0.473,Kepler-396 c,2013
1256,0.474,Kepler-281 c,2014
665,0.477,Kepler-33 d,2011
767,0.477,Kepler-82 c,2012
1375,0.482,Kepler-328 c,2013
1200,0.483,Kepler-257 c,2014
621,0.49,Kepler-18 c,2011
655,0.491,Kepler-31 b,2011
1150,0.5,Kepler-238 e,2013
814,0.524,Kepler-101 b,2014
866,0.524,Kepler-122 c,2014
735,0.545,Kepler-63 b,2013
784,0.548,Kepler-87 c,2013
736,0.551,PH1 b,2012
1529,0.551,Kepler-397 c,2014
170,0.565,HAT-P-26 b,2010
95,0.57,CoRoT-8 b,2010
717,0.581,Kepler-56 b,2012
1300,0.583,Kepler-297 c,2014
790,0.585,KOI-94 e,2013
622,0.623,Kepler-18 d,2011
700,0.633,Kepler-51 b,2012
997,0.633,Kepler-177 c,2013
843,0.651,Kepler-111 c,2014
757,0.677,Kepler-79 d,2014
858,0.685,Kepler-118 c,2014
855,0.697,Kepler-117 b,2014
796,0.723,KOI-351 g,2013
669,0.728,Kepler-35 b,2011
837,0.73,Kepler-108 c,2014
618,0.754,Kepler-16 b,2011
668,0.764,Kepler-34 b,2011
836,0.772,Kepler-108 b,2014
1668,0.775,WASP-59 b,2012
654,0.785,Kepler-30 d,2012
1642,0.792,WASP-29 b,2010
701,0.803,Kepler-51 c,2012
685,0.808,Kepler-46 b,2012
1609,0.81,SWEEPS-4 b,2006
446,0.813,HD 149026 b,2005
604,0.823,Kepler-9 c,2010
182,0.825,HAT-P-38 b,2012
148,0.827,HAT-P-3 b,2007
106,0.84,CoRoT-20 b,2011
603,0.842,Kepler-9 b,2010
1669,0.86,WASP-60 b,2012
702,0.865,KOI-620.02,2014
164,0.867,HAT-P-20 b,2010
718,0.874,Kepler-56 c,2012
100,0.885,CoRoT-13 b,2010
678,0.89,Kepler-41 b,2011
1559,0.89,Lupus-TR-3 b,2007
782,0.903,PH2 b,2013
1666,0.916,WASP-57 b,2012
71,0.92,2MASS J21402931+1625183 A b,2009
1654,0.93,WASP-43 b,2011
1688,0.934,WISEP J121756.91+162640.2 A b,2012
1596,0.941,POTS-1 b,2013
1683,0.952,WASP-80 b,2012
154,0.959,HAT-P-12 b,2009
617,0.96,Kepler-15 b,2011
684,0.96,Kepler-45 b,2011
753,0.96,Kepler-77 b,2013
1638,0.962,WASP-23 b,2010
97,0.97,CoRoT-10 b,2010
343,0.98,HD 80606 b,2001
162,0.995,HAT-P-18 b,2010
1690,0.996,XO-2 b,2007
789,1.005,KOI-94 d,2013
1627,1.005,WASP-11 b,2008
108,1.007,CoRoT-27 b,2014
797,1.008,KOI-351 h,2013
856,1.008,Kepler-117 c,2014
1632,1.008,WASP-16 b,2009
89,1.01,CoRoT-3 b,2008
160,1.01,HAT-P-17 b,2010
103,1.02,CoRoT-17 b,2011
171,1.02,HAT-P-27 b,2011
165,1.024,HAT-P-21 b,2010
751,1.03,Kepler-75 b,2013
1624,1.038,WASP-8 b,2010
96,1.05,CoRoT-9 b,2009
107,1.05,CoRoT-23 b,2011
36,1.051,HN Peg b,2006
1590,1.051,OGLE-TR-111 b,2004
1611,1.067,TrES-1 b,2004
175,1.07,HAT-P-31 b,2011
1636,1.07,WASP-21 b,2010
158,1.072,HAT-P-15 b,2010
166,1.08,HAT-P-22 b,2010
1626,1.08,WASP-10 b,2008
1653,1.08,WASP-42 b,2012
248,1.087,HD 17156 b,2007
101,1.09,CoRoT-14 b,2010
1665,1.092,WASP-56 b,2012
1591,1.093,OGLE-TR-113 b,2004
1650,1.094,WASP-38 b,2010
653,1.097,Kepler-30 c,2012
173,1.107,HAT-P-29 b,2011
1693,1.109,XO-5 b,2008
591,1.11,KELT-1 b,2012
749,1.11,KOI-217 b,2010
1314,1.111,Kepler-302 c,2014
1674,1.112,WASP-65 b,2013
1660,1.115,WASP-49 b,2012
1618,1.117,WASP-2 b,2007
1593,1.13,OGLE-TR-182 b,2007
1610,1.13,SWEEPS-11 b,2006
163,1.132,HAT-P-19 b,2010
616,1.136,Kepler-14 b,2011
1655,1.14,WASP-44 b,2011
1605,1.144,Qatar-2 b,2011
157,1.15,HAT-P-14 b,2010
1658,1.15,WASP-47 b,2012
508,1.151,HD 189733 b,2005
1661,1.153,WASP-50 b,2011
147,1.157,HAT-P-2 b,2007
1637,1.158,WASP-22 b,2010
1649,1.16,WASP-37 b,2010
1656,1.16,WASP-45 b,2011
1277,1.163,Kepler-289 c,2014
1604,1.164,Qatar-1 b,2010
1634,1.165,WASP-18 b,2009
92,1.166,CoRoT-6 b,2009
1621,1.167,WASP-5 b,2008
190,1.168,HATS-2 b,2013
102,1.17,CoRoT-16 b,2011
677,1.17,Kepler-40 b,2010
181,1.178,HAT-P-37 b,2011
1644,1.18,WASP-32 b,2010
90,1.19,CoRoT-4 b,2008
169,1.19,HAT-P-25 b,2010
594,1.193,KELT-6 b,2014
178,1.197,HAT-P-34 b,2011
66,1.2,Fomalhaut b,2008
587,1.2,HR 8799 b,2008
588,1.2,HR 8799 c,2008
589,1.2,HR 8799 d,2008
682,1.2,Kepler-43 b,2011
1592,1.2,OGLE-TR-132 b,2004
1652,1.2,WASP-41 b,2010
783,1.204,Kepler-87 b,2013
1614,1.209,TrES-5 b,2011
1680,1.21,WASP-77 A b,2012
1689,1.21,XO-1 b,2006
172,1.212,HAT-P-28 b,2011
1691,1.217,XO-3 b,2007
579,1.22,HIP 63510 c,2010
676,1.22,Kepler-39 b,2011
1640,1.22,WASP-25 b,2010
1646,1.22,WASP-34 b,2010
1622,1.224,WASP-6 b,2009
146,1.225,HAT-P-1 b,2006
683,1.24,Kepler-44 b,2011
1670,1.24,WASP-61 b,2012
168,1.242,HAT-P-24 b,2010
752,1.25,Kepler-76 b,2013
1588,1.25,OGLE-TR-10 b,2004
150,1.26,HAT-P-5 b,2007
180,1.264,HAT-P-36 b,2011
1651,1.27,WASP-39 b,2011
1662,1.27,WASP-52 b,2012
1678,1.27,WASP-72 b,2012
1679,1.27,WASP-75 b,2013
155,1.271,HAT-P-13 b,2009
1673,1.271,WASP-64 b,2012
595,1.272,TrES-2 b,2006
149,1.274,HAT-P-4 b,2007
186,1.28,HAT-P-42 b,2012
187,1.281,HAT-P-43 b,2012
1630,1.281,WASP-14 b,2008
1641,1.281,WASP-26 b,2010
1648,1.281,WASP-36 b,2011
592,1.286,KELT-2 A b,2012
159,1.289,HAT-P-16 b,2010
105,1.29,CoRoT-19 b,2011
1619,1.29,WASP-3 b,2007
1639,1.3,WASP-24 b,2010
1664,1.3,WASP-55 b,2012
189,1.302,HATS-1 b,2012
104,1.31,CoRoT-18 b,2011
619,1.31,Kepler-17 b,2011
1657,1.31,WASP-46 b,2011
750,1.32,Kepler-74 b,2013
1647,1.32,WASP-35 b,2011
600,1.323,Kepler-6 b,2009
1557,1.325,Kepler-412 b,2014
151,1.33,HAT-P-6 b,2007
1623,1.33,WASP-7 b,2008
1692,1.33,XO-4 b,2008
179,1.332,HAT-P-35 b,2011
1612,1.336,TrES-3 b,2007
174,1.34,HAT-P-30 b,2011
596,1.342,HAT-P-7 b,2008
593,1.345,KELT-3 b,2013
1594,1.36,OGLE-TR-211 b,2007
1589,1.363,OGLE-TR-056 b,2002
1687,1.363,WTS-2 b,2014
167,1.368,HAT-P-23 b,2010
1667,1.37,WASP-58 b,2012
537,1.38,HD 209458 b,1999
191,1.381,HATS-3 b,2013
798,1.384,Kepler-91 b,2013
1635,1.386,WASP-19 b,2009
91,1.388,CoRoT-5 b,2009
1629,1.389,WASP-13 b,2009
1671,1.39,WASP-62 b,2012
1675,1.39,WASP-66 b,2012
153,1.4,HAT-P-9 b,2008
1676,1.4,WASP-67 b,2012
188,1.413,HAT-P-49 b,2014
1620,1.413,WASP-4 b,2007
602,1.419,Kepler-8 b,2010
1631,1.428,WASP-15 b,2009
98,1.43,CoRoT-11 b,2010
1672,1.43,WASP-63 b,2012
599,1.431,Kepler-5 b,2009
99,1.44,CoRoT-12 b,2010
1677,1.46,WASP-71 b,2012
88,1.466,CoRoT-2 b,2008
601,1.478,Kepler-7 b,2009
1617,1.483,WASP-1 b,2007
87,1.49,CoRoT-1 b,2008
1686,1.49,WTS-1 b,2012
1645,1.497,WASP-33 b,2010
152,1.5,HAT-P-8 b,2008
1684,1.528,WASP-103 b,2014
1643,1.549,WASP-31 b,2010
183,1.571,HAT-P-39 b,2012
1587,1.61,OGLE2-TR-L9 b,2008
1663,1.653,WASP-54 b,2012
67,1.664,1RXS J160929.1-210524 b,2008
1659,1.67,WASP-48 b,2011
185,1.685,HAT-P-41 b,2012
177,1.686,HAT-P-33 b,2011
614,1.695,Kepler-12 b,2011
1681,1.7,WASP-78 b,2012
184,1.73,HAT-P-40 b,2012
1633,1.74,WASP-17 b,2009
176,1.789,HAT-P-32 b,2011
1628,1.79,WASP-12 b,2008
1613,1.799,TrES-4 b,2007
615,1.83,KOI-13 b,2011
1682,2.09,WASP-79 b,2012
31,2.2,CT Cha b,2007
35,3,GQ Lup b,2004
