1,NaN,7.1,77.4,2006
2,NaN,2.21,56.95,2008
3,NaN,2.6,19.84,2011
4,NaN,19.4,110.62,2007
5,NaN,10.5,119.47,2009
6,NaN,4.8,76.39,2008
7,NaN,4.64,18.15,2002
8,1.68,NaN,21.41,1996
9,NaN,10.3,73.1,2008
10,NaN,1.99,74.79,2010
11,NaN,0.86,74.79,2010
12,NaN,9.88,39.43,2009
13,NaN,3.88,97.28,2008
14,NaN,2.53,14.08,1996
15,NaN,0.54,14.08,2001
16,NaN,1.64,14.08,2009
17,NaN,0.472,15.36,1995
18,NaN,0.8,12.53,1996
19,NaN,0.165,12.53,2004
20,NaN,3.53,12.53,2002
21,0.027,NaN,12.53,2011
22,NaN,0.172,12.53,2007
23,NaN,0.016,8.52,2009
24,NaN,0.057,8.52,2009
25,NaN,0.072,8.52,2009
26,7.49,NaN,18.11,1996
27,3,NaN,81.5,2012
28,NaN,5.3,97.18,2008
29,NaN,3.2,45.52,2013
30,13.5,NaN,45.52,2005
31,17,NaN,165,2007
32,11,NaN,140,2004
33,NaN,6.05,NaN,2009
34,15.711,NaN,NaN,2008
35,20,NaN,139,2004
36,21.9987,NaN,18.39,2006
37,7.33,NaN,500,2010
38,2.3,NaN,500,2010
39,2.3,NaN,NaN,2011
40,6.3,NaN,NaN,2011
41,7.7,NaN,NaN,2011
42,NaN,4.2,NaN,2012
43,NaN,1.8,20.21,2010
44,NaN,0.0036,1.35,2012
45,8,NaN,19.28,2008
46,NaN,1.55,3.22,2000
47,6.7,NaN,70.42,2012
48,NaN,7.6,47.53,2006
49,NaN,8.78,38.52,2009
50,NaN,1.85,13.79,2003
51,1.6,NaN,31.12,2007
52,13.616,NaN,52.03,2012
53,NaN,2.8,62.66,2007
54,24,NaN,46.84,2012
55,27,NaN,46.84,2012
56,NaN,1.7,80.64,2013
57,1.5,NaN,84.03,2012
58,4.1,NaN,56.31,2012
59,NaN,1.04,17.43,1997
60,5.95,NaN,15.6,1996
61,NaN,20.6,92.51,2013
62,NaN,0.6876,13.47,1996
63,NaN,1.981,13.47,1999
64,NaN,4.132,13.47,1999
65,NaN,1.059,13.47,2010
66,2.6,NaN,7.69,2008
67,8,NaN,145,2008
68,24.5,NaN,36,2013
69,7.5,NaN,140,2010
70,4,NaN,52.4,2004
71,20.95,NaN,25,2009
72,NaN,5.1,37.54,2008
73,NaN,10.6,NaN,2007
74,0.458,NaN,80,2000
75,NaN,0.045,42.09,2009
76,NaN,0.33,42.09,2009
77,NaN,0.027,20.1,2013
78,NaN,0.17,20.1,2013
79,NaN,1.47,50.03,2009
80,NaN,1.11,175.44,2013
81,NaN,21.42,NaN,2009
82,NaN,12.47,NaN,2009
83,4.2,NaN,NaN,2012
84,NaN,0.91,NaN,2011
85,10.5,NaN,23.1,2011
86,12.569,NaN,NaN,2006
87,1.03,NaN,NaN,2008
88,3.47,NaN,200,2008
89,21.66,NaN,680,2008
90,0.72,NaN,NaN,2008
91,0.467,NaN,NaN,2009
92,2.96,NaN,NaN,2009
93,0.015,NaN,150,2009
94,0.026,NaN,150,2009
95,0.22,NaN,380,2010
96,0.84,NaN,460,2009
97,2.75,NaN,345,2010
98,2.33,NaN,560,2010
99,0.917,NaN,1150,2010
100,1.308,NaN,1060,2010
101,7.6,NaN,1340,2010
102,0.535,NaN,840,2011
103,2.43,NaN,920,2011
104,3.47,NaN,870,2011
105,1.11,NaN,770,2011
106,4.24,NaN,1230,2011
107,2.8,NaN,600,2011
108,10.39,NaN,NaN,2014
109,28.5,NaN,20.77,2013
110,NaN,3.91,10.91,1999
111,NaN,0.035,14.97,2013
112,NaN,0.024,14.97,2013
113,NaN,0.079,14.97,2013
114,NaN,0.82,12.12,2009
115,2.5,1.894,15.1,2007
116,NaN,2.3,20.03,2013
117,NaN,0.018,9.04,2011
118,0.0729,NaN,10.23,2004
119,4,NaN,17.95,2013
120,NaN,0.049,6.27,2005
121,NaN,0.017,6.27,2005
122,NaN,0.022,6.27,2005
123,NaN,0.006,6.27,2005
124,NaN,0.328,10.32,2009
125,NaN,0.018,6.8,2011
126,NaN,0.012,6.8,2011
127,NaN,0.016,6.8,2013
128,NaN,0.008,6.8,2013
129,NaN,0.008,6.8,2013
130,NaN,0.014,6.8,2013
131,NaN,0.035,4.54,2007
132,NaN,4.95,16.13,2010
133,NaN,0.014,16.13,2012
134,NaN,0.036,16.13,2012
135,NaN,0.64,4.94,2008
136,NaN,0.91,8.77,2006
137,2.2756,NaN,4.7,1998
138,0.7142,NaN,4.7,2000
139,0.021,NaN,4.7,2005
140,0.046,NaN,4.7,2010
141,0.02,NaN,NaN,2009
142,NaN,3.37,17.62,2000
143,0.044,NaN,25.2,2012
144,8.4,0.022,19.8,2010
145,13.5,NaN,145,2010
146,0.524,NaN,139,2006
147,9.09,NaN,135.32,2007
148,0.591,NaN,138,2007
149,0.671,NaN,314,2007
150,1.06,NaN,342,2007
151,1.057,NaN,261,2007
152,1.52,NaN,230,2008
153,0.78,NaN,480,2008
154,0.211,NaN,142.5,2009
155,0.853,NaN,214,2009
156,NaN,15.2,214,2009
157,2.232,NaN,205,2010
158,1.946,NaN,190,2010
159,4.193,NaN,235,2010
160,0.534,NaN,90,2010
161,NaN,3.4,90,2010
162,0.197,NaN,166,2010
163,0.292,NaN,215,2010
164,7.246,NaN,70,2010
165,4.063,NaN,254,2010
166,2.147,NaN,82,2010
167,2.09,NaN,393,2010
168,0.685,NaN,396,2010
169,0.567,NaN,297,2010
170,0.059,NaN,134,2010
171,0.62,NaN,204,2011
172,0.626,NaN,395,2011
173,0.778,NaN,322,2011
174,0.711,NaN,193,2011
175,2.171,NaN,354,2011
176,0.86,NaN,283,2011
177,0.762,NaN,387,2011
178,3.328,NaN,257,2011
179,1.054,NaN,535,2011
180,1.832,NaN,317,2011
181,1.169,NaN,411,2011
182,0.267,NaN,249,2012
183,0.599,NaN,642,2012
184,0.615,NaN,501,2012
185,0.8,NaN,344,2012
186,1.044,NaN,447,2012
187,0.662,NaN,542,2012
188,1.73,NaN,322,2014
189,1.855,NaN,303,2012
190,1.345,NaN,360,2013
191,1.071,NaN,453,2013
192,NaN,1.25,25.64,2001
193,NaN,5.3,25.64,2012
194,NaN,0.024,23.44,2009
195,NaN,3.1,167.5,2011
196,NaN,6.1,7.01,2010
197,NaN,4.9,89.85,2002
198,NaN,0.48,53.71,2005
199,NaN,1.6,115.21,2013
200,NaN,0.229,11.11,2003
201,NaN,1.56,44.05,2007
202,NaN,0.8,32.7,2001
203,NaN,0.0405,21.85,2005
204,NaN,1.82,77.82,2001
205,NaN,2.17,77.82,2014
206,NaN,2.3,131.41,2009
207,NaN,2.37,56.5,2012
208,NaN,2.37,56.5,2012
209,NaN,1.94,100,2007
210,NaN,1.96,53.28,2009
211,1.4,NaN,58.17,2012
212,NaN,7.6,150.6,2011
213,NaN,0.39,40.32,2003
214,NaN,1.65,55.01,2009
215,NaN,0.29,35.88,2011
216,NaN,1.11,38.52,2011
217,NaN,2,38.52,2011
218,NaN,0.029,16.82,2008
219,NaN,0.63,56.34,2010
220,NaN,1.8,44.15,2002
221,NaN,14.2,38.26,2009
222,NaN,0.7,52.85,2009
223,NaN,1.82,52.85,2009
224,NaN,0.041,39.39,2010
225,NaN,0.038,39.39,2010
226,NaN,0.08,39.39,2010
227,NaN,0.074,39.39,2010
228,NaN,0.067,39.39,2010
229,NaN,0.205,39.39,2010
230,NaN,0.94,17.35,2006
231,NaN,6.21,32.56,1999
232,NaN,3.44,53.82,2007
233,NaN,0.82,53.82,2008
234,NaN,6.54,66.49,2005
235,NaN,0.622,33.98,2005
236,NaN,0.0788,33.98,2008
237,NaN,2.3,37.16,2000
238,NaN,1.92,37.16,2002
239,NaN,14,300.3,2005
240,NaN,0.865,66.89,2013
241,NaN,5.13,66.89,2013
242,NaN,1.88,45.52,2009
243,NaN,0.26,35.91,2000
244,NaN,0.0696,25.54,2008
245,NaN,4.4,59.84,2009
246,NaN,14.3,50.18,2009
247,NaN,4.6,NaN,2007
248,3.191,NaN,78.25,2007
249,NaN,2.7,127.88,2011
250,NaN,1.37,22.38,2003
251,NaN,0.0085,6.06,2011
252,NaN,0.00755,6.06,2011
253,NaN,0.0151,6.06,2011
254,NaN,1.9,36.02,2006
255,NaN,1.99,44.5,2008
256,NaN,1.5,89.13,2006
257,NaN,2.61,34.6,2001
258,NaN,13.65,31.79,2011
259,NaN,7.71,51.97,2003
260,NaN,4.01,46.51,2006
261,NaN,0.95,56.05,2010
262,NaN,1.28,18.24,2000
263,NaN,1.45,44.54,2012
264,NaN,0.62,42.37,2005
265,NaN,1.16,56.18,2010
266,NaN,5.59,39.56,2001
267,NaN,1.7,168.92,2011
268,NaN,9.17,54.71,2002
269,NaN,1.373,26.5,2009
270,NaN,1.8,121.07,2011
271,NaN,0.5,53.82,2010
272,NaN,3.04,117.37,2009
273,NaN,1.3,136.8,2011
274,NaN,0.33,86.88,2006
275,NaN,9.1,20.98,2005
276,NaN,0.79,45.01,2009
277,NaN,0.61,33.24,2002
278,NaN,0.683,33.24,2002
279,NaN,0.624,33.24,2005
280,NaN,2.3,42.88,2004
281,NaN,3.366,42.88,2012
282,0.34,NaN,37.78,2010
283,NaN,0.839,42.43,2000
284,NaN,13.38,42.43,2000
285,NaN,10.7,99.4,2009
286,NaN,10.35,18.21,2001
287,NaN,0.0126,12.83,2008
288,NaN,0.0208,12.83,2008
289,NaN,0.0299,12.83,2008
290,NaN,0.011,12.83,2012
291,NaN,0.0164,12.83,2012
292,NaN,0.0223,12.83,2012
293,NaN,4.01,33.33,2002
294,NaN,2.54,43.03,2004
295,NaN,18.37,43.03,2003
296,NaN,0.039,52.03,2013
297,NaN,0.027,52.03,2013
298,NaN,0.6,54.94,2010
299,NaN,25,37.05,2008
300,NaN,2.49,93.2,2007
301,NaN,0.58,50.43,2010
302,NaN,0.1872,32.58,2008
303,NaN,0.6579,32.58,2008
304,NaN,1.79,48.95,2004
305,NaN,0.47,36.14,2008
306,NaN,0.249,33.41,2000
307,NaN,0.07167,37.84,2008
308,NaN,0.35061,37.84,2008
309,NaN,5,121.36,2002
310,NaN,1.16,87.41,2008
311,NaN,0.115,40.73,2002
312,NaN,1.71,47.26,2005
313,NaN,4.9,31.03,2002
314,NaN,1.13,28.07,2000
315,NaN,1.03,25.7,2008
316,NaN,2.46,25.7,2008
317,NaN,0.38,35.8,2005
318,NaN,2.9,10.34,2006
319,NaN,0.64,32.62,2009
320,NaN,1.26,35.59,2003
321,NaN,0.17,35.59,2011
322,NaN,6,80.06,2012
323,NaN,2.82,55.04,2005
324,NaN,1.9,58.82,2001
325,NaN,0.033,12.58,2006
326,NaN,0.038,12.58,2006
327,NaN,0.058,12.58,2006
328,NaN,6.1,NaN,2007
329,NaN,2,28.76,2003
330,NaN,3.15,51.36,2002
331,NaN,3.06,53.05,2008
332,NaN,1.87,36.52,2003
333,NaN,2.25,94.61,2002
334,NaN,2.25,94.61,2005
335,NaN,1.15,96.99,2008
336,NaN,1.8,64.56,2003
337,NaN,8.06,64.56,2003
338,NaN,0.42,28.94,1999
339,NaN,2.51,80.58,2007
340,NaN,0.197,59.7,2002
341,0.05,NaN,41.27,2012
342,NaN,1.34,48.64,2011
343,3.94,NaN,29.04,2001
344,NaN,6.86,32.56,2005
345,NaN,2.7,88.26,2007
346,1.681,NaN,27.46,2003
347,1.959,NaN,27.46,2003
348,NaN,1.3,112.23,2011
349,NaN,0.398,43.53,2002
350,NaN,0.132,33.96,2009
351,NaN,0.01133,11.15,2011
352,NaN,1.5,91.16,2006
353,NaN,0.92,42.48,2009
354,NaN,7,72.57,2009
355,NaN,1.78,18.06,2009
356,NaN,0.22,74.46,2004
357,NaN,1.78,30.88,2009
358,NaN,8.44,38.99,1999
359,NaN,0.057,22.09,2009
360,NaN,3.86,32.32,2000
361,NaN,0.37,28.9,2005
362,5,NaN,91.57,2013
363,NaN,1.2,149.03,2009
364,NaN,0.9,132.8,2011
365,NaN,0.68,84.03,2009
366,NaN,4,221.24,2011
367,0.024,NaN,21.3,2010
368,NaN,1.8,150.38,2011
369,NaN,6.8,42.77,2012
370,NaN,0.502,60.46,2005
371,NaN,0.087,17.99,2004
372,NaN,0.36,17.99,2010
373,NaN,1.4,130.89,2011
374,NaN,1.7,140.85,2011
375,NaN,1.16,52.8,2007
376,NaN,0.3,30.5,2005
377,NaN,0.172,42,2005
378,NaN,0.45,28.98,2006
379,NaN,5.9,164.2,2008
380,NaN,0.05,9.24,2010
381,NaN,5.9,138.5,2011
382,NaN,0.96,121.07,2010
383,NaN,0.098,49.33,2009
384,NaN,0.367,53.08,2013
385,NaN,0.186,20.82,2009
386,NaN,8.3,102.04,2003
387,NaN,6.92,37.44,2002
388,NaN,11,87.87,2011
389,NaN,9.61,36.36,2012
390,11,NaN,91.83,2013
391,NaN,0.21,51.26,2005
392,NaN,0.261,38.56,2002
393,NaN,2.6,138.5,2011
394,NaN,1.29,68.54,2002
395,NaN,0.99,68.54,2005
396,NaN,0.77,65.62,2010
397,NaN,0.054,56.92,2013
398,NaN,0.076,56.92,2013
399,NaN,0.28,59.03,2005
400,NaN,11.09,97.66,2009
401,NaN,6.84,28.88,2003
402,NaN,2.83,37.42,2013
403,NaN,0.27,15.71,2010
404,NaN,0.71,15.71,2010
405,NaN,1.24,28.04,2003
406,NaN,0.48,20.48,2014
407,NaN,11.68,40.57,1989
408,NaN,1.1,20.43,2001
409,NaN,0.95,35,2002
410,NaN,2.1,110.62,2011
411,NaN,1.88,33.01,2004
412,NaN,0.178,38.02,2004
413,NaN,2.13,88.57,2005
414,NaN,4.5,97.66,2013
415,NaN,1.22,44.37,2003
416,NaN,3,52.83,2007
417,NaN,0.058,52.83,2009
418,NaN,7.2,52.83,2009
419,NaN,0.041,27.45,2009
420,NaN,0.38,68.35,2009
421,NaN,1.45,16.57,2002
422,NaN,3.24,16.57,2005
423,NaN,1.6,67.61,2009
424,NaN,1.04,29.76,1999
425,NaN,2.2,121.36,2011
426,NaN,5.61,70.97,2007
427,NaN,1.49,98.52,2011
428,NaN,18.15,57.21,2008
429,NaN,1.59,25.65,1999
430,NaN,0.82,25.65,2009
431,NaN,2,106.38,2009
432,NaN,9.76,121.36,2008
433,NaN,0.223,38.45,2011
434,NaN,9.7,33.46,2002
435,NaN,1.9,106.38,2011
436,NaN,1.62,34.57,2003
437,NaN,3.12,59.35,2008
438,NaN,2.9,126.1,2010
439,NaN,5.1,35.87,2005
440,NaN,5.76,55.19,2008
441,NaN,2.12,42.68,2009
442,NaN,6.56,42.68,2009
443,NaN,1.21,12.87,2003
444,NaN,0.85,53.05,2009
445,NaN,0.96,59.28,2009
446,0.368,NaN,78.86,2005
447,NaN,1.33,63.49,2005
448,NaN,3,85.18,2009
449,NaN,1.5,182.82,2011
450,NaN,2.73,51.87,2008
451,NaN,0.947,18.06,2006
452,NaN,5.02,65.79,2008
453,NaN,2.24,68.54,2004
454,NaN,2.58,68.54,2014
455,NaN,0.85,43.4,2007
456,NaN,0.82,43.4,2007
457,NaN,9.71,35.37,2011
458,NaN,0.75,55.1,2009
459,NaN,0.013,24.05,2010
460,NaN,10.57,49,2007
461,NaN,1.8,114.15,2011
462,NaN,1.13,68.59,2013
463,NaN,1.9,68.59,2013
464,NaN,2.1,52.72,2006
465,NaN,0.73,52.72,2012
466,1.676,NaN,15.28,2000
467,NaN,1.814,15.28,2004
468,0.03321,NaN,15.28,2004
469,0.5219,NaN,15.28,2006
470,NaN,14.4,31.26,2002
471,NaN,0.77,69.44,2010
472,NaN,2.29,69.44,2010
473,NaN,0.48,51.81,2010
474,NaN,0.36,21.92,2005
475,NaN,2.7,37.98,2009
476,NaN,3.53,42.99,2012
477,NaN,1.7,50,2007
478,NaN,8.02,37.88,1998
479,NaN,18.1,37.88,2000
480,NaN,0.23,43.12,2002
481,NaN,2.88,36.32,2000
482,NaN,4.04,36.32,2003
483,NaN,0.67,64.98,2007
484,NaN,1.83,NaN,2007
485,NaN,2.6,44.05,2009
486,NaN,2.7,134.95,2008
487,NaN,7.8,67.02,2009
488,NaN,0.61,127.55,2007
489,NaN,1.49,59.03,1999
490,NaN,0.15,59.03,2010
491,NaN,7.03,46.73,2001
492,NaN,0.08,63.69,2008
493,NaN,0.95,27.05,2000
494,22,NaN,131.75,2010
495,NaN,1.6,114.55,2009
496,NaN,3.3,115.47,2009
497,NaN,0.37,55.93,2009
498,NaN,0.0238,26.15,2008
499,NaN,0.64,26.15,2008
500,NaN,0.54,26.15,2008
501,NaN,3.69,52.83,2004
502,NaN,3.82,52.83,2008
503,NaN,0.94,47.37,2006
504,NaN,0.52,47.92,1998
505,NaN,1.99,47.92,1999
506,NaN,0.75,44.98,2006
507,NaN,1.26,52.63,2004
508,1.15,NaN,19.25,2005
509,NaN,5.93,62.11,2002
510,NaN,1.502,15.89,2003
511,NaN,0.057,15.89,2005
512,NaN,1.9,54.23,2007
513,NaN,3.1,189.39,2009
514,NaN,0.72,19.89,1999
515,NaN,0.05318,8.82,2011
516,NaN,0.07552,8.82,2011
517,NaN,2.5,67.39,2007
518,NaN,3.7,37.35,1999
519,NaN,3,46.93,2002
520,NaN,6.9,43.57,2012
521,NaN,2.58,32.99,2007
522,NaN,0.79,32.83,2011
523,NaN,1.85,68.35,2010
524,NaN,0.895,68.35,2010
525,NaN,17.4,46.34,2002
526,NaN,2.44,46.34,2004
527,24.09,NaN,40.85,2006
528,NaN,4.05,47.3,2009
529,NaN,1.68,47.3,2012
530,NaN,0.266,26.95,2011
531,NaN,1.37,90.33,2008
532,NaN,2.2,170.07,2009
533,0.56,NaN,55.31,2012
534,0.73,NaN,55.31,2012
535,NaN,9.9,352.11,2012
536,NaN,0.45,43.99,2004
537,0.714,NaN,47.08,1999
538,NaN,1.23,21.29,1998
539,1.9,NaN,55.93,2007
540,NaN,2.3,121.8,2009
541,NaN,0.45,52.72,2005
542,NaN,4.5,40.75,2001
543,NaN,0.017,43.53,2009
544,NaN,0.33,43.53,2009
545,NaN,1.26,33.29,2002
546,NaN,2.1,26.52,2002
547,NaN,0.65,37.89,2003
548,NaN,1.39,19.72,1998
549,NaN,2.6,19.72,2005
550,NaN,13,54.92,2010
551,NaN,0.21,29.94,2010
552,NaN,10.39,29.2,2012
553,1,NaN,NaN,2012
554,NaN,0.06,81.1,2007
555,NaN,11.1,289.02,2012
556,NaN,1.06,45.23,2012
557,NaN,1.45,48.43,2011
558,NaN,3.09,52.88,2007
559,NaN,1.9,50.45,2011
560,NaN,7.75,41.95,1999
561,NaN,0.71,94.07,2006
562,NaN,1.08,108.46,2007
563,NaN,6.575,NaN,2013
564,NaN,6.9,NaN,2009
565,NaN,5.3,307.69,2011
566,NaN,2.54,54.92,2009
567,NaN,0.0265,9.42,2008
568,NaN,0.76,50.2,2004
569,NaN,1.42,44.8,2009
570,15.04,NaN,44.8,2011
571,NaN,0.47,23.8,2010
572,NaN,3.88,52.88,2005
573,NaN,1.28,52.88,2006
574,NaN,0.57,52.88,2009
575,NaN,0.298,11.03,2010
576,NaN,0.036,25.87,2011
577,NaN,0.41,25.87,2011
578,NaN,0.527,25.87,2011
579,6.28536,NaN,11.43,2010
580,NaN,9.18,149.25,2013
581,NaN,9,23.98,2009
582,NaN,8.82,31.33,2002
583,23.04,NaN,131.93,2010
584,NaN,2.1,14.9,2009
585,NaN,1.068,44.46,2013
586,NaN,1.94,17.24,1999
587,7,NaN,39.94,2008
588,10,NaN,39.94,2008
589,10,NaN,39.94,2008
590,NaN,NaN,39.94,2010
591,27.23,NaN,262,2012
592,1.522,NaN,124.22,2012
593,1.477,1.47,178,2013
594,0.43,NaN,222,2014
595,1.199,NaN,213,2006
596,1.776,NaN,320,2008
597,0.081,NaN,38,2008
598,0.077,NaN,550,2009
599,2.114,NaN,NaN,2009
600,0.669,NaN,NaN,2009
601,0.433,NaN,NaN,2009
602,0.603,NaN,1330,2010
603,0.252,NaN,650,2010
604,0.171,NaN,650,2010
605,NaN,NaN,650,2010
606,0.014,NaN,173,2011
607,0.063,NaN,173,2011
608,0.006,NaN,613,2010
609,0.009,NaN,613,2010
610,0.023,NaN,613,2010
611,0.025,NaN,613,2010
612,0.006,NaN,613,2010
613,0.079,NaN,613,2010
614,0.431,NaN,600,2011
615,NaN,NaN,NaN,2011
616,8.4,NaN,980,2011
617,0.66,NaN,NaN,2011
618,0.333,NaN,61,2011
619,2.45,NaN,800,2011
620,0.022,NaN,NaN,2011
621,0.054,NaN,NaN,2011
622,0.052,NaN,NaN,2011
623,0.064,NaN,2119,2011
624,6,NaN,2119,2011
625,0.027,NaN,290,2011
626,0.051,NaN,290,2011
627,0.063,NaN,290,2011
628,0.01,NaN,290,2011
629,0.045,NaN,290,2011
630,0.033,NaN,108,2011
631,0.113,NaN,190,2011
632,0.8,NaN,800,2011
633,2.7,NaN,800,2011
634,NaN,NaN,800,2014
635,1.6,NaN,1200,2011
636,1.6,NaN,1200,2011
637,NaN,NaN,1200,2014
638,NaN,NaN,1200,2014
639,12.7,NaN,NaN,2011
640,4.16,NaN,NaN,2011
641,0.283,NaN,NaN,2014
642,0.38,NaN,NaN,2011
643,0.375,NaN,NaN,2011
644,NaN,NaN,NaN,2014
645,NaN,NaN,NaN,2014
646,9.11,NaN,NaN,2011
647,13.8,NaN,NaN,2011
648,1.51,NaN,NaN,2011
649,1.36,NaN,NaN,2011
650,0.4,NaN,1400,2011
651,0.3,NaN,1400,2011
652,0.036,NaN,1400,2012
653,2.01,NaN,1400,2012
654,0.073,NaN,1400,2012
655,NaN,NaN,2100,2011
656,4.7,NaN,2100,2011
657,NaN,NaN,2100,2014
658,4.1,NaN,303,2011
659,0.5,NaN,303,2011
660,NaN,NaN,303,2012
661,NaN,NaN,303,2012
662,NaN,NaN,303,2012
663,NaN,NaN,NaN,2011
664,NaN,NaN,NaN,2011
665,NaN,NaN,NaN,2011
666,NaN,NaN,NaN,2011
667,NaN,NaN,NaN,2011
668,0.22,NaN,1499,2011
669,0.127,NaN,1645,2011
670,0.014,NaN,470,2012
671,0.025,NaN,470,2012
672,NaN,NaN,66,2013
673,NaN,NaN,66,2013
674,NaN,NaN,66,2013
675,0.384,NaN,600,2012
676,18,NaN,1200,2011
677,2.2,NaN,2700,2010
678,0.55,NaN,770,2011
679,NaN,NaN,38.7,2011
680,NaN,NaN,38.7,2011
681,NaN,NaN,38.7,2011
682,3.23,NaN,1950,2011
683,1.02,NaN,2250,2011
684,0.505,NaN,333,2011
685,6,NaN,855,2012
686,0.376,NaN,855,2012
687,NaN,NaN,855,2014
688,2,NaN,1500,2012
689,28,NaN,1500,2012
690,5.94,NaN,NaN,2012
691,11.61,NaN,NaN,2012
692,0.025,NaN,NaN,2014
693,2.067,NaN,NaN,2014
694,0.98,NaN,NaN,2012
695,0.72,NaN,NaN,2012
696,NaN,NaN,NaN,2014
697,NaN,NaN,NaN,2014
698,NaN,NaN,NaN,2012
699,NaN,NaN,NaN,2012
700,0.007,NaN,NaN,2012
701,0.013,NaN,NaN,2012
702,0.024,NaN,NaN,2014
703,8.7,NaN,NaN,2012
704,10.41,NaN,NaN,2012
705,NaN,NaN,NaN,2014
706,18.41,NaN,NaN,2012
707,NaN,NaN,NaN,2012
708,NaN,NaN,NaN,2014
709,0.92,NaN,NaN,2012
710,0.37,NaN,NaN,2012
711,NaN,NaN,NaN,2014
712,1.49,NaN,NaN,2012
713,1.11,NaN,NaN,2012
714,NaN,NaN,NaN,2014
715,NaN,NaN,NaN,2014
716,NaN,NaN,NaN,2014
717,0.07,NaN,NaN,2012
718,0.57,NaN,NaN,2012
719,18.86,NaN,NaN,2012
720,6.95,NaN,NaN,2012
721,1.39,NaN,NaN,2012
722,2.19,NaN,NaN,2012
723,NaN,NaN,NaN,2014
724,2.05,NaN,NaN,2012
725,1.37,NaN,NaN,2012
726,0.25,NaN,NaN,2012
727,0.56,NaN,NaN,2012
728,0.68,NaN,NaN,2012
729,NaN,NaN,NaN,2013
730,0.03,NaN,368,2013
731,0.013,NaN,368,2013
732,0.044,NaN,368,2013
733,0.113,NaN,368,2013
734,0.11,NaN,368,2013
735,0.378,NaN,200,2013
736,0.531,NaN,1000,2012
737,NaN,NaN,NaN,2012
738,NaN,NaN,NaN,2012
739,NaN,NaN,NaN,2012
740,NaN,NaN,1107,2013
741,NaN,NaN,1107,2013
742,0.026,NaN,135,2012
743,0.015,NaN,135,2012
744,NaN,0.947,135,2012
745,NaN,NaN,NaN,2013
746,NaN,NaN,NaN,2013
747,0.0014,NaN,1180,2011
748,0.0021,NaN,1180,2011
749,NaN,NaN,800,2010
750,0.68,NaN,1330,2013
751,9.9,NaN,1140,2013
752,2,NaN,NaN,2013
753,0.43,NaN,570,2013
754,0.006,NaN,NaN,2013
755,NaN,NaN,NaN,2012
756,NaN,NaN,NaN,2012
757,NaN,NaN,NaN,2014
758,NaN,NaN,NaN,2014
759,NaN,NaN,NaN,2012
760,NaN,NaN,NaN,2012
761,NaN,NaN,NaN,2014
762,NaN,NaN,NaN,2014
763,NaN,NaN,NaN,2012
764,NaN,NaN,NaN,2012
765,NaN,NaN,NaN,2014
766,NaN,NaN,NaN,2012
767,NaN,NaN,NaN,2012
768,NaN,NaN,NaN,2014
769,NaN,NaN,NaN,2014
770,NaN,NaN,NaN,2012
771,NaN,NaN,NaN,2012
772,NaN,NaN,NaN,2014
773,NaN,NaN,NaN,2012
774,NaN,NaN,NaN,2012
775,NaN,NaN,NaN,2014
776,NaN,NaN,NaN,2014
777,NaN,NaN,NaN,2014
778,NaN,NaN,NaN,2012
779,NaN,NaN,NaN,2012
780,NaN,NaN,NaN,2014
781,NaN,NaN,NaN,2014
782,NaN,NaN,NaN,2013
783,1.02,NaN,NaN,2013
784,0.02,NaN,NaN,2013
785,0.027,NaN,339,2013
786,0.626,NaN,339,2013
787,0.033,NaN,NaN,2013
788,0.049,NaN,NaN,2013
789,0.334,NaN,NaN,2013
790,0.11,NaN,NaN,2013
791,NaN,NaN,780,2013
792,NaN,NaN,780,2013
793,NaN,NaN,780,2013
794,NaN,NaN,780,2013
795,NaN,NaN,780,2013
796,NaN,NaN,780,2013
797,NaN,NaN,780,2013
798,0.88,NaN,1030,2013
799,0.202,NaN,NaN,2013
800,0.019,NaN,NaN,2013
801,0.008,NaN,NaN,2014
802,3,NaN,NaN,2014
803,0.034,NaN,NaN,2014
804,9.836,NaN,NaN,2014
805,0.041,NaN,NaN,2014
806,0.027,NaN,NaN,2014
807,0.011,NaN,NaN,2014
808,1.08,NaN,NaN,2014
809,0.011,NaN,NaN,2014
810,0.019,NaN,NaN,2014
811,0.023,NaN,NaN,2014
812,0.003,NaN,NaN,2014
813,0.009,NaN,NaN,2014
814,NaN,NaN,NaN,2014
815,NaN,NaN,NaN,2014
816,0.001,NaN,NaN,2014
817,0.009,NaN,NaN,2014
818,0.012,NaN,NaN,2014
819,0.028,NaN,NaN,2013
820,0.002,NaN,NaN,2014
821,0.031,NaN,NaN,2014
822,0.114,NaN,NaN,2014
823,NaN,NaN,NaN,2014
824,NaN,NaN,NaN,2014
825,NaN,NaN,NaN,2014
826,NaN,NaN,NaN,2013
827,NaN,NaN,NaN,2014
828,0.0005,NaN,NaN,2014
829,0.033,NaN,NaN,2014
830,0.025,NaN,NaN,2014
831,0.035,NaN,NaN,2014
832,NaN,NaN,NaN,2014
833,NaN,NaN,NaN,2014
834,NaN,NaN,NaN,2014
835,NaN,NaN,NaN,2014
836,NaN,NaN,NaN,2014
837,NaN,NaN,NaN,2014
838,0.004,NaN,NaN,2014
839,0.007,NaN,NaN,2014
840,NaN,NaN,NaN,2014
841,NaN,NaN,NaN,2014
842,NaN,NaN,NaN,2014
843,NaN,NaN,NaN,2014
844,NaN,NaN,NaN,2014
845,NaN,NaN,NaN,2014
846,0.037,NaN,NaN,2014
847,0.027,NaN,NaN,2014
848,NaN,NaN,NaN,2014
849,0.009,NaN,NaN,2013
850,0.012,NaN,NaN,2013
851,NaN,NaN,NaN,2014
852,NaN,NaN,NaN,2014
853,NaN,NaN,NaN,2014
854,NaN,NaN,NaN,2014
855,NaN,NaN,NaN,2014
856,NaN,NaN,NaN,2014
857,NaN,NaN,NaN,2014
858,NaN,NaN,NaN,2014
859,NaN,NaN,NaN,2014
860,NaN,NaN,NaN,2014
861,NaN,NaN,NaN,2014
862,NaN,NaN,NaN,2014
863,NaN,NaN,NaN,2014
864,NaN,NaN,NaN,2014
865,NaN,NaN,NaN,2014
866,NaN,NaN,NaN,2014
867,NaN,NaN,NaN,2014
868,NaN,NaN,NaN,2014
869,NaN,NaN,NaN,2014
870,NaN,NaN,NaN,2014
871,NaN,NaN,NaN,2014
872,NaN,NaN,NaN,2014
873,NaN,NaN,NaN,2014
874,NaN,NaN,NaN,2014
875,NaN,NaN,NaN,2014
876,NaN,NaN,NaN,2014
877,NaN,NaN,NaN,2014
878,NaN,NaN,NaN,2014
879,NaN,NaN,NaN,2014
880,NaN,NaN,NaN,2014
881,NaN,NaN,NaN,2014
882,0.097,NaN,NaN,2013
883,0.105,NaN,NaN,2013
884,NaN,NaN,NaN,2014
885,NaN,NaN,NaN,2014
886,NaN,NaN,NaN,2014
887,NaN,NaN,NaN,2013
888,NaN,NaN,NaN,2014
889,0.051,NaN,NaN,2014
890,0.026,NaN,NaN,2014
891,NaN,NaN,NaN,2014
892,NaN,NaN,NaN,2014
893,NaN,NaN,NaN,2014
894,NaN,NaN,NaN,2014
895,NaN,NaN,NaN,2014
896,NaN,NaN,NaN,2014
897,NaN,NaN,NaN,2014
898,NaN,NaN,NaN,2014
899,NaN,NaN,NaN,2014
900,NaN,NaN,NaN,2014
901,NaN,NaN,NaN,2014
902,NaN,NaN,NaN,2014
903,NaN,NaN,NaN,2014
904,NaN,NaN,NaN,2014
905,0.012,NaN,NaN,2014
906,0.003,NaN,NaN,2014
907,NaN,NaN,NaN,2014
908,NaN,NaN,NaN,2014
909,NaN,NaN,NaN,2014
910,NaN,NaN,NaN,2014
911,NaN,NaN,NaN,2014
912,NaN,NaN,NaN,2014
913,NaN,NaN,NaN,2014
914,NaN,NaN,NaN,2014
915,NaN,NaN,NaN,2014
916,NaN,NaN,NaN,2014
917,NaN,NaN,NaN,2014
918,NaN,NaN,NaN,2014
919,NaN,NaN,NaN,2014
920,0.117,NaN,NaN,2013
921,0.25,NaN,NaN,2013
922,NaN,NaN,NaN,2014
923,NaN,NaN,NaN,2014
924,NaN,NaN,NaN,2014
925,NaN,NaN,NaN,2014
926,NaN,NaN,NaN,2014
927,NaN,NaN,NaN,2014
928,NaN,NaN,NaN,2014
929,NaN,NaN,NaN,2014
930,NaN,NaN,NaN,2014
931,NaN,NaN,NaN,2014
932,NaN,NaN,NaN,2014
933,NaN,NaN,NaN,2014
934,NaN,NaN,NaN,2014
935,NaN,NaN,NaN,2014
936,NaN,NaN,NaN,2014
937,NaN,NaN,NaN,2014
938,NaN,NaN,NaN,2014
939,NaN,NaN,NaN,2014
940,NaN,NaN,NaN,2014
941,NaN,NaN,NaN,2014
942,NaN,NaN,NaN,2014
943,NaN,NaN,NaN,2014
944,NaN,NaN,NaN,2014
945,NaN,NaN,NaN,2014
946,NaN,NaN,NaN,2014
947,NaN,NaN,NaN,2014
948,NaN,NaN,NaN,2014
949,NaN,NaN,NaN,2014
950,NaN,NaN,NaN,2014
951,NaN,NaN,NaN,2014
952,NaN,NaN,NaN,2014
953,NaN,NaN,NaN,2014
954,NaN,NaN,NaN,2014
955,NaN,NaN,NaN,2014
956,NaN,NaN,NaN,2014
957,NaN,NaN,NaN,2014
958,NaN,NaN,NaN,2014
959,NaN,NaN,NaN,2014
960,NaN,NaN,NaN,2014
961,NaN,NaN,NaN,2014
962,NaN,NaN,NaN,2014
963,NaN,NaN,NaN,2014
964,NaN,NaN,NaN,2014
965,NaN,NaN,NaN,2014
966,NaN,NaN,NaN,2014
967,NaN,NaN,NaN,2014
968,NaN,NaN,NaN,2014
969,NaN,NaN,NaN,2014
970,NaN,NaN,NaN,2014
971,NaN,NaN,NaN,2014
972,NaN,NaN,NaN,2014
973,NaN,NaN,NaN,2014
974,NaN,NaN,NaN,2014
975,NaN,NaN,NaN,2014
976,NaN,NaN,NaN,2014
977,NaN,NaN,NaN,2014
978,NaN,NaN,NaN,2014
979,NaN,NaN,NaN,2014
980,NaN,NaN,NaN,2014
981,NaN,NaN,NaN,2014
982,NaN,NaN,NaN,2014
983,NaN,NaN,NaN,2014
984,NaN,NaN,NaN,2014
985,NaN,NaN,NaN,2014
986,NaN,NaN,NaN,2014
987,NaN,NaN,NaN,2014
988,NaN,NaN,NaN,2014
989,NaN,NaN,NaN,2014
990,NaN,NaN,NaN,2014
991,NaN,NaN,NaN,2014
992,NaN,NaN,NaN,2014
993,NaN,NaN,NaN,2014
994,NaN,NaN,NaN,2014
995,NaN,NaN,NaN,2014
996,0.006,NaN,NaN,2013
997,0.024,NaN,NaN,2013
998,NaN,NaN,NaN,2014
999,NaN,NaN,NaN,2014
1000,NaN,NaN,NaN,2014
1001,NaN,NaN,NaN,2014
1002,NaN,NaN,NaN,2014
1003,NaN,NaN,NaN,2014
1004,NaN,NaN,NaN,2014
1005,NaN,NaN,NaN,2014
1006,NaN,NaN,NaN,2014
1007,NaN,NaN,NaN,2014
1008,NaN,NaN,NaN,2014
1009,NaN,NaN,NaN,2014
1010,NaN,NaN,NaN,2014
1011,NaN,NaN,NaN,2014
1012,NaN,NaN,NaN,2014
1013,NaN,NaN,NaN,2014
1014,NaN,NaN,NaN,2014
1015,NaN,NaN,NaN,2014
1016,NaN,NaN,NaN,2014
1017,NaN,NaN,NaN,2014
1018,NaN,NaN,NaN,2014
1019,NaN,NaN,NaN,2014
1020,NaN,NaN,NaN,2014
1021,NaN,NaN,NaN,2014
1022,NaN,NaN,NaN,2014
1023,NaN,NaN,NaN,2014
1024,NaN,NaN,NaN,2014
1025,NaN,NaN,NaN,2014
1026,NaN,NaN,NaN,2014
1027,NaN,NaN,NaN,2014
1028,NaN,NaN,NaN,2014
1029,NaN,NaN,NaN,2014
1030,NaN,NaN,NaN,2014
1031,NaN,NaN,NaN,2014
1032,NaN,NaN,NaN,2014
1033,NaN,NaN,NaN,2014
1034,NaN,NaN,NaN,2014
1035,NaN,NaN,NaN,2014
1036,NaN,NaN,NaN,2014
1037,NaN,NaN,NaN,2014
1038,NaN,NaN,NaN,2014
1039,NaN,NaN,NaN,2014
1040,NaN,NaN,NaN,2014
1041,NaN,NaN,NaN,2014
1042,NaN,NaN,NaN,2014
1043,NaN,NaN,NaN,2014
1044,NaN,NaN,NaN,2014
1045,NaN,NaN,NaN,2014
1046,NaN,NaN,NaN,2014
1047,NaN,NaN,NaN,2014
1048,NaN,NaN,NaN,2014
1049,NaN,NaN,NaN,2014
1050,NaN,NaN,NaN,2014
1051,NaN,NaN,NaN,2014
1052,NaN,NaN,NaN,2014
1053,NaN,NaN,NaN,2014
1054,NaN,NaN,NaN,2014
1055,NaN,NaN,NaN,2014
1056,NaN,NaN,NaN,2014
1057,NaN,NaN,NaN,2014
1058,NaN,NaN,NaN,2014
1059,NaN,NaN,NaN,2014
1060,NaN,NaN,NaN,2014
1061,NaN,NaN,NaN,2014
1062,NaN,NaN,NaN,2014
1063,NaN,NaN,NaN,2014
1064,NaN,NaN,NaN,2014
1065,NaN,NaN,NaN,2014
1066,NaN,NaN,NaN,2014
1067,NaN,NaN,NaN,2014
1068,NaN,NaN,NaN,2014
1069,NaN,NaN,NaN,2014
1070,NaN,NaN,NaN,2014
1071,NaN,NaN,NaN,2014
1072,NaN,NaN,NaN,2014
1073,NaN,NaN,NaN,2014
1074,NaN,NaN,NaN,2014
1075,NaN,NaN,NaN,2014
1076,NaN,NaN,NaN,2014
1077,NaN,NaN,NaN,2014
1078,NaN,NaN,NaN,2014
1079,NaN,NaN,NaN,2014
1080,NaN,NaN,NaN,2014
1081,NaN,NaN,NaN,2014
1082,NaN,NaN,NaN,2014
1083,NaN,NaN,NaN,2014
1084,NaN,NaN,NaN,2014
1085,NaN,NaN,NaN,2014
1086,NaN,NaN,NaN,2014
1087,NaN,NaN,NaN,2014
1088,NaN,NaN,NaN,2014
1089,NaN,NaN,NaN,2014
1090,NaN,NaN,NaN,2014
1091,NaN,NaN,NaN,2014
1092,NaN,NaN,NaN,2014
1093,NaN,NaN,NaN,2014
1094,NaN,NaN,NaN,2014
1095,NaN,NaN,NaN,2014
1096,NaN,NaN,NaN,2014
1097,NaN,NaN,NaN,2014
1098,NaN,NaN,NaN,2014
1099,NaN,NaN,NaN,2014
1100,NaN,NaN,NaN,2014
1101,NaN,NaN,NaN,2014
1102,NaN,NaN,NaN,2014
1103,NaN,NaN,NaN,2014
1104,NaN,NaN,NaN,2014
1105,NaN,NaN,NaN,2014
1106,NaN,NaN,NaN,2014
1107,NaN,NaN,NaN,2014
1108,NaN,NaN,NaN,2014
1109,NaN,NaN,NaN,2014
1110,NaN,NaN,NaN,2014
1111,NaN,NaN,NaN,2014
1112,NaN,NaN,NaN,2014
1113,NaN,NaN,NaN,2014
1114,NaN,NaN,NaN,2014
1115,NaN,NaN,NaN,2014
1116,NaN,NaN,NaN,2014
1117,NaN,NaN,NaN,2014
1118,NaN,NaN,NaN,2014
1119,NaN,NaN,NaN,2014
1120,NaN,NaN,NaN,2014
1121,NaN,NaN,NaN,2014
1122,NaN,NaN,NaN,2014
1123,NaN,NaN,NaN,2014
1124,NaN,NaN,NaN,2014
1125,NaN,NaN,NaN,2014
1126,NaN,NaN,NaN,2014
1127,NaN,NaN,NaN,2014
1128,NaN,NaN,NaN,2014
1129,NaN,NaN,NaN,2014
1130,NaN,NaN,NaN,2014
1131,NaN,NaN,NaN,2014
1132,NaN,NaN,NaN,2014
1133,NaN,NaN,NaN,2014
1134,NaN,NaN,NaN,2014
1135,NaN,NaN,NaN,2014
1136,NaN,NaN,NaN,2014
1137,NaN,NaN,NaN,2014
1138,NaN,NaN,NaN,2014
1139,NaN,NaN,NaN,2014
1140,NaN,NaN,NaN,2014
1141,NaN,NaN,NaN,2014
1142,NaN,NaN,NaN,2014
1143,NaN,NaN,NaN,2014
1144,NaN,NaN,NaN,2014
1145,NaN,NaN,NaN,2014
1146,NaN,NaN,NaN,2014
1147,NaN,NaN,NaN,2014
1148,NaN,NaN,NaN,2014
1149,NaN,NaN,NaN,2014
1150,0.534,NaN,NaN,2013
1151,0.042,NaN,NaN,2013
1152,NaN,NaN,NaN,2014
1153,NaN,NaN,NaN,2014
1154,NaN,NaN,NaN,2014
1155,NaN,NaN,NaN,2014
1156,NaN,NaN,NaN,2014
1157,NaN,NaN,NaN,2014
1158,NaN,NaN,NaN,2014
1159,NaN,NaN,NaN,2014
1160,NaN,NaN,NaN,2014
1161,NaN,NaN,NaN,2014
1162,NaN,NaN,NaN,2014
1163,NaN,NaN,NaN,2014
1164,NaN,NaN,NaN,2014
1165,NaN,NaN,NaN,2014
1166,NaN,NaN,NaN,2014
1167,NaN,NaN,NaN,2014
1168,NaN,NaN,NaN,2014
1169,NaN,NaN,NaN,2014
1170,NaN,NaN,NaN,2014
1171,NaN,NaN,NaN,2014
1172,NaN,NaN,NaN,2014
1173,NaN,NaN,NaN,2014
1174,NaN,NaN,NaN,2014
1175,NaN,NaN,NaN,2014
1176,NaN,NaN,NaN,2014
1177,NaN,NaN,NaN,2014
1178,NaN,NaN,NaN,2014
1179,NaN,NaN,NaN,2014
1180,NaN,NaN,NaN,2014
1181,NaN,NaN,NaN,2014
1182,NaN,NaN,NaN,2014
1183,NaN,NaN,NaN,2014
1184,NaN,NaN,NaN,2014
1185,NaN,NaN,NaN,2014
1186,NaN,NaN,NaN,2014
1187,NaN,NaN,NaN,2014
1188,NaN,NaN,NaN,2014
1189,NaN,NaN,NaN,2014
1190,NaN,NaN,NaN,2014
1191,NaN,NaN,NaN,2014
1192,NaN,NaN,NaN,2014
1193,NaN,NaN,NaN,2014
1194,NaN,NaN,NaN,2014
1195,NaN,NaN,NaN,2014
1196,NaN,NaN,NaN,2014
1197,NaN,NaN,NaN,2014
1198,NaN,NaN,NaN,2014
1199,NaN,NaN,NaN,2014
1200,NaN,NaN,NaN,2014
1201,NaN,NaN,NaN,2014
1202,NaN,NaN,NaN,2014
1203,NaN,NaN,NaN,2014
1204,NaN,NaN,NaN,2014
1205,NaN,NaN,NaN,2014
1206,NaN,NaN,NaN,2014
1207,NaN,NaN,NaN,2014
1208,NaN,NaN,NaN,2014
1209,NaN,NaN,NaN,2014
1210,NaN,NaN,NaN,2014
1211,NaN,NaN,NaN,2014
1212,NaN,NaN,NaN,2014
1213,NaN,NaN,NaN,2014
1214,NaN,NaN,NaN,2014
1215,NaN,NaN,NaN,2014
1216,NaN,NaN,NaN,2014
1217,NaN,NaN,NaN,2014
1218,NaN,NaN,NaN,2014
1219,NaN,NaN,NaN,2014
1220,NaN,NaN,NaN,2014
1221,NaN,NaN,NaN,2014
1222,NaN,NaN,NaN,2014
1223,NaN,NaN,NaN,2014
1224,NaN,NaN,NaN,2014
1225,NaN,NaN,NaN,2014
1226,NaN,NaN,NaN,2014
1227,NaN,NaN,NaN,2014
1228,NaN,NaN,NaN,2014
1229,NaN,NaN,NaN,2014
1230,NaN,NaN,NaN,2014
1231,NaN,NaN,NaN,2014
1232,NaN,NaN,NaN,2014
1233,NaN,NaN,NaN,2014
1234,NaN,NaN,NaN,2014
1235,NaN,NaN,NaN,2014
1236,NaN,NaN,NaN,2014
1237,NaN,NaN,NaN,2014
1238,NaN,NaN,NaN,2014
1239,NaN,NaN,NaN,2014
1240,NaN,NaN,NaN,2014
1241,NaN,NaN,NaN,2014
1242,NaN,NaN,NaN,2014
1243,NaN,NaN,NaN,2014
1244,0.052,NaN,NaN,2013
1245,0.051,NaN,NaN,2013
1246,0.275,NaN,NaN,2013
1247,0.202,NaN,NaN,2013
1248,NaN,NaN,NaN,2014
1249,NaN,NaN,NaN,2014
1250,NaN,NaN,NaN,2014
1251,0.155,NaN,NaN,2013
1252,0.118,NaN,NaN,2013
1253,NaN,NaN,NaN,2014
1254,NaN,NaN,NaN,2014
1255,NaN,NaN,NaN,2014
1256,NaN,NaN,NaN,2014
1257,NaN,NaN,NaN,2014
1258,NaN,NaN,NaN,2014
1259,0.192,NaN,NaN,2013
1260,0.177,NaN,NaN,2013
1261,NaN,NaN,NaN,2014
1262,NaN,NaN,NaN,2014
1263,NaN,NaN,NaN,2014
1264,NaN,NaN,NaN,2014
1265,NaN,NaN,NaN,2014
1266,NaN,NaN,NaN,2014
1267,NaN,NaN,NaN,2014
1268,NaN,NaN,NaN,2014
1269,NaN,NaN,NaN,2014
1270,NaN,NaN,NaN,2014
1271,NaN,NaN,NaN,2014
1272,NaN,NaN,NaN,2014
1273,NaN,NaN,NaN,2014
1274,NaN,NaN,NaN,2014
1275,NaN,NaN,NaN,2014
1276,NaN,NaN,NaN,2014
1277,NaN,NaN,NaN,2014
1278,NaN,NaN,NaN,2014
1279,NaN,NaN,NaN,2014
1280,NaN,NaN,NaN,2014
1281,NaN,NaN,NaN,2014
1282,NaN,NaN,NaN,2014
1283,NaN,NaN,NaN,2014
1284,NaN,NaN,NaN,2014
1285,NaN,NaN,NaN,2014
1286,NaN,NaN,NaN,2014
1287,NaN,NaN,NaN,2014
1288,NaN,NaN,NaN,2014
1289,NaN,NaN,NaN,2014
1290,NaN,NaN,NaN,2014
1291,NaN,NaN,NaN,2014
1292,NaN,NaN,NaN,2014
1293,NaN,NaN,NaN,2014
1294,NaN,NaN,NaN,2014
1295,NaN,NaN,NaN,2014
1296,NaN,NaN,NaN,2014
1297,NaN,NaN,NaN,2014
1298,NaN,NaN,NaN,2014
1299,NaN,NaN,NaN,2014
1300,NaN,NaN,NaN,2014
1301,NaN,NaN,NaN,2014
1302,NaN,NaN,NaN,2014
1303,NaN,NaN,NaN,2014
1304,NaN,NaN,NaN,2014
1305,NaN,NaN,NaN,2014
1306,NaN,NaN,NaN,2014
1307,NaN,NaN,NaN,2014
1308,NaN,NaN,NaN,2014
1309,NaN,NaN,NaN,2014
1310,NaN,NaN,NaN,2014
1311,NaN,NaN,NaN,2014
1312,NaN,NaN,NaN,2014
1313,NaN,NaN,NaN,2014
1314,NaN,NaN,NaN,2014
1315,NaN,NaN,NaN,2014
1316,NaN,NaN,NaN,2014
1317,NaN,NaN,NaN,2014
1318,NaN,NaN,NaN,2014
1319,NaN,NaN,NaN,2014
1320,0.033,NaN,NaN,2013
1321,0.019,NaN,NaN,2013
1322,NaN,NaN,NaN,2014
1323,NaN,NaN,NaN,2014
1324,NaN,NaN,NaN,2014
1325,NaN,NaN,NaN,2014
1326,NaN,NaN,NaN,2014
1327,0.01,NaN,NaN,2013
1328,0.005,NaN,NaN,2013
1329,NaN,NaN,NaN,2014
1330,NaN,NaN,NaN,2014
1331,NaN,NaN,NaN,2014
1332,NaN,NaN,NaN,2014
1333,NaN,NaN,NaN,2014
1334,NaN,NaN,NaN,2014
1335,NaN,NaN,NaN,2014
1336,NaN,NaN,NaN,2014
1337,NaN,NaN,NaN,2014
1338,NaN,NaN,NaN,2014
1339,NaN,NaN,NaN,2014
1340,NaN,NaN,NaN,2014
1341,NaN,NaN,NaN,2014
1342,NaN,NaN,NaN,2014
1343,NaN,NaN,NaN,2014
1344,NaN,NaN,NaN,2014
1345,NaN,NaN,NaN,2014
1346,NaN,NaN,NaN,2014
1347,NaN,NaN,NaN,2014
1348,NaN,NaN,NaN,2014
1349,NaN,NaN,NaN,2014
1350,NaN,NaN,NaN,2014
1351,NaN,NaN,NaN,2014
1352,NaN,NaN,NaN,2014
1353,NaN,NaN,NaN,2014
1354,NaN,NaN,NaN,2014
1355,NaN,NaN,NaN,2014
1356,NaN,NaN,NaN,2014
1357,NaN,NaN,NaN,2014
1358,NaN,NaN,NaN,2014
1359,NaN,NaN,NaN,2014
1360,NaN,NaN,NaN,2014
1361,NaN,NaN,NaN,2014
1362,NaN,NaN,NaN,2014
1363,NaN,NaN,NaN,2014
1364,NaN,NaN,NaN,2014
1365,NaN,NaN,NaN,2014
1366,NaN,NaN,NaN,2014
1367,NaN,NaN,NaN,2014
1368,NaN,NaN,NaN,2014
1369,NaN,NaN,NaN,2014
1370,NaN,NaN,NaN,2014
1371,NaN,NaN,NaN,2014
1372,NaN,NaN,NaN,2014
1373,NaN,NaN,NaN,2014
1374,0.09,NaN,NaN,2013
1375,0.124,NaN,NaN,2013
1376,NaN,NaN,NaN,2014
1377,NaN,NaN,NaN,2014
1378,NaN,NaN,NaN,2014
1379,NaN,NaN,NaN,2014
1380,NaN,NaN,NaN,2014
1381,NaN,NaN,NaN,2014
1382,NaN,NaN,NaN,2014
1383,NaN,NaN,NaN,2014
1384,NaN,NaN,NaN,2014
1385,NaN,NaN,NaN,2014
1386,NaN,NaN,NaN,2014
1387,NaN,NaN,NaN,2014
1388,NaN,NaN,NaN,2014
1389,NaN,NaN,NaN,2014
1390,NaN,NaN,NaN,2014
1391,NaN,NaN,NaN,2014
1392,NaN,NaN,NaN,2014
1393,NaN,NaN,NaN,2014
1394,NaN,NaN,NaN,2014
1395,NaN,NaN,NaN,2014
1396,NaN,NaN,NaN,2014
1397,NaN,NaN,NaN,2014
1398,NaN,NaN,NaN,2014
1399,NaN,NaN,NaN,2014
1400,NaN,NaN,NaN,2014
1401,NaN,NaN,NaN,2014
1402,NaN,NaN,NaN,2014
1403,NaN,NaN,NaN,2014
1404,NaN,NaN,NaN,2014
1405,NaN,NaN,NaN,2014
1406,NaN,NaN,NaN,2014
1407,NaN,NaN,NaN,2014
1408,NaN,NaN,NaN,2014
1409,NaN,NaN,NaN,2014
1410,NaN,NaN,NaN,2014
1411,NaN,NaN,NaN,2014
1412,NaN,NaN,NaN,2014
1413,NaN,NaN,NaN,2014
1414,NaN,NaN,NaN,2014
1415,NaN,NaN,NaN,2014
1416,NaN,NaN,NaN,2014
1417,NaN,NaN,NaN,2014
1418,NaN,NaN,NaN,2014
1419,NaN,NaN,NaN,2014
1420,NaN,NaN,NaN,2014
1421,NaN,NaN,NaN,2014
1422,NaN,NaN,NaN,2014
1423,NaN,NaN,NaN,2014
1424,NaN,NaN,NaN,2014
1425,NaN,NaN,NaN,2014
1426,NaN,NaN,NaN,2014
1427,NaN,NaN,NaN,2014
1428,0.019,NaN,NaN,2013
1429,0.047,NaN,NaN,2013
1430,NaN,NaN,NaN,2014
1431,NaN,NaN,NaN,2014
1432,NaN,NaN,NaN,2014
1433,NaN,NaN,NaN,2014
1434,NaN,NaN,NaN,2014
1435,NaN,NaN,NaN,2014
1436,NaN,NaN,NaN,2014
1437,NaN,NaN,NaN,2014
1438,NaN,NaN,NaN,2014
1439,NaN,NaN,NaN,2014
1440,NaN,NaN,NaN,2014
1441,NaN,NaN,NaN,2014
1442,NaN,NaN,NaN,2014
1443,NaN,NaN,NaN,2014
1444,NaN,NaN,NaN,2014
1445,NaN,NaN,NaN,2014
1446,NaN,NaN,NaN,2014
1447,NaN,NaN,NaN,2014
1448,NaN,NaN,NaN,2014
1449,NaN,NaN,NaN,2014
1450,NaN,NaN,NaN,2014
1451,NaN,NaN,NaN,2014
1452,NaN,NaN,NaN,2014
1453,NaN,NaN,NaN,2014
1454,NaN,NaN,NaN,2014
1455,NaN,NaN,NaN,2014
1456,NaN,NaN,NaN,2014
1457,NaN,NaN,NaN,2014
1458,NaN,NaN,NaN,2014
1459,NaN,NaN,NaN,2014
1460,NaN,NaN,NaN,2014
1461,NaN,NaN,NaN,2014
1462,NaN,NaN,NaN,2014
1463,NaN,NaN,NaN,2014
1464,NaN,NaN,NaN,2014
1465,NaN,NaN,NaN,2014
1466,NaN,NaN,NaN,2014
1467,NaN,NaN,NaN,2014
1468,NaN,NaN,NaN,2014
1469,NaN,NaN,NaN,2014
1470,NaN,NaN,NaN,2014
1471,NaN,NaN,NaN,2014
1472,NaN,NaN,NaN,2014
1473,NaN,NaN,NaN,2014
1474,NaN,NaN,NaN,2014
1475,NaN,NaN,NaN,2014
1476,NaN,NaN,NaN,2014
1477,NaN,NaN,NaN,2014
1478,NaN,NaN,NaN,2014
1479,NaN,NaN,NaN,2014
1480,NaN,NaN,NaN,2014
1481,NaN,NaN,NaN,2014
1482,NaN,NaN,NaN,2014
1483,NaN,NaN,NaN,2014
1484,NaN,NaN,NaN,2014
1485,NaN,NaN,NaN,2014
1486,NaN,NaN,NaN,2014
1487,NaN,NaN,NaN,2014
1488,NaN,NaN,NaN,2014
1489,NaN,NaN,NaN,2014
1490,NaN,NaN,NaN,2014
1491,NaN,NaN,NaN,2014
1492,NaN,NaN,NaN,2014
1493,NaN,NaN,NaN,2014
1494,NaN,NaN,NaN,2014
1495,NaN,NaN,NaN,2014
1496,NaN,NaN,NaN,2014
1497,NaN,NaN,NaN,2014
1498,NaN,NaN,NaN,2014
1499,NaN,NaN,NaN,2014
1500,NaN,NaN,NaN,2014
1501,NaN,NaN,NaN,2014
1502,NaN,NaN,NaN,2014
1503,NaN,NaN,NaN,2014
1504,NaN,NaN,NaN,2014
1505,NaN,NaN,NaN,2014
1506,NaN,NaN,NaN,2014
1507,NaN,NaN,NaN,2014
1508,NaN,NaN,NaN,2014
1509,NaN,NaN,NaN,2014
1510,NaN,NaN,NaN,2014
1511,NaN,NaN,NaN,2014
1512,NaN,NaN,NaN,2014
1513,NaN,NaN,NaN,2014
1514,NaN,NaN,NaN,2014
1515,NaN,NaN,NaN,2014
1516,NaN,NaN,NaN,2014
1517,NaN,NaN,NaN,2014
1518,NaN,NaN,NaN,2014
1519,NaN,NaN,NaN,2014
1520,NaN,NaN,NaN,2014
1521,NaN,NaN,NaN,2014
1522,NaN,NaN,NaN,2014
1523,NaN,NaN,NaN,2014
1524,NaN,NaN,NaN,2014
1525,NaN,NaN,NaN,2014
1526,0.238,NaN,NaN,2013
1527,0.056,NaN,NaN,2013
1528,NaN,NaN,NaN,2014
1529,NaN,NaN,NaN,2014
1530,NaN,NaN,NaN,2014
1531,NaN,NaN,NaN,2014
1532,NaN,NaN,NaN,2014
1533,NaN,NaN,NaN,2014
1534,NaN,NaN,NaN,2014
1535,NaN,NaN,NaN,2014
1536,NaN,NaN,NaN,2014
1537,NaN,NaN,NaN,2014
1538,NaN,NaN,NaN,2014
1539,NaN,NaN,NaN,2014
1540,NaN,NaN,NaN,2014
1541,NaN,NaN,NaN,2014
1542,NaN,NaN,NaN,2014
1543,NaN,NaN,NaN,2014
1544,NaN,NaN,NaN,2014
1545,NaN,NaN,NaN,2014
1546,NaN,NaN,NaN,2014
1547,NaN,NaN,NaN,2014
1548,NaN,NaN,NaN,2014
1549,0.02,NaN,NaN,2014
1550,0.009,NaN,NaN,2014
1551,0.0002,NaN,NaN,2014
1552,12.6,NaN,NaN,2014
1553,0.002,NaN,NaN,2014
1554,0.008,NaN,NaN,2014
1555,NaN,NaN,132,2013
1556,NaN,NaN,NaN,2013
1557,0.939,NaN,1056,2014
1558,0.211,NaN,NaN,2014
1559,0.81,NaN,2000,2007
1560,0.01,NaN,NaN,2008
1561,0.9,NaN,NaN,2008
1562,0.23,NaN,NaN,2009
1563,4.8,NaN,3600,2013
1564,0.0327,NaN,NaN,2011
1565,0.157,NaN,NaN,2010
1566,2.6,NaN,NaN,2010
1567,1.5,NaN,2300,2012
1568,11,NaN,2800,2012
1569,4.8,NaN,7720,2012
1570,11.6,NaN,7560,2013
1571,NaN,0.34,NaN,2014
1572,NaN,0.4,NaN,2014
1573,NaN,1.54,NaN,2014
1574,NaN,19.8,NaN,2007
1575,2.6,NaN,NaN,2004
1576,3.8,NaN,NaN,2005
1577,0.04,NaN,NaN,2006
1578,0.017,NaN,NaN,2005
1579,0.71,NaN,NaN,2008
1580,0.27,NaN,NaN,2008
1581,0.0694,NaN,NaN,2009
1582,0.53,NaN,2570,2012
1583,0.11,NaN,4080,2012
1584,0.68,NaN,4080,2012
1585,1.85,NaN,1760,2013
1586,2.73,NaN,4970,2013
1587,4.5,NaN,NaN,2008
1588,0.62,NaN,NaN,2004
1589,1.39,NaN,NaN,2002
1590,0.55,NaN,NaN,2004
1591,1.26,NaN,600,2004
1592,1.18,NaN,2500,2004
1593,1.01,NaN,NaN,2007
1594,1.03,NaN,NaN,2007
1595,21,NaN,NaN,2006
1596,2.31,NaN,1200,2013
1597,0.54,NaN,NaN,2012
1598,1.844,NaN,NaN,2012
1599,0.00007,NaN,NaN,1992
1600,0.013,NaN,NaN,1992
1601,0.012,NaN,NaN,1994
1602,2.5,NaN,NaN,2003
1603,1.2,NaN,1200,2011
1604,1.09,NaN,NaN,2010
1605,2.487,NaN,NaN,2011
1606,10.5,NaN,135,2013
1607,16,NaN,120,2013
1608,13,NaN,NaN,2010
1609,3.8,NaN,8500,2006
1610,9.7,NaN,8500,2006
1611,0.752,NaN,152.3,2004
1612,1.91,NaN,228,2007
1613,0.919,NaN,492,2007
1614,1.778,NaN,360,2011
1615,14,NaN,NaN,2008
1616,3.2,NaN,NaN,2007
1617,0.918,NaN,408,2007
1618,0.914,NaN,147,2007
1619,1.76,NaN,220,2007
1620,1.237,NaN,300,2007
1621,1.568,NaN,300,2008
1622,0.503,NaN,NaN,2009
1623,0.96,NaN,140,2008
1624,2.244,NaN,87,2010
1625,3.15,NaN,90,2008
1626,0.487,NaN,121.7,2008
1627,1.41,NaN,NaN,2008
1628,0.477,NaN,155,2009
1629,7.341,NaN,160,2008
1630,0.542,NaN,NaN,2009
1631,0.855,NaN,NaN,2009
1632,0.49,NaN,400,2009
1633,10.43,NaN,105.49,2009
1634,1.168,NaN,250,2009
1635,0.3,NaN,242,2010
1636,0.588,NaN,300,2010
1637,0.884,NaN,NaN,2010
1638,1.071,NaN,NaN,2010
1639,0.58,NaN,NaN,2010
1640,1.028,NaN,250,2010
1641,0.244,NaN,70,2010
1642,0.478,NaN,360,2010
1643,3.6,NaN,NaN,2010
1644,4.1,NaN,116.14,2010
1645,0.59,NaN,120,2010
1646,0.72,NaN,NaN,2011
1647,2.303,NaN,450,2011
1648,1.8,NaN,343,2010
1649,2.691,NaN,110,2010
1650,0.28,NaN,230,2011
1651,0.92,NaN,180,2010
1652,0.5,NaN,160,2012
1653,1.78,NaN,80,2011
1654,0.889,NaN,NaN,2011
1655,1.007,NaN,NaN,2011
1656,2.101,NaN,NaN,2011
1657,1.14,NaN,200,2012
1658,0.98,NaN,NaN,2011
1659,0.378,NaN,170,2012
1660,1.468,NaN,230,2011
1661,0.46,NaN,140,2012
1662,0.636,NaN,200,2012
1663,0.57,NaN,330,2012
1664,0.571,NaN,255,2012
1665,0.672,NaN,455,2012
1666,0.89,NaN,300,2012
1667,0.863,NaN,125,2012
1668,0.514,NaN,400,2012
1669,2.06,NaN,480,2012
1670,0.57,NaN,160,2012
1671,0.38,NaN,330,2012
1672,1.271,NaN,350,2012
1673,1.55,NaN,310,2013
1674,2.32,NaN,380,2012
1675,0.42,NaN,225,2012
1676,2.242,NaN,345,2012
1677,1.5461,NaN,340,2012
1678,1.07,NaN,260,2013
1679,1.76,NaN,93,2012
1680,0.89,NaN,550,2012
1681,0.9,NaN,240,2012
1682,0.554,NaN,60,2012
1683,1.49,NaN,470,2014
1684,7.5,NaN,19.2,2011
1685,4.01,NaN,3200,2012
1686,1.12,NaN,1000,2014
1687,22,NaN,10.1,2012
1688,0.92,NaN,172,2006
1689,0.565,NaN,148,2007
1690,11.79,NaN,174,2007
1691,1.78,NaN,293,2008
1692,1.059,NaN,260,2008
